{"v":"5.5.5","fr":5,"ip":0,"op":15,"w":310,"h":170,"nm":"stick-man","ddd":0,"assets":[],"layers":[{"ddd":0,"ind":1,"ty":4,"nm":"C | arm-left-front Outlines","hd":true,"sr":1,"ks":{"o":{"a":0,"k":100,"ix":11},"r":{"a":0,"k":0,"ix":10},"p":{"a":1,"k":[{"i":{"x":0.833,"y":0.833},"o":{"x":0.167,"y":0.167},"t":0,"s":[117.978,205.219,0],"to":[0.883,0.624,0],"ti":[8.562,20.948,0]},{"i":{"x":0.667,"y":1},"o":{"x":0.167,"y":0.167},"t":3,"s":[98.01,160.598,0],"to":[-5.396,-13.203,0],"ti":[0,0,0]},{"i":{"x":0.833,"y":0.833},"o":{"x":0.167,"y":0.167},"t":8,"s":[78.498,80.545,0],"to":[0,0,0],"ti":[0,0,0]},{"i":{"x":0.833,"y":0.833},"o":{"x":0.167,"y":0.167},"t":11,"s":[69.498,112.545,0],"to":[0,0,0],"ti":[0,0,0]},{"t":14,"s":[78.498,80.545,0]}],"ix":2},"a":{"a":0,"k":[0,0,0],"ix":1},"s":{"a":0,"k":[100,100,100],"ix":6}},"ao":0,"ef":[{"ty":5,"nm":"Controller","np":13,"mn":"Pseudo/DUIK controller","ix":1,"en":1,"ef":[{"ty":6,"nm":"Icon","mn":"Pseudo/DUIK controller-0001","ix":1,"v":0},{"ty":2,"nm":"Color","mn":"Pseudo/DUIK controller-0002","ix":2,"v":{"a":0,"k":[0.92549020052,0.0941176489,0.0941176489,1],"ix":2}},{"ty":3,"nm":"Position","mn":"Pseudo/DUIK controller-0003","ix":3,"v":{"a":0,"k":[0,0],"ix":3}},{"ty":0,"nm":"Size","mn":"Pseudo/DUIK controller-0004","ix":4,"v":{"a":0,"k":16,"ix":4}},{"ty":0,"nm":"Orientation","mn":"Pseudo/DUIK controller-0005","ix":5,"v":{"a":0,"k":0,"ix":5}},{"ty":0,"nm":"Opacity","mn":"Pseudo/DUIK controller-0006","ix":6,"v":{"a":0,"k":100,"ix":6}},{"ty":6,"nm":"","mn":"Pseudo/DUIK controller-0007","ix":7,"v":0},{"ty":6,"nm":"Anchor","mn":"Pseudo/DUIK controller-0008","ix":8,"v":0},{"ty":2,"nm":"Color","mn":"Pseudo/DUIK controller-0009","ix":9,"v":{"a":0,"k":[0,0,0,1],"ix":9}},{"ty":0,"nm":"Size","mn":"Pseudo/DUIK controller-0010","ix":10,"v":{"a":0,"k":16,"ix":10}},{"ty":6,"nm":"","mn":"Pseudo/DUIK controller-0011","ix":11,"v":0}]},{"ty":5,"nm":"IK | arm-left-front Outlines","np":50,"mn":"Pseudo/DUIK 2layer ik","ix":2,"en":1,"ef":[{"ty":7,"nm":"IK","mn":"Pseudo/DUIK 2layer ik-0001","ix":1,"v":{"a":0,"k":1,"ix":1}},{"ty":7,"nm":"Reverse","mn":"Pseudo/DUIK 2layer ik-0002","ix":2,"v":{"a":0,"k":1,"ix":2}},{"ty":6,"nm":"FK","mn":"Pseudo/DUIK 2layer ik-0003","ix":3,"v":0},{"ty":7,"nm":"Follow through & Overlap","mn":"Pseudo/DUIK 2layer ik-0004","ix":4,"v":{"a":0,"k":0,"ix":4}},{"ty":6,"nm":"Follow through & Overlap","mn":"Pseudo/DUIK 2layer ik-0005","ix":5,"v":0},{"ty":0,"nm":"FK","mn":"Pseudo/DUIK 2layer ik-0006","ix":6,"v":{"a":0,"k":0,"ix":6}},{"ty":0,"nm":"Flexibility","mn":"Pseudo/DUIK 2layer ik-0007","ix":7,"v":{"a":0,"k":100,"ix":7}},{"ty":0,"nm":"Resistance","mn":"Pseudo/DUIK 2layer ik-0008","ix":8,"v":{"a":0,"k":10,"ix":8}},{"ty":6,"nm":"","mn":"Pseudo/DUIK 2layer ik-0009","ix":9,"v":0},{"ty":6,"nm":"Individual controls","mn":"Pseudo/DUIK 2layer ik-0010","ix":10,"v":0},{"ty":0,"nm":"Upper","mn":"Pseudo/DUIK 2layer ik-0011","ix":11,"v":{"a":0,"k":0,"ix":11}},{"ty":0,"nm":"Lower","mn":"Pseudo/DUIK 2layer ik-0012","ix":12,"v":{"a":0,"k":0,"ix":12}},{"ty":0,"nm":"Goal","mn":"Pseudo/DUIK 2layer ik-0013","ix":13,"v":{"a":0,"k":0,"ix":13}},{"ty":6,"nm":"","mn":"Pseudo/DUIK 2layer ik-0014","ix":14,"v":0},{"ty":7,"nm":"Parent rotation","mn":"Pseudo/DUIK 2layer ik-0015","ix":15,"v":{"a":0,"k":1,"ix":15}},{"ty":6,"nm":"","mn":"Pseudo/DUIK 2layer ik-0016","ix":16,"v":0},{"ty":6,"nm":"Stretch","mn":"Pseudo/DUIK 2layer ik-0017","ix":17,"v":0},{"ty":7,"nm":"Auto-Stretch","mn":"Pseudo/DUIK 2layer ik-0018","ix":18,"v":{"a":0,"k":1,"ix":18}},{"ty":0,"nm":"Stretch","mn":"Pseudo/DUIK 2layer ik-0019","ix":19,"v":{"a":0,"k":0,"ix":19}},{"ty":0,"nm":"Auto-Shrink","mn":"Pseudo/DUIK 2layer ik-0020","ix":20,"v":{"a":0,"k":0,"ix":20}},{"ty":6,"nm":"","mn":"Pseudo/DUIK 2layer ik-0021","ix":21,"v":0},{"ty":6,"nm":"Advanced","mn":"Pseudo/DUIK 2layer ik-0022","ix":22,"v":0},{"ty":0,"nm":"Full rotation limit","mn":"Pseudo/DUIK 2layer ik-0023","ix":23,"v":{"a":0,"k":-180,"ix":23}},{"ty":6,"nm":"","mn":"Pseudo/DUIK 2layer ik-0024","ix":24,"v":0},{"ty":6,"nm":"Data","mn":"Pseudo/DUIK 2layer ik-0025","ix":25,"v":0},{"ty":6,"nm":"Layers","mn":"Pseudo/DUIK 2layer ik-0026","ix":26,"v":0},{"ty":10,"nm":"Upper","mn":"Pseudo/DUIK 2layer ik-0027","ix":27,"v":{"a":0,"k":8,"ix":27}},{"ty":10,"nm":"Lower","mn":"Pseudo/DUIK 2layer ik-0028","ix":28,"v":{"a":0,"k":4,"ix":28}},{"ty":10,"nm":"Goal","mn":"Pseudo/DUIK 2layer ik-0029","ix":29,"v":{"a":0,"k":0,"ix":29}},{"ty":6,"nm":"","mn":"Pseudo/DUIK 2layer ik-0030","ix":30,"v":0},{"ty":6,"nm":"Stretch data","mn":"Pseudo/DUIK 2layer ik-0031","ix":31,"v":0},{"ty":0,"nm":"Upper stretch","mn":"Pseudo/DUIK 2layer ik-0032","ix":32,"v":{"a":0,"k":0,"ix":32,"x":"var $bm_rt;\nvar newLength;\nvar fx = effect('IK | arm-left-front Outlines');\nvar layer1 = null;\nvar layer2 = null;\nvar result = 0;\ntry {\n    layer1 = fx(27);\n    layer2 = fx(28);\n} catch (e) {\n}\nif (layer1 != null) {\n    newLength = length(layer1.toWorld(layer1.anchorPoint), layer2.toWorld(layer2.anchorPoint));\n    result = $bm_sub(newLength, fx(40).value);\n}\n$bm_rt = result;"}},{"ty":0,"nm":"Upper scale","mn":"Pseudo/DUIK 2layer ik-0033","ix":33,"v":{"a":0,"k":100,"ix":33,"x":"var $bm_rt;\nvar fx = effect('IK | arm-left-front Outlines');\nif (fx(40).value > 0)\n    $bm_rt = $bm_mul($bm_div($bm_sum(fx(32).value, fx(40).value), fx(40).value), 100);\nelse\n    $bm_rt = 100;"}},{"ty":0,"nm":"Lower stretch","mn":"Pseudo/DUIK 2layer ik-0034","ix":34,"v":{"a":0,"k":0,"ix":34,"x":"var $bm_rt;\nvar newLength;\nvar fx = effect('IK | arm-left-front Outlines');\nvar layer2 = null;\nvar result = 0;\ntry {\n    layer2 = fx(28);\n} catch (e) {\n}\nif (layer2 != null) {\n    newLength = length(layer2.toWorld(fx(36).value), layer2.toWorld(layer2.anchorPoint));\n    result = $bm_sub(newLength, fx(41).value);\n}\n$bm_rt = result;"}},{"ty":0,"nm":"Lower scale","mn":"Pseudo/DUIK 2layer ik-0035","ix":35,"v":{"a":0,"k":100,"ix":35,"x":"var $bm_rt;\nvar fx = effect('IK | arm-left-front Outlines');\nif (fx(41).value > 0)\n    $bm_rt = $bm_mul($bm_div($bm_sum(fx(34).value, fx(41).value), fx(41).value), 100);\nelse\n    $bm_rt = 100;"}},{"ty":3,"nm":"Goal position","mn":"Pseudo/DUIK 2layer ik-0036","ix":36,"v":{"a":0,"k":[1.022,0.665],"ix":36,"x":"var $bm_rt;\nvar fx, layer1, layer1, stretch, auto, IK, shrinkVal, dist1, dist2, IKLength, IKStretched, boneStretch, proportion, posC, posR, distC, shrinkMax, shrink, shrink, boneStretch, boneStretch, boneStretch, coef, coef, coef, coef;\nvar result = value;\nfx = effect('IK | arm-left-front Outlines');\nlayer1 = null;\ntry {\n    layer1 = fx(27);\n} catch (e) {\n}\nif (layer1 != null) {\n    stretch = fx(19);\n    auto = fx(18).value;\n    IK = fx(1).value;\n    shrinkVal = $bm_div(fx(20).value, 100);\n    function getWorldPos(L) {\n        return L.toWorld(L.anchorPoint);\n    }\n    dist1 = fx(40).value;\n    dist2 = fx(41).value;\n    IKLength = $bm_sum(dist1, dist2);\n    IKStretched = $bm_sum(IKLength, stretch);\n    boneStretch = 0;\n    proportion = $bm_div(dist2, IKLength);\n    posC = toWorld($bm_transform.anchorPoint);\n    posR = getWorldPos(layer1);\n    distC = length(posC, posR);\n    shrinkMax = $bm_mul(IKLength, shrinkVal);\n    shrink = 0;\n    if (distC < IKStretched && IK)\n        shrink = $bm_sub(1, $bm_div(distC, IKStretched));\n    boneStretch = $bm_sub(boneStretch, $bm_mul(easeOut(shrink, 0, shrinkMax), proportion));\n    if (distC > IKStretched && auto && IK)\n        boneStretch = $bm_sum(boneStretch, $bm_mul($bm_sub(distC, IKLength), proportion));\n    else\n        boneStretch = $bm_sum(boneStretch, $bm_mul(stretch, proportion));\n    coef = 1;\n    dist2 != 0 ? coef = $bm_div($bm_sum(dist2, boneStretch), dist2) : coef = 1;\n    result = $bm_sum($bm_mul($bm_sub([\n        0.80100250244141,\n        1.01300048828125\n    ], [\n        42.9260025024414,\n        30.0130004882812,\n        0\n    ]), coef), [\n        42.9260025024414,\n        30.0130004882812,\n        0\n    ]);\n}\n$bm_rt = result;"}},{"ty":3,"nm":"Goal world position","mn":"Pseudo/DUIK 2layer ik-0037","ix":37,"v":{"a":0,"k":[155,85],"ix":37,"x":"var $bm_rt;\nvar fx = effect('IK | arm-left-front Outlines');\nvar layer2 = null;\nvar result = [\n        0,\n        0\n    ];\ntry {\n    layer2 = fx(28);\n} catch (e) {\n}\nif (layer2 != null) {\n    result = layer2.toWorld(fx(36).value);\n}\n$bm_rt = result;"}},{"ty":6,"nm":"","mn":"Pseudo/DUIK 2layer ik-0038","ix":38,"v":0},{"ty":6,"nm":"Lengths","mn":"Pseudo/DUIK 2layer ik-0039","ix":39,"v":0},{"ty":0,"nm":"Upper length","mn":"Pseudo/DUIK 2layer ik-0040","ix":40,"v":{"a":0,"k":47.17,"ix":40}},{"ty":0,"nm":"Lower length","mn":"Pseudo/DUIK 2layer ik-0041","ix":41,"v":{"a":0,"k":51.142,"ix":41}},{"ty":0,"nm":"IK length","mn":"Pseudo/DUIK 2layer ik-0042","ix":42,"v":{"a":0,"k":0,"ix":42,"x":"var $bm_rt;\nvar fx = effect('IK | arm-left-front Outlines');\nvar result = $bm_sum(fx(40).value, fx(41).value);\nvar goalPos = fx(37).value;\nvar layer1 = null;\ntry {\n    layer1 = fx(27);\n} catch (e) {\n}\nif (layer1 != null) {\n    result = length(layer1.toWorld(layer1.anchorPoint), goalPos);\n}\n$bm_rt = result;"}},{"ty":6,"nm":"","mn":"Pseudo/DUIK 2layer ik-0043","ix":43,"v":0},{"ty":7,"nm":"Straight","mn":"Pseudo/DUIK 2layer ik-0044","ix":44,"v":{"a":0,"k":0,"ix":44,"x":"var $bm_rt;\nvar fx;\nfx = effect('IK | arm-left-front Outlines');\nvar layer1 = null;\nvar layer2 = null;\nvar result = false;\ntry {\n    layer1 = fx(27);\n    layer2 = fx(28);\n} catch (e) {\n}\nif (layer1 != null) {\n    var a = layer1.toWorld(layer1.anchorPoint);\n    var b = layer2.toWorld(layer2.anchorPoint);\n    var c = layer2.toWorld(fx(36).value);\n    result = Math.abs(a[0] * (b[1] - c[1]) + b[0] * (c[1] - a[1]) + c[0] * (a[1] - b[1])) < 1000;\n}\n$bm_rt = result;"}},{"ty":6,"nm":"","mn":"Pseudo/DUIK 2layer ik-0045","ix":45,"v":0},{"ty":6,"nm":"Display","mn":"Pseudo/DUIK 2layer ik-0046","ix":46,"v":0},{"ty":7,"nm":"Draw guides","mn":"Pseudo/DUIK 2layer ik-0047","ix":47,"v":{"a":0,"k":1,"ix":47}},{"ty":6,"nm":"","mn":"Pseudo/DUIK 2layer ik-0048","ix":48,"v":0}]}],"shapes":[{"ty":"gr","it":[{"d":1,"ty":"el","s":{"a":0,"k":[2,2],"ix":2},"p":{"a":0,"k":[0,0],"ix":3},"nm":"Ellipse Path 1","mn":"ADBE Vector Shape - Ellipse","hd":false},{"d":1,"ty":"el","s":{"a":0,"k":[10,10],"ix":2},"p":{"a":0,"k":[0,0],"ix":3},"nm":"Ellipse Path 2","mn":"ADBE Vector Shape - Ellipse","hd":false},{"ty":"sr","sy":1,"d":1,"pt":{"a":0,"k":4,"ix":3},"p":{"a":0,"k":[0,0],"ix":4},"r":{"a":0,"k":0,"ix":5},"ir":{"a":0,"k":0,"ix":6},"is":{"a":0,"k":0,"ix":8},"or":{"a":0,"k":10,"ix":7},"os":{"a":0,"k":0,"ix":9},"ix":3,"nm":"Polystar Path 1","mn":"ADBE Vector Shape - Star","hd":false},{"ty":"st","c":{"a":0,"k":[1,1,1,1],"ix":3,"x":"var $bm_rt;\n$bm_rt = effect('Controller')(9);"},"o":{"a":0,"k":100,"ix":4},"w":{"a":0,"k":2,"ix":5,"x":"var $bm_rt;\nvar s = content('Anchor').transform.scale[0];\nif (s == 0)\n    $bm_rt = 0;\nelse\n    $bm_rt = $bm_div(100, s);"},"lc":2,"lj":1,"ml":4,"bm":0,"nm":"Stroke 1","mn":"ADBE Vector Graphic - Stroke","hd":false},{"ty":"tr","p":{"a":0,"k":[0,0],"ix":2},"a":{"a":0,"k":[0,0],"ix":1},"s":{"a":0,"k":[100,100],"ix":3,"x":"var $bm_rt;\n$bm_rt = [\n    effect('Controller')(10),\n    effect('Controller')(10)\n];"},"r":{"a":0,"k":0,"ix":6},"o":{"a":0,"k":100,"ix":7},"sk":{"a":0,"k":0,"ix":4},"sa":{"a":0,"k":0,"ix":5},"nm":"Transform"}],"nm":"Anchor","np":4,"cix":2,"bm":0,"ix":1,"mn":"ADBE Vector Group","hd":false},{"ty":"gr","it":[{"ind":0,"ty":"sh","ix":1,"ks":{"a":0,"k":{"i":[[0,0],[-6.215,0],[0,6.215],[6.215,0],[0,0]],"o":[[0,6.215],[6.215,0],[0,-6.216],[0,0],[0,0]],"v":[[-11.067,0.048],[0.187,11.302],[11.442,0.048],[0.187,-11.206],[6.94,-17.115]],"c":false},"ix":2},"nm":"Path 1","mn":"ADBE Vector Shape - Group","hd":false},{"ind":1,"ty":"sh","ix":2,"ks":{"a":0,"k":{"i":[[0,0],[0,0]],"o":[[0,0],[0,0]],"v":[[0.062,-7.546],[0.062,7.546]],"c":false},"ix":2},"nm":"Path 2","mn":"ADBE Vector Shape - Group","hd":false},{"ind":2,"ty":"sh","ix":3,"ks":{"a":0,"k":{"i":[[0,0],[0,0]],"o":[[0,0],[0,0]],"v":[[7.546,0],[-7.546,0]],"c":false},"ix":2},"nm":"Path 3","mn":"ADBE Vector Shape - Group","hd":false},{"ty":"st","c":{"a":0,"k":[1,1,1,1],"ix":3,"x":"var $bm_rt;\n$bm_rt = effect('Controller')(2);"},"o":{"a":0,"k":100,"ix":4},"w":{"a":0,"k":1.5,"ix":5},"lc":2,"lj":1,"ml":4,"bm":0,"nm":"Stroke 1","mn":"ADBE Vector Graphic - Stroke","hd":false},{"ty":"tr","p":{"a":0,"k":[0,0],"ix":2,"x":"var $bm_rt;\n$bm_rt = effect('Controller')(3);"},"a":{"a":0,"k":[0,0],"ix":1},"s":{"a":0,"k":[100,100],"ix":3,"x":"var $bm_rt;\n$bm_rt = [\n    effect('Controller')(4) * 2,\n    effect('Controller')(4) * 2\n];"},"r":{"a":0,"k":0,"ix":6,"x":"var $bm_rt;\n$bm_rt = effect('Controller')(5);"},"o":{"a":0,"k":100,"ix":7,"x":"var $bm_rt;\n$bm_rt = effect('Controller')(6);"},"sk":{"a":0,"k":0,"ix":4},"sa":{"a":0,"k":0,"ix":5},"nm":"Transform"}],"nm":"Icon","np":4,"cix":2,"bm":0,"ix":2,"mn":"ADBE Vector Group","hd":false},{"ty":"gr","it":[{"ind":0,"ty":"sh","ix":1,"ks":{"a":0,"k":{"i":[[0,0],[0,0]],"o":[[0,0],[0,0]],"v":[[-8,16],[8,16]],"c":false},"ix":2},"nm":"Path 1","mn":"ADBE Vector Shape - Group","hd":false},{"ty":"st","c":{"a":0,"k":[1,1,1,1],"ix":3,"x":"var $bm_rt;\n$bm_rt = $bm_sub(effect('Controller')(2), [\n    0.2,\n    0.2,\n    0.2,\n    0\n]);"},"o":{"a":0,"k":100,"ix":4,"x":"var $bm_rt;\nvar fx = effect('IK | arm-left-front Outlines');\nif (fx(47).value)\n    $bm_rt = $bm_mul(fx(44).value, 100);\nelse\n    $bm_rt = 0;"},"w":{"a":0,"k":2,"ix":5},"lc":2,"lj":1,"ml":4,"bm":0,"nm":"Stroke 1","mn":"ADBE Vector Graphic - Stroke","hd":false},{"ty":"tr","p":{"a":0,"k":[0,0],"ix":2,"x":"var $bm_rt;\n$bm_rt = effect('Controller')(3);"},"a":{"a":0,"k":[0,0],"ix":1},"s":{"a":0,"k":[100,100],"ix":3,"x":"var $bm_rt;\n$bm_rt = [\n    effect('Controller')(4) * 2,\n    effect('Controller')(4) * 2\n];"},"r":{"a":0,"k":0,"ix":6},"o":{"a":0,"k":100,"ix":7,"x":"var $bm_rt;\n$bm_rt = effect('Controller')(6);"},"sk":{"a":0,"k":0,"ix":4},"sa":{"a":0,"k":0,"ix":5},"nm":"Transform"}],"nm":"IK","np":2,"cix":2,"bm":0,"ix":3,"mn":"ADBE Vector Group","hd":false},{"ty":"gr","it":[{"ind":0,"ty":"sh","ix":1,"ks":{"a":0,"k":{"i":[],"o":[],"v":[],"c":false},"ix":2,"x":"var $bm_rt;\nif (active) {\n    var fx = effect('IK | arm-left-front Outlines');\n    var layer1 = null;\n    var result = [[\n                0,\n                0\n            ]];\n    if (fx(1).value && fx(47).value) {\n        try {\n            layer1 = fx(27);\n        } catch (e) {\n        }\n        if (layer1 != null) {\n            var l = layer1.toWorld(layer1.anchorPoint);\n            l = fromWorld(l);\n            result = [\n                l,\n                [\n                    0,\n                    0\n                ]\n            ];\n        }\n    }\n    $bm_rt = createPath(result, [], [], false);\n} else\n    $bm_rt = value;"},"nm":"Path 1","mn":"ADBE Vector Shape - Group","hd":false},{"ty":"st","c":{"a":0,"k":[1,1,1,1],"ix":3,"x":"var $bm_rt;\n$bm_rt = $bm_sub(effect('Controller')(2), [\n    0.2,\n    0.2,\n    0.2,\n    0\n]);"},"o":{"a":0,"k":100,"ix":4},"w":{"a":0,"k":2,"ix":5},"lc":2,"lj":1,"ml":4,"bm":0,"d":[{"n":"d","nm":"dash","v":{"a":0,"k":5,"ix":1}}],"nm":"Stroke 1","mn":"ADBE Vector Graphic - Stroke","hd":false},{"ty":"tr","p":{"a":0,"k":[0,0],"ix":2},"a":{"a":0,"k":[0,0],"ix":1},"s":{"a":0,"k":[100,100],"ix":3},"r":{"a":0,"k":0,"ix":6},"o":{"a":0,"k":100,"ix":7},"sk":{"a":0,"k":0,"ix":4},"sa":{"a":0,"k":0,"ix":5},"nm":"Transform"}],"nm":"IK Line","np":2,"cix":2,"bm":0,"ix":4,"mn":"ADBE Vector Group","hd":false}],"ip":0,"op":15,"st":0,"bm":0},{"ddd":0,"ind":2,"ty":4,"nm":"C | arm-right-front Outlines","hd":true,"sr":1,"ks":{"o":{"a":0,"k":100,"ix":11},"r":{"a":0,"k":89.953,"ix":10},"p":{"a":1,"k":[{"i":{"x":0.833,"y":0.833},"o":{"x":0.167,"y":0.167},"t":0,"s":[222.879,238.61,0],"to":[1.34,0.893,0],"ti":[-0.5,24.333,0]},{"i":{"x":0.833,"y":0.833},"o":{"x":0.167,"y":0.167},"t":2,"s":[225.391,165.945,0],"to":[0.5,-24.333,0],"ti":[0,0,0]},{"i":{"x":0.833,"y":0.833},"o":{"x":0.167,"y":0.167},"t":6,"s":[230.879,71.61,0],"to":[0,0,0],"ti":[0,0,0]},{"i":{"x":0.833,"y":0.833},"o":{"x":0.167,"y":0.167},"t":11,"s":[228.879,75.61,0],"to":[0,0,0],"ti":[0,0,0]},{"t":14,"s":[230.879,71.61,0]}],"ix":2},"a":{"a":0,"k":[0,0,0],"ix":1},"s":{"a":0,"k":[100,100,100],"ix":6}},"ao":0,"ef":[{"ty":5,"nm":"Controller","np":13,"mn":"Pseudo/DUIK controller","ix":1,"en":1,"ef":[{"ty":6,"nm":"Icon","mn":"Pseudo/DUIK controller-0001","ix":1,"v":0},{"ty":2,"nm":"Color","mn":"Pseudo/DUIK controller-0002","ix":2,"v":{"a":0,"k":[0.92549020052,0.0941176489,0.0941176489,1],"ix":2}},{"ty":3,"nm":"Position","mn":"Pseudo/DUIK controller-0003","ix":3,"v":{"a":0,"k":[0,0],"ix":3}},{"ty":0,"nm":"Size","mn":"Pseudo/DUIK controller-0004","ix":4,"v":{"a":0,"k":16,"ix":4}},{"ty":0,"nm":"Orientation","mn":"Pseudo/DUIK controller-0005","ix":5,"v":{"a":0,"k":0,"ix":5}},{"ty":0,"nm":"Opacity","mn":"Pseudo/DUIK controller-0006","ix":6,"v":{"a":0,"k":100,"ix":6}},{"ty":6,"nm":"","mn":"Pseudo/DUIK controller-0007","ix":7,"v":0},{"ty":6,"nm":"Anchor","mn":"Pseudo/DUIK controller-0008","ix":8,"v":0},{"ty":2,"nm":"Color","mn":"Pseudo/DUIK controller-0009","ix":9,"v":{"a":0,"k":[0,0,0,1],"ix":9}},{"ty":0,"nm":"Size","mn":"Pseudo/DUIK controller-0010","ix":10,"v":{"a":0,"k":16,"ix":10}},{"ty":6,"nm":"","mn":"Pseudo/DUIK controller-0011","ix":11,"v":0}]},{"ty":5,"nm":"IK | arm-right-front Outlines","np":50,"mn":"Pseudo/DUIK 2layer ik","ix":2,"en":1,"ef":[{"ty":7,"nm":"IK","mn":"Pseudo/DUIK 2layer ik-0001","ix":1,"v":{"a":0,"k":1,"ix":1}},{"ty":7,"nm":"Reverse","mn":"Pseudo/DUIK 2layer ik-0002","ix":2,"v":{"a":0,"k":0,"ix":2}},{"ty":6,"nm":"FK","mn":"Pseudo/DUIK 2layer ik-0003","ix":3,"v":0},{"ty":7,"nm":"Follow through & Overlap","mn":"Pseudo/DUIK 2layer ik-0004","ix":4,"v":{"a":0,"k":0,"ix":4}},{"ty":6,"nm":"Follow through & Overlap","mn":"Pseudo/DUIK 2layer ik-0005","ix":5,"v":0},{"ty":0,"nm":"FK","mn":"Pseudo/DUIK 2layer ik-0006","ix":6,"v":{"a":0,"k":0,"ix":6}},{"ty":0,"nm":"Flexibility","mn":"Pseudo/DUIK 2layer ik-0007","ix":7,"v":{"a":0,"k":100,"ix":7}},{"ty":0,"nm":"Resistance","mn":"Pseudo/DUIK 2layer ik-0008","ix":8,"v":{"a":0,"k":10,"ix":8}},{"ty":6,"nm":"","mn":"Pseudo/DUIK 2layer ik-0009","ix":9,"v":0},{"ty":6,"nm":"Individual controls","mn":"Pseudo/DUIK 2layer ik-0010","ix":10,"v":0},{"ty":0,"nm":"Upper","mn":"Pseudo/DUIK 2layer ik-0011","ix":11,"v":{"a":0,"k":0,"ix":11}},{"ty":0,"nm":"Lower","mn":"Pseudo/DUIK 2layer ik-0012","ix":12,"v":{"a":0,"k":0,"ix":12}},{"ty":0,"nm":"Goal","mn":"Pseudo/DUIK 2layer ik-0013","ix":13,"v":{"a":0,"k":0,"ix":13}},{"ty":6,"nm":"","mn":"Pseudo/DUIK 2layer ik-0014","ix":14,"v":0},{"ty":7,"nm":"Parent rotation","mn":"Pseudo/DUIK 2layer ik-0015","ix":15,"v":{"a":0,"k":1,"ix":15}},{"ty":6,"nm":"","mn":"Pseudo/DUIK 2layer ik-0016","ix":16,"v":0},{"ty":6,"nm":"Stretch","mn":"Pseudo/DUIK 2layer ik-0017","ix":17,"v":0},{"ty":7,"nm":"Auto-Stretch","mn":"Pseudo/DUIK 2layer ik-0018","ix":18,"v":{"a":0,"k":1,"ix":18}},{"ty":0,"nm":"Stretch","mn":"Pseudo/DUIK 2layer ik-0019","ix":19,"v":{"a":0,"k":0,"ix":19}},{"ty":0,"nm":"Auto-Shrink","mn":"Pseudo/DUIK 2layer ik-0020","ix":20,"v":{"a":0,"k":0,"ix":20}},{"ty":6,"nm":"","mn":"Pseudo/DUIK 2layer ik-0021","ix":21,"v":0},{"ty":6,"nm":"Advanced","mn":"Pseudo/DUIK 2layer ik-0022","ix":22,"v":0},{"ty":0,"nm":"Full rotation limit","mn":"Pseudo/DUIK 2layer ik-0023","ix":23,"v":{"a":0,"k":-180,"ix":23}},{"ty":6,"nm":"","mn":"Pseudo/DUIK 2layer ik-0024","ix":24,"v":0},{"ty":6,"nm":"Data","mn":"Pseudo/DUIK 2layer ik-0025","ix":25,"v":0},{"ty":6,"nm":"Layers","mn":"Pseudo/DUIK 2layer ik-0026","ix":26,"v":0},{"ty":10,"nm":"Upper","mn":"Pseudo/DUIK 2layer ik-0027","ix":27,"v":{"a":0,"k":5,"ix":27}},{"ty":10,"nm":"Lower","mn":"Pseudo/DUIK 2layer ik-0028","ix":28,"v":{"a":0,"k":6,"ix":28}},{"ty":10,"nm":"Goal","mn":"Pseudo/DUIK 2layer ik-0029","ix":29,"v":{"a":0,"k":0,"ix":29}},{"ty":6,"nm":"","mn":"Pseudo/DUIK 2layer ik-0030","ix":30,"v":0},{"ty":6,"nm":"Stretch data","mn":"Pseudo/DUIK 2layer ik-0031","ix":31,"v":0},{"ty":0,"nm":"Upper stretch","mn":"Pseudo/DUIK 2layer ik-0032","ix":32,"v":{"a":0,"k":0,"ix":32,"x":"var $bm_rt;\nvar newLength;\nvar fx = effect('IK | arm-right-front Outlines');\nvar layer1 = null;\nvar layer2 = null;\nvar result = 0;\ntry {\n    layer1 = fx(27);\n    layer2 = fx(28);\n} catch (e) {\n}\nif (layer1 != null) {\n    newLength = length(layer1.toWorld(layer1.anchorPoint), layer2.toWorld(layer2.anchorPoint));\n    result = $bm_sub(newLength, fx(40).value);\n}\n$bm_rt = result;"}},{"ty":0,"nm":"Upper scale","mn":"Pseudo/DUIK 2layer ik-0033","ix":33,"v":{"a":0,"k":100,"ix":33,"x":"var $bm_rt;\nvar fx = effect('IK | arm-right-front Outlines');\nif (fx(40).value > 0)\n    $bm_rt = $bm_mul($bm_div($bm_sum(fx(32).value, fx(40).value), fx(40).value), 100);\nelse\n    $bm_rt = 100;"}},{"ty":0,"nm":"Lower stretch","mn":"Pseudo/DUIK 2layer ik-0034","ix":34,"v":{"a":0,"k":0,"ix":34,"x":"var $bm_rt;\nvar newLength;\nvar fx = effect('IK | arm-right-front Outlines');\nvar layer2 = null;\nvar result = 0;\ntry {\n    layer2 = fx(28);\n} catch (e) {\n}\nif (layer2 != null) {\n    newLength = length(layer2.toWorld(fx(36).value), layer2.toWorld(layer2.anchorPoint));\n    result = $bm_sub(newLength, fx(41).value);\n}\n$bm_rt = result;"}},{"ty":0,"nm":"Lower scale","mn":"Pseudo/DUIK 2layer ik-0035","ix":35,"v":{"a":0,"k":100,"ix":35,"x":"var $bm_rt;\nvar fx = effect('IK | arm-right-front Outlines');\nif (fx(41).value > 0)\n    $bm_rt = $bm_mul($bm_div($bm_sum(fx(34).value, fx(41).value), fx(41).value), 100);\nelse\n    $bm_rt = 100;"}},{"ty":3,"nm":"Goal position","mn":"Pseudo/DUIK 2layer ik-0036","ix":36,"v":{"a":0,"k":[37.4,0.759],"ix":36,"x":"var $bm_rt;\nvar fx, layer1, layer1, stretch, auto, IK, shrinkVal, dist1, dist2, IKLength, IKStretched, boneStretch, proportion, posC, posR, distC, shrinkMax, shrink, shrink, boneStretch, boneStretch, boneStretch, coef, coef, coef, coef;\nvar result = value;\nfx = effect('IK | arm-right-front Outlines');\nlayer1 = null;\ntry {\n    layer1 = fx(27);\n} catch (e) {\n}\nif (layer1 != null) {\n    stretch = fx(19);\n    auto = fx(18).value;\n    IK = fx(1).value;\n    shrinkVal = $bm_div(fx(20).value, 100);\n    function getWorldPos(L) {\n        return L.toWorld(L.anchorPoint);\n    }\n    dist1 = fx(40).value;\n    dist2 = fx(41).value;\n    IKLength = $bm_sum(dist1, dist2);\n    IKStretched = $bm_sum(IKLength, stretch);\n    boneStretch = 0;\n    proportion = $bm_div(dist2, IKLength);\n    posC = toWorld($bm_transform.anchorPoint);\n    posR = getWorldPos(layer1);\n    distC = length(posC, posR);\n    shrinkMax = $bm_mul(IKLength, shrinkVal);\n    shrink = 0;\n    if (distC < IKStretched && IK)\n        shrink = $bm_sub(1, $bm_div(distC, IKStretched));\n    boneStretch = $bm_sub(boneStretch, $bm_mul(easeOut(shrink, 0, shrinkMax), proportion));\n    if (distC > IKStretched && auto && IK)\n        boneStretch = $bm_sum(boneStretch, $bm_mul($bm_sub(distC, IKLength), proportion));\n    else\n        boneStretch = $bm_sum(boneStretch, $bm_mul(stretch, proportion));\n    coef = 1;\n    dist2 != 0 ? coef = $bm_div($bm_sum(dist2, boneStretch), dist2) : coef = 1;\n    result = $bm_sum($bm_mul($bm_sub([\n        29.3170013427734,\n        1.15699768066406\n    ], [\n        3.56700134277344,\n        44.5319976806641,\n        0\n    ]), coef), [\n        3.56700134277344,\n        44.5319976806641,\n        0\n    ]);\n}\n$bm_rt = result;"}},{"ty":3,"nm":"Goal world position","mn":"Pseudo/DUIK 2layer ik-0037","ix":37,"v":{"a":0,"k":[195.823,46.274],"ix":37,"x":"var $bm_rt;\nvar fx = effect('IK | arm-right-front Outlines');\nvar layer2 = null;\nvar result = [\n        0,\n        0\n    ];\ntry {\n    layer2 = fx(28);\n} catch (e) {\n}\nif (layer2 != null) {\n    result = layer2.toWorld(fx(36).value);\n}\n$bm_rt = result;"}},{"ty":6,"nm":"","mn":"Pseudo/DUIK 2layer ik-0038","ix":38,"v":0},{"ty":6,"nm":"Lengths","mn":"Pseudo/DUIK 2layer ik-0039","ix":39,"v":0},{"ty":0,"nm":"Upper length","mn":"Pseudo/DUIK 2layer ik-0040","ix":40,"v":{"a":0,"k":47.492,"ix":40}},{"ty":0,"nm":"Lower length","mn":"Pseudo/DUIK 2layer ik-0041","ix":41,"v":{"a":0,"k":50.443,"ix":41}},{"ty":0,"nm":"IK length","mn":"Pseudo/DUIK 2layer ik-0042","ix":42,"v":{"a":0,"k":0,"ix":42,"x":"var $bm_rt;\nvar fx = effect('IK | arm-right-front Outlines');\nvar result = $bm_sum(fx(40).value, fx(41).value);\nvar goalPos = fx(37).value;\nvar layer1 = null;\ntry {\n    layer1 = fx(27);\n} catch (e) {\n}\nif (layer1 != null) {\n    result = length(layer1.toWorld(layer1.anchorPoint), goalPos);\n}\n$bm_rt = result;"}},{"ty":6,"nm":"","mn":"Pseudo/DUIK 2layer ik-0043","ix":43,"v":0},{"ty":7,"nm":"Straight","mn":"Pseudo/DUIK 2layer ik-0044","ix":44,"v":{"a":0,"k":0,"ix":44,"x":"var $bm_rt;\nvar fx;\nfx = effect('IK | arm-right-front Outlines');\nvar layer1 = null;\nvar layer2 = null;\nvar result = false;\ntry {\n    layer1 = fx(27);\n    layer2 = fx(28);\n} catch (e) {\n}\nif (layer1 != null) {\n    var a = layer1.toWorld(layer1.anchorPoint);\n    var b = layer2.toWorld(layer2.anchorPoint);\n    var c = layer2.toWorld(fx(36).value);\n    result = Math.abs(a[0] * (b[1] - c[1]) + b[0] * (c[1] - a[1]) + c[0] * (a[1] - b[1])) < 1000;\n}\n$bm_rt = result;"}},{"ty":6,"nm":"","mn":"Pseudo/DUIK 2layer ik-0045","ix":45,"v":0},{"ty":6,"nm":"Display","mn":"Pseudo/DUIK 2layer ik-0046","ix":46,"v":0},{"ty":7,"nm":"Draw guides","mn":"Pseudo/DUIK 2layer ik-0047","ix":47,"v":{"a":0,"k":1,"ix":47}},{"ty":6,"nm":"","mn":"Pseudo/DUIK 2layer ik-0048","ix":48,"v":0}]}],"shapes":[{"ty":"gr","it":[{"d":1,"ty":"el","s":{"a":0,"k":[2,2],"ix":2},"p":{"a":0,"k":[0,0],"ix":3},"nm":"Ellipse Path 1","mn":"ADBE Vector Shape - Ellipse","hd":false},{"d":1,"ty":"el","s":{"a":0,"k":[10,10],"ix":2},"p":{"a":0,"k":[0,0],"ix":3},"nm":"Ellipse Path 2","mn":"ADBE Vector Shape - Ellipse","hd":false},{"ty":"sr","sy":1,"d":1,"pt":{"a":0,"k":4,"ix":3},"p":{"a":0,"k":[0,0],"ix":4},"r":{"a":0,"k":0,"ix":5},"ir":{"a":0,"k":0,"ix":6},"is":{"a":0,"k":0,"ix":8},"or":{"a":0,"k":10,"ix":7},"os":{"a":0,"k":0,"ix":9},"ix":3,"nm":"Polystar Path 1","mn":"ADBE Vector Shape - Star","hd":false},{"ty":"st","c":{"a":0,"k":[1,1,1,1],"ix":3,"x":"var $bm_rt;\n$bm_rt = effect('Controller')(9);"},"o":{"a":0,"k":100,"ix":4},"w":{"a":0,"k":2,"ix":5,"x":"var $bm_rt;\nvar s = content('Anchor').transform.scale[0];\nif (s == 0)\n    $bm_rt = 0;\nelse\n    $bm_rt = $bm_div(100, s);"},"lc":2,"lj":1,"ml":4,"bm":0,"nm":"Stroke 1","mn":"ADBE Vector Graphic - Stroke","hd":false},{"ty":"tr","p":{"a":0,"k":[0,0],"ix":2},"a":{"a":0,"k":[0,0],"ix":1},"s":{"a":0,"k":[100,100],"ix":3,"x":"var $bm_rt;\n$bm_rt = [\n    effect('Controller')(10),\n    effect('Controller')(10)\n];"},"r":{"a":0,"k":0,"ix":6},"o":{"a":0,"k":100,"ix":7},"sk":{"a":0,"k":0,"ix":4},"sa":{"a":0,"k":0,"ix":5},"nm":"Transform"}],"nm":"Anchor","np":4,"cix":2,"bm":0,"ix":1,"mn":"ADBE Vector Group","hd":false},{"ty":"gr","it":[{"ind":0,"ty":"sh","ix":1,"ks":{"a":0,"k":{"i":[[0,0],[-6.215,0],[0,6.215],[6.215,0],[0,0]],"o":[[0,6.215],[6.215,0],[0,-6.216],[0,0],[0,0]],"v":[[-11.067,0.048],[0.187,11.302],[11.442,0.048],[0.187,-11.206],[6.94,-17.115]],"c":false},"ix":2},"nm":"Path 1","mn":"ADBE Vector Shape - Group","hd":false},{"ind":1,"ty":"sh","ix":2,"ks":{"a":0,"k":{"i":[[0,0],[0,0]],"o":[[0,0],[0,0]],"v":[[0.062,-7.546],[0.062,7.546]],"c":false},"ix":2},"nm":"Path 2","mn":"ADBE Vector Shape - Group","hd":false},{"ind":2,"ty":"sh","ix":3,"ks":{"a":0,"k":{"i":[[0,0],[0,0]],"o":[[0,0],[0,0]],"v":[[7.546,0],[-7.546,0]],"c":false},"ix":2},"nm":"Path 3","mn":"ADBE Vector Shape - Group","hd":false},{"ty":"st","c":{"a":0,"k":[1,1,1,1],"ix":3,"x":"var $bm_rt;\n$bm_rt = effect('Controller')(2);"},"o":{"a":0,"k":100,"ix":4},"w":{"a":0,"k":1.5,"ix":5},"lc":2,"lj":1,"ml":4,"bm":0,"nm":"Stroke 1","mn":"ADBE Vector Graphic - Stroke","hd":false},{"ty":"tr","p":{"a":0,"k":[0,0],"ix":2,"x":"var $bm_rt;\n$bm_rt = effect('Controller')(3);"},"a":{"a":0,"k":[0,0],"ix":1},"s":{"a":0,"k":[100,100],"ix":3,"x":"var $bm_rt;\n$bm_rt = [\n    effect('Controller')(4) * 2,\n    effect('Controller')(4) * 2\n];"},"r":{"a":0,"k":0,"ix":6,"x":"var $bm_rt;\n$bm_rt = effect('Controller')(5);"},"o":{"a":0,"k":100,"ix":7,"x":"var $bm_rt;\n$bm_rt = effect('Controller')(6);"},"sk":{"a":0,"k":0,"ix":4},"sa":{"a":0,"k":0,"ix":5},"nm":"Transform"}],"nm":"Icon","np":4,"cix":2,"bm":0,"ix":2,"mn":"ADBE Vector Group","hd":false},{"ty":"gr","it":[{"ind":0,"ty":"sh","ix":1,"ks":{"a":0,"k":{"i":[[0,0],[0,0]],"o":[[0,0],[0,0]],"v":[[-8,16],[8,16]],"c":false},"ix":2},"nm":"Path 1","mn":"ADBE Vector Shape - Group","hd":false},{"ty":"st","c":{"a":0,"k":[1,1,1,1],"ix":3,"x":"var $bm_rt;\n$bm_rt = $bm_sub(effect('Controller')(2), [\n    0.2,\n    0.2,\n    0.2,\n    0\n]);"},"o":{"a":0,"k":100,"ix":4,"x":"var $bm_rt;\nvar fx = effect('IK | arm-right-front Outlines');\nif (fx(47).value)\n    $bm_rt = $bm_mul(fx(44).value, 100);\nelse\n    $bm_rt = 0;"},"w":{"a":0,"k":2,"ix":5},"lc":2,"lj":1,"ml":4,"bm":0,"nm":"Stroke 1","mn":"ADBE Vector Graphic - Stroke","hd":false},{"ty":"tr","p":{"a":0,"k":[0,0],"ix":2,"x":"var $bm_rt;\n$bm_rt = effect('Controller')(3);"},"a":{"a":0,"k":[0,0],"ix":1},"s":{"a":0,"k":[100,100],"ix":3,"x":"var $bm_rt;\n$bm_rt = [\n    effect('Controller')(4) * 2,\n    effect('Controller')(4) * 2\n];"},"r":{"a":0,"k":0,"ix":6},"o":{"a":0,"k":100,"ix":7,"x":"var $bm_rt;\n$bm_rt = effect('Controller')(6);"},"sk":{"a":0,"k":0,"ix":4},"sa":{"a":0,"k":0,"ix":5},"nm":"Transform"}],"nm":"IK","np":2,"cix":2,"bm":0,"ix":3,"mn":"ADBE Vector Group","hd":false},{"ty":"gr","it":[{"ind":0,"ty":"sh","ix":1,"ks":{"a":0,"k":{"i":[],"o":[],"v":[],"c":false},"ix":2,"x":"var $bm_rt;\nif (active) {\n    var fx = effect('IK | arm-right-front Outlines');\n    var layer1 = null;\n    var result = [[\n                0,\n                0\n            ]];\n    if (fx(1).value && fx(47).value) {\n        try {\n            layer1 = fx(27);\n        } catch (e) {\n        }\n        if (layer1 != null) {\n            var l = layer1.toWorld(layer1.anchorPoint);\n            l = fromWorld(l);\n            result = [\n                l,\n                [\n                    0,\n                    0\n                ]\n            ];\n        }\n    }\n    $bm_rt = createPath(result, [], [], false);\n} else\n    $bm_rt = value;"},"nm":"Path 1","mn":"ADBE Vector Shape - Group","hd":false},{"ty":"st","c":{"a":0,"k":[1,1,1,1],"ix":3,"x":"var $bm_rt;\n$bm_rt = $bm_sub(effect('Controller')(2), [\n    0.2,\n    0.2,\n    0.2,\n    0\n]);"},"o":{"a":0,"k":100,"ix":4},"w":{"a":0,"k":2,"ix":5},"lc":2,"lj":1,"ml":4,"bm":0,"d":[{"n":"d","nm":"dash","v":{"a":0,"k":5,"ix":1}}],"nm":"Stroke 1","mn":"ADBE Vector Graphic - Stroke","hd":false},{"ty":"tr","p":{"a":0,"k":[0,0],"ix":2},"a":{"a":0,"k":[0,0],"ix":1},"s":{"a":0,"k":[100,100],"ix":3},"r":{"a":0,"k":0,"ix":6},"o":{"a":0,"k":100,"ix":7},"sk":{"a":0,"k":0,"ix":4},"sa":{"a":0,"k":0,"ix":5},"nm":"Transform"}],"nm":"IK Line","np":2,"cix":2,"bm":0,"ix":4,"mn":"ADBE Vector Group","hd":false}],"ip":0,"op":15,"st":0,"bm":0},{"ddd":0,"ind":3,"ty":4,"nm":"hand-left Outlines","parent":4,"sr":1,"ks":{"o":{"a":0,"k":100,"ix":11},"r":{"a":0,"k":-32.528,"ix":10},"p":{"a":0,"k":[5.761,4.534,0],"ix":2},"a":{"a":0,"k":[25.622,13.614,0],"ix":1},"s":{"a":0,"k":[100,100,100],"ix":6}},"ao":0,"shapes":[{"ty":"gr","it":[{"ind":0,"ty":"sh","ix":1,"ks":{"a":0,"k":{"i":[[5.246,0],[1.736,-2.261],[0,0],[-0.977,-0.978],[0,0],[-0.978,0.978],[0,0],[-3.886,0],[0,5.247]],"o":[[-3.071,0],[0,0],[-0.977,0.978],[0,0],[0.978,0.978],[0,0],[1.472,3.341],[5.246,0],[0,-5.247]],"v":[[5.25,-10.364],[-2.28,-6.64],[-14.017,5.189],[-14.017,8.745],[-13.375,9.386],[-9.819,9.386],[-3.443,2.96],[5.25,8.636],[14.75,-0.864]],"c":true},"ix":2},"nm":"Path 1","mn":"ADBE Vector Shape - Group","hd":false},{"ty":"mm","mm":4,"nm":"Merge Paths 1","mn":"ADBE Vector Filter - Merge","hd":false},{"ty":"fl","c":{"a":0,"k":[0.051000000449,0.081999999402,0.211999990426,1],"ix":4},"o":{"a":0,"k":100,"ix":5},"r":1,"bm":0,"nm":"Fill 1","mn":"ADBE Vector Graphic - Fill","hd":false},{"ty":"tr","p":{"a":0,"k":[15.244,10.614],"ix":2},"a":{"a":0,"k":[0,0],"ix":1},"s":{"a":0,"k":[100,100],"ix":3},"r":{"a":0,"k":0,"ix":6},"o":{"a":0,"k":100,"ix":7},"sk":{"a":0,"k":0,"ix":4},"sa":{"a":0,"k":0,"ix":5},"nm":"Transform"}],"nm":"Group 1","np":3,"cix":2,"bm":0,"ix":1,"mn":"ADBE Vector Group","hd":false}],"ip":0,"op":15,"st":0,"bm":0},{"ddd":0,"ind":4,"ty":4,"nm":"arm-left-front Outlines","parent":8,"sr":1,"ks":{"o":{"a":0,"k":100,"ix":11},"r":{"a":0,"k":0,"ix":10,"x":"var $bm_rt;\nvar IKFK, layer1, layer2;\nvar controller = null;\nvar result = value;\ntry {\n    controller = effect('IK')(1);\n} catch (e) {\n}\nif (controller != null) {\n    var fx = controller.effect('IK | arm-left-front Outlines');\n    IKFK = fx(1).value;\n    layer1 = null;\n    layer2 = thisLayer;\n    try {\n        layer1 = fx(27);\n    } catch (e) {\n    }\n    if (layer1 != null) {\n        function ik() {\n            var endPos, cw, A, B, C, E, a, b, c, x, alpha, y, gamma, V1, adj1, V2, adj2, IK;\n            endPos = fx(36).value;\n            cw = fx(2).value;\n            function getWorldPos(L) {\n                return L.toWorld(L.anchorPoint);\n            }\n            A = getWorldPos(layer1);\n            B = getWorldPos(layer2);\n            C = layer2.toWorld(endPos);\n            E = getWorldPos(controller);\n            a = length(B, C);\n            b = length(E, A);\n            c = length(A, B);\n            x = $bm_div($bm_sub($bm_sum($bm_mul(b, b), $bm_mul(c, c)), $bm_mul(a, a)), $bm_mul(2, b));\n            alpha = Math.acos(clamp($bm_div(x, c), -1, 1));\n            y = $bm_sub(b, x);\n            gamma = Math.acos(clamp($bm_div(y, a), -1, 1));\n            result = $bm_mul(cw ? 1 : -1, radiansToDegrees($bm_sum(gamma, alpha)));\n            V1 = $bm_sub(B, A);\n            adj1 = radiansToDegrees(Math.atan2(V1[1], V1[0]));\n            V2 = $bm_sub(C, B);\n            adj2 = radiansToDegrees(Math.atan2(V2[1], V2[0]));\n            IK = $bm_sum($bm_sub($bm_sum(result, adj1), adj2), value);\n            return $bm_mod(IK, 360);\n        }\n        function fk() {\n            var FK;\n            var ctrlRot = fx(6);\n            var delay = fx(8).value;\n            var amp = fx(7).value;\n            var follow = fx(15).value;\n            var ftEnabled = fx(4).value;\n            if (!ftEnabled) {\n                amp = 0;\n                delay = 0;\n            } else {\n                delay = $bm_div(delay, 100);\n                amp = $bm_div(amp, 100);\n            }\n            FK = ctrlRot.valueAtTime($bm_sub(time, delay));\n            if (follow && hasParent) {\n                var cP = layer1;\n                while (cP.hasParent) {\n                    cP = cP.parent;\n                    FK = $bm_sub(FK, $bm_sub(cP.rotation.value, cP.rotation.valueAtTime($bm_sub(time, delay))));\n                }\n            }\n            FK = $bm_sub(FK, ctrlRot.value);\n            FK = $bm_mul(FK, amp);\n            FK = $bm_sub(FK, $bm_mul(ctrlRot.velocity, $bm_div(delay, 5)));\n            FK = $bm_sum(FK, fx(12).value);\n            return FK;\n        }\n        result = IKFK ? ik() : fk();\n    }\n}\n$bm_rt = result;"},"p":{"a":0,"k":[3.751,32.411,0],"ix":2,"x":"var $bm_rt;\nvar fx, layer1, stretch, auto, IK, shrinkVal, dist1, dist2, IKLength, IKStretched, boneStretch, proportion, posC, posR, distC, shrinkMax, shrink, shrink, boneStretch, boneStretch, boneStretch, coef, coef, coef, coef;\nvar ctrl = null;\nvar result = value;\ntry {\n    ctrl = effect('IK')(1);\n} catch (e) {\n    value;\n}\n;\nif (ctrl != null) {\n    fx = ctrl.effect('IK | arm-left-front Outlines');\n    layer1 = null;\n    result = [\n        211,\n        25\n    ];\n    try {\n        layer1 = fx(27);\n    } catch (e) {\n    }\n    if (layer1 != null) {\n        stretch = fx(19).value;\n        auto = fx(18).value;\n        IK = fx(1).value;\n        shrinkVal = $bm_div(fx(20).value, 100);\n        function getWorldPos(L) {\n            return L.toWorld(L.anchorPoint);\n        }\n        dist1 = fx(40).value;\n        dist2 = fx(41).value;\n        IKLength = $bm_sum(dist1, dist2);\n        IKStretched = $bm_sum(IKLength, stretch);\n        boneStretch = 0;\n        proportion = $bm_div(dist1, IKLength);\n        posC = getWorldPos(ctrl);\n        posR = getWorldPos(layer1);\n        distC = length(posC, posR);\n        shrinkMax = $bm_mul(IKLength, shrinkVal);\n        shrink = 0;\n        if (distC < IKStretched && IK)\n            shrink = $bm_sub(1, $bm_div(distC, IKStretched));\n        boneStretch = $bm_sub(boneStretch, $bm_mul(easeOut(shrink, 0, shrinkMax), proportion));\n        if (distC > IKStretched && auto && IK)\n            boneStretch = $bm_sum(boneStretch, $bm_mul($bm_sub(distC, IKLength), proportion));\n        else\n            boneStretch = $bm_sum(boneStretch, $bm_mul(stretch, proportion));\n        coef = 1;\n        dist1 != 0 ? coef = $bm_div($bm_sum(dist1, boneStretch), dist1) : coef = 1;\n        result = $bm_sum($bm_mul($bm_sub([\n            3.75109100341797,\n            32.4105911254883,\n            0\n        ], [\n            41.2094955444336,\n            3.74250030517578,\n            0\n        ]), coef), [\n            41.2094955444336,\n            3.74250030517578,\n            0\n        ]);\n    }\n}\n$bm_rt = result;"},"a":{"a":0,"k":[42.926,30.013,0],"ix":1},"s":{"a":0,"k":[100,100,100],"ix":6}},"ao":0,"ef":[{"ty":5,"nm":"IK","np":3,"mn":"Pseudo/DUIK ik","ix":1,"en":1,"ef":[{"ty":10,"nm":"Controller","mn":"Pseudo/DUIK ik-0001","ix":1,"v":{"a":0,"k":1,"ix":1}}]}],"shapes":[{"ty":"gr","it":[{"ind":0,"ty":"sh","ix":1,"ks":{"a":0,"k":{"i":[[0.945,-1.392],[0,0],[1.391,0.945],[0,0],[-0.945,1.393],[-1.392,-0.946],[0,0]],"o":[[0,0],[-0.945,1.393],[0,0],[-1.393,-0.946],[0.945,-1.392],[0,0],[1.393,0.945]],"v":[[22.106,15.008],[22.106,15.008],[17.874,15.818],[-21.296,-10.775],[-22.106,-15.008],[-17.873,-15.817],[21.296,10.776]],"c":true},"ix":2},"nm":"Path 1","mn":"ADBE Vector Shape - Group","hd":false},{"ty":"fl","c":{"a":0,"k":[0.051000000449,0.081999999402,0.211999990426,1],"ix":4},"o":{"a":0,"k":100,"ix":5},"r":1,"bm":0,"nm":"Fill 1","mn":"ADBE Vector Graphic - Fill","hd":false},{"ty":"tr","p":{"a":0,"k":[23.301,17.013],"ix":2},"a":{"a":0,"k":[0,0],"ix":1},"s":{"a":0,"k":[100,100],"ix":3},"r":{"a":0,"k":0,"ix":6},"o":{"a":0,"k":100,"ix":7},"sk":{"a":0,"k":0,"ix":4},"sa":{"a":0,"k":0,"ix":5},"nm":"Transform"}],"nm":"Group 1","np":2,"cix":2,"bm":0,"ix":1,"mn":"ADBE Vector Group","hd":false}],"ip":0,"op":15,"st":0,"bm":0},{"ddd":0,"ind":5,"ty":4,"nm":"arm-right-back Outlines","parent":9,"sr":1,"ks":{"o":{"a":0,"k":100,"ix":11},"r":{"a":0,"k":0,"ix":10,"x":"var $bm_rt;\nvar IKFK;\nvar controller = null;\nvar result = value;\ntry {\n    controller = effect('IK')(1);\n} catch (e) {\n}\nif (controller != null) {\n    var fx = controller.effect('IK | arm-right-front Outlines');\n    IKFK = fx(1).value;\n    function ik() {\n        var layer1, layer2, endPos, limit, cw, A, C, B, E, a, b, c, x, alpha, D, delta, V, adj1, IK, IK;\n        layer1 = thisLayer;\n        layer2 = null;\n        try {\n            layer2 = fx(28);\n        } catch (e) {\n            return value;\n        }\n        if (layer2 != null) {\n            endPos = fx(36).value;\n            limit = fx(23).value;\n            cw = fx(2).value;\n            function getWorldPos(L) {\n                return L.toWorld(L.anchorPoint);\n            }\n            A = getWorldPos(layer1);\n            C = layer2.toWorld(endPos);\n            B = getWorldPos(layer2);\n            E = getWorldPos(controller);\n            a = length(B, C);\n            b = length(E, A);\n            c = length(A, B);\n            x = $bm_div($bm_sub($bm_sum($bm_mul(b, b), $bm_mul(c, c)), $bm_mul(a, a)), $bm_mul(2, b));\n            alpha = Math.acos(clamp($bm_div(x, c), -1, 1));\n            D = $bm_sub(E, A);\n            delta = Math.atan2(D[1], D[0]);\n            result = radiansToDegrees($bm_sub(delta, $bm_mul(cw ? 1 : -1, alpha)));\n            V = $bm_sub(B, A);\n            adj1 = radiansToDegrees(Math.atan2(V[1], V[0]));\n            IK = $bm_sum($bm_sub(result, adj1), value);\n            if (IK < limit)\n                IK = $bm_sum(IK, 360);\n            return IK;\n        }\n    }\n    function fk() {\n        var follow = fx(15).value;\n        var FK = $bm_sum(fx(11).value, fx(6).value);\n        var p = thisLayer;\n        if (!follow) {\n            while (p.hasParent) {\n                p = p.parent;\n                FK = $bm_sub(FK, p.rotation.value);\n            }\n        }\n        return FK;\n    }\n    result = IKFK ? ik() : fk();\n}\n$bm_rt = result;"},"p":{"a":0,"k":[3.32,19.398,0],"ix":2},"a":{"a":0,"k":[3.441,15.079,0],"ix":1},"s":{"a":0,"k":[100,100,100],"ix":6}},"ao":0,"ef":[{"ty":5,"nm":"IK","np":3,"mn":"Pseudo/DUIK ik","ix":1,"en":1,"ef":[{"ty":10,"nm":"Controller","mn":"Pseudo/DUIK ik-0001","ix":1,"v":{"a":0,"k":2,"ix":1}}]}],"shapes":[{"ty":"gr","it":[{"ind":0,"ty":"sh","ix":1,"ks":{"a":0,"k":{"i":[[0.405,1.633],[0,0],[-1.634,0.405],[0,0],[-0.405,-1.633],[1.633,-0.405],[0,0]],"o":[[0,0],[-0.405,-1.633],[0,0],[1.634,-0.406],[0.406,1.633],[0,0],[-1.633,0.405]],"v":[[-25.932,6.436],[-25.932,6.436],[-23.708,2.745],[22.24,-8.658],[25.932,-6.436],[23.708,-2.745],[-22.242,8.66]],"c":true},"ix":2},"nm":"Path 1","mn":"ADBE Vector Shape - Group","hd":false},{"ty":"fl","c":{"a":0,"k":[0.051000000449,0.081999999402,0.211999990426,1],"ix":4},"o":{"a":0,"k":100,"ix":5},"r":1,"bm":0,"nm":"Fill 1","mn":"ADBE Vector Graphic - Fill","hd":false},{"ty":"tr","p":{"a":0,"k":[26.587,9.315],"ix":2},"a":{"a":0,"k":[0,0],"ix":1},"s":{"a":0,"k":[100,100],"ix":3},"r":{"a":0,"k":0,"ix":6},"o":{"a":0,"k":100,"ix":7},"sk":{"a":0,"k":0,"ix":4},"sa":{"a":0,"k":0,"ix":5},"nm":"Transform"}],"nm":"Group 1","np":2,"cix":2,"bm":0,"ix":1,"mn":"ADBE Vector Group","hd":false}],"ip":0,"op":15,"st":0,"bm":0},{"ddd":0,"ind":6,"ty":4,"nm":"arm-right-front Outlines","parent":5,"sr":1,"ks":{"o":{"a":0,"k":100,"ix":11},"r":{"a":0,"k":0,"ix":10,"x":"var $bm_rt;\nvar IKFK, layer1, layer2;\nvar controller = null;\nvar result = value;\ntry {\n    controller = effect('IK')(1);\n} catch (e) {\n}\nif (controller != null) {\n    var fx = controller.effect('IK | arm-right-front Outlines');\n    IKFK = fx(1).value;\n    layer1 = null;\n    layer2 = thisLayer;\n    try {\n        layer1 = fx(27);\n    } catch (e) {\n    }\n    if (layer1 != null) {\n        function ik() {\n            var endPos, cw, A, B, C, E, a, b, c, x, alpha, y, gamma, V1, adj1, V2, adj2, IK;\n            endPos = fx(36).value;\n            cw = fx(2).value;\n            function getWorldPos(L) {\n                return L.toWorld(L.anchorPoint);\n            }\n            A = getWorldPos(layer1);\n            B = getWorldPos(layer2);\n            C = layer2.toWorld(endPos);\n            E = getWorldPos(controller);\n            a = length(B, C);\n            b = length(E, A);\n            c = length(A, B);\n            x = $bm_div($bm_sub($bm_sum($bm_mul(b, b), $bm_mul(c, c)), $bm_mul(a, a)), $bm_mul(2, b));\n            alpha = Math.acos(clamp($bm_div(x, c), -1, 1));\n            y = $bm_sub(b, x);\n            gamma = Math.acos(clamp($bm_div(y, a), -1, 1));\n            result = $bm_mul(cw ? 1 : -1, radiansToDegrees($bm_sum(gamma, alpha)));\n            V1 = $bm_sub(B, A);\n            adj1 = radiansToDegrees(Math.atan2(V1[1], V1[0]));\n            V2 = $bm_sub(C, B);\n            adj2 = radiansToDegrees(Math.atan2(V2[1], V2[0]));\n            IK = $bm_sum($bm_sub($bm_sum(result, adj1), adj2), value);\n            return $bm_mod(IK, 360);\n        }\n        function fk() {\n            var FK;\n            var ctrlRot = fx(6);\n            var delay = fx(8).value;\n            var amp = fx(7).value;\n            var follow = fx(15).value;\n            var ftEnabled = fx(4).value;\n            if (!ftEnabled) {\n                amp = 0;\n                delay = 0;\n            } else {\n                delay = $bm_div(delay, 100);\n                amp = $bm_div(amp, 100);\n            }\n            FK = ctrlRot.valueAtTime($bm_sub(time, delay));\n            if (follow && hasParent) {\n                var cP = layer1;\n                while (cP.hasParent) {\n                    cP = cP.parent;\n                    FK = $bm_sub(FK, $bm_sub(cP.rotation.value, cP.rotation.valueAtTime($bm_sub(time, delay))));\n                }\n            }\n            FK = $bm_sub(FK, ctrlRot.value);\n            FK = $bm_mul(FK, amp);\n            FK = $bm_sub(FK, $bm_mul(ctrlRot.velocity, $bm_div(delay, 5)));\n            FK = $bm_sum(FK, fx(12).value);\n            return FK;\n        }\n        result = IKFK ? ik() : fk();\n    }\n}\n$bm_rt = result;"},"p":{"a":0,"k":[50.341,0.667,0],"ix":2,"x":"var $bm_rt;\nvar fx, layer1, stretch, auto, IK, shrinkVal, dist1, dist2, IKLength, IKStretched, boneStretch, proportion, posC, posR, distC, shrinkMax, shrink, shrink, boneStretch, boneStretch, boneStretch, coef, coef, coef, coef;\nvar ctrl = null;\nvar result = value;\ntry {\n    ctrl = effect('IK')(1);\n} catch (e) {\n    value;\n}\n;\nif (ctrl != null) {\n    fx = ctrl.effect('IK | arm-right-front Outlines');\n    layer1 = null;\n    result = [\n        211,\n        25\n    ];\n    try {\n        layer1 = fx(27);\n    } catch (e) {\n    }\n    if (layer1 != null) {\n        stretch = fx(19).value;\n        auto = fx(18).value;\n        IK = fx(1).value;\n        shrinkVal = $bm_div(fx(20).value, 100);\n        function getWorldPos(L) {\n            return L.toWorld(L.anchorPoint);\n        }\n        dist1 = fx(40).value;\n        dist2 = fx(41).value;\n        IKLength = $bm_sum(dist1, dist2);\n        IKStretched = $bm_sum(IKLength, stretch);\n        boneStretch = 0;\n        proportion = $bm_div(dist1, IKLength);\n        posC = getWorldPos(ctrl);\n        posR = getWorldPos(layer1);\n        distC = length(posC, posR);\n        shrinkMax = $bm_mul(IKLength, shrinkVal);\n        shrink = 0;\n        if (distC < IKStretched && IK)\n            shrink = $bm_sub(1, $bm_div(distC, IKStretched));\n        boneStretch = $bm_sub(boneStretch, $bm_mul(easeOut(shrink, 0, shrinkMax), proportion));\n        if (distC > IKStretched && auto && IK)\n            boneStretch = $bm_sum(boneStretch, $bm_mul($bm_sub(distC, IKLength), proportion));\n        else\n            boneStretch = $bm_sum(boneStretch, $bm_mul(stretch, proportion));\n        coef = 1;\n        dist1 != 0 ? coef = $bm_div($bm_sum(dist1, boneStretch), dist1) : coef = 1;\n        result = $bm_sum($bm_mul($bm_sub([\n            49.5545120239258,\n            3.71599578857422,\n            0\n        ], [\n            3.44149780273438,\n            15.0790901184082,\n            0\n        ]), coef), [\n            3.44149780273438,\n            15.0790901184082,\n            0\n        ]);\n    }\n}\n$bm_rt = result;"},"a":{"a":0,"k":[3.567,44.532,0],"ix":1},"s":{"a":0,"k":[100,100,100],"ix":6}},"ao":0,"ef":[{"ty":5,"nm":"IK","np":3,"mn":"Pseudo/DUIK ik","ix":1,"en":1,"ef":[{"ty":10,"nm":"Controller","mn":"Pseudo/DUIK ik-0001","ix":1,"v":{"a":0,"k":2,"ix":1}}]}],"shapes":[{"ty":"gr","it":[{"ind":0,"ty":"sh","ix":1,"ks":{"a":0,"k":{"i":[[1.452,0.851],[0,0],[-0.85,1.452],[0,0],[-1.453,-0.851],[0.85,-1.453],[0,0]],"o":[[0,0],[-1.452,-0.851],[0,0],[0.851,-1.452],[1.452,0.85],[0,0],[-0.851,1.452]],"v":[[-13.502,23.056],[-13.502,23.056],[-14.592,18.887],[9.333,-21.967],[13.503,-23.056],[14.592,-18.887],[-9.333,21.967]],"c":true},"ix":2},"nm":"Path 1","mn":"ADBE Vector Shape - Group","hd":false},{"ty":"fl","c":{"a":0,"k":[0.051000000449,0.081999999402,0.211999990426,1],"ix":4},"o":{"a":0,"k":100,"ix":5},"r":1,"bm":0,"nm":"Fill 1","mn":"ADBE Vector Graphic - Fill","hd":false},{"ty":"tr","p":{"a":0,"k":[15.692,24.157],"ix":2},"a":{"a":0,"k":[0,0],"ix":1},"s":{"a":0,"k":[100,100],"ix":3},"r":{"a":0,"k":0,"ix":6},"o":{"a":0,"k":100,"ix":7},"sk":{"a":0,"k":0,"ix":4},"sa":{"a":0,"k":0,"ix":5},"nm":"Transform"}],"nm":"Group 1","np":2,"cix":2,"bm":0,"ix":1,"mn":"ADBE Vector Group","hd":false}],"ip":0,"op":15,"st":0,"bm":0},{"ddd":0,"ind":7,"ty":4,"nm":"mega-phone Outlines","parent":6,"sr":1,"ks":{"o":{"a":0,"k":100,"ix":11},"r":{"a":0,"k":6.554,"ix":10},"p":{"a":0,"k":[25.551,-0.531,0],"ix":2},"a":{"a":0,"k":[22.203,52.822,0],"ix":1},"s":{"a":0,"k":[100,100,100],"ix":6}},"ao":0,"shapes":[{"ty":"gr","it":[{"ind":0,"ty":"sh","ix":1,"ks":{"a":0,"k":{"i":[[1.216,2.698],[2.746,0.281],[0,0],[1.504,-0.677],[-0.678,-1.504],[0,0],[5.313,-4.525],[0,0],[0.97,-0.437],[0,0],[-0.436,-0.969],[0,0],[-1.47,-3.262],[-3.263,1.47],[0,0],[-0.97,0.437],[0,0],[0,0],[-2.57,1.158],[1.157,2.57],[0,0],[0,0],[0.437,0.969],[0,0],[-4.221,-0.279],[0,0],[-1.503,0.677],[0.678,1.504],[0,0]],"o":[[-1.216,-2.698],[0,0],[-0.678,-1.504],[-1.505,0.678],[0,0],[-6.003,10.141],[0,0],[-0.436,-0.97],[0,0],[-0.97,0.436],[0,0],[-3.263,1.47],[1.47,3.263],[0,0],[0.437,0.969],[0,0],[0,0],[1.159,2.569],[2.57,-1.158],[0,0],[0,0],[0.97,-0.437],[0,0],[12.447,-2.692],[0,0],[0.677,1.504],[1.505,-0.678],[0,0],[1.61,-2.244]],"v":[[25.832,-13.337],[19.343,-18.004],[14.381,-29.017],[10.413,-30.52],[8.91,-26.552],[9.091,-26.151],[-8.63,-4.618],[-9.515,-6.581],[-12.062,-7.546],[-27.009,-0.811],[-27.974,1.735],[-26.362,5.312],[-29.608,13.88],[-21.039,17.126],[-19.428,20.703],[-16.881,21.667],[-14.08,20.406],[-10.897,27.472],[-4.119,30.039],[-1.551,23.261],[-4.734,16.195],[-1.934,14.933],[-0.969,12.387],[-1.952,10.204],[24.467,7.977],[24.931,9.006],[28.897,10.509],[30.4,6.541],[25.028,-5.383]],"c":true},"ix":2},"nm":"Path 1","mn":"ADBE Vector Shape - Group","hd":false},{"ty":"fl","c":{"a":0,"k":[0.051000000449,0.081999999402,0.211999990426,1],"ix":4},"o":{"a":0,"k":100,"ix":5},"r":1,"bm":0,"nm":"Fill 1","mn":"ADBE Vector Graphic - Fill","hd":false},{"ty":"tr","p":{"a":0,"k":[31.328,31.447],"ix":2},"a":{"a":0,"k":[0,0],"ix":1},"s":{"a":0,"k":[100,100],"ix":3},"r":{"a":0,"k":0,"ix":6},"o":{"a":0,"k":100,"ix":7},"sk":{"a":0,"k":0,"ix":4},"sa":{"a":0,"k":0,"ix":5},"nm":"Transform"}],"nm":"Group 1","np":2,"cix":2,"bm":0,"ix":1,"mn":"ADBE Vector Group","hd":false}],"ip":0,"op":15,"st":0,"bm":0},{"ddd":0,"ind":8,"ty":4,"nm":"arm-left-back Outlines","parent":9,"sr":1,"ks":{"o":{"a":0,"k":100,"ix":11},"r":{"a":0,"k":0,"ix":10,"x":"var $bm_rt;\nvar IKFK;\nvar controller = null;\nvar result = value;\ntry {\n    controller = effect('IK')(1);\n} catch (e) {\n}\nif (controller != null) {\n    var fx = controller.effect('IK | arm-left-front Outlines');\n    IKFK = fx(1).value;\n    function ik() {\n        var layer1, layer2, endPos, limit, cw, A, C, B, E, a, b, c, x, alpha, D, delta, V, adj1, IK, IK;\n        layer1 = thisLayer;\n        layer2 = null;\n        try {\n            layer2 = fx(28);\n        } catch (e) {\n            return value;\n        }\n        if (layer2 != null) {\n            endPos = fx(36).value;\n            limit = fx(23).value;\n            cw = fx(2).value;\n            function getWorldPos(L) {\n                return L.toWorld(L.anchorPoint);\n            }\n            A = getWorldPos(layer1);\n            C = layer2.toWorld(endPos);\n            B = getWorldPos(layer2);\n            E = getWorldPos(controller);\n            a = length(B, C);\n            b = length(E, A);\n            c = length(A, B);\n            x = $bm_div($bm_sub($bm_sum($bm_mul(b, b), $bm_mul(c, c)), $bm_mul(a, a)), $bm_mul(2, b));\n            alpha = Math.acos(clamp($bm_div(x, c), -1, 1));\n            D = $bm_sub(E, A);\n            delta = Math.atan2(D[1], D[0]);\n            result = radiansToDegrees($bm_sub(delta, $bm_mul(cw ? 1 : -1, alpha)));\n            V = $bm_sub(B, A);\n            adj1 = radiansToDegrees(Math.atan2(V[1], V[0]));\n            IK = $bm_sum($bm_sub(result, adj1), value);\n            if (IK < limit)\n                IK = $bm_sum(IK, 360);\n            return IK;\n        }\n    }\n    function fk() {\n        var follow = fx(15).value;\n        var FK = $bm_sum(fx(11).value, fx(6).value);\n        var p = thisLayer;\n        if (!follow) {\n            while (p.hasParent) {\n                p = p.parent;\n                FK = $bm_sub(FK, p.rotation.value);\n            }\n        }\n        return FK;\n    }\n    result = IKFK ? ik() : fk();\n}\n$bm_rt = result;"},"p":{"a":0,"k":[3.411,19.184,0],"ix":2},"a":{"a":0,"k":[41.209,3.743,0],"ix":1},"s":{"a":0,"k":[100,100,100],"ix":6}},"ao":0,"ef":[{"ty":5,"nm":"IK","np":3,"mn":"Pseudo/DUIK ik","ix":1,"en":1,"ef":[{"ty":10,"nm":"Controller","mn":"Pseudo/DUIK ik-0001","ix":1,"v":{"a":0,"k":1,"ix":1}}]}],"shapes":[{"ty":"gr","it":[{"ind":0,"ty":"sh","ix":1,"ks":{"a":0,"k":{"i":[[1.026,1.334],[0,0],[-1.335,1.025],[0,0],[-1.025,-1.334],[1.335,-1.026],[0,0]],"o":[[0,0],[-1.025,-1.334],[0,0],[1.335,-1.026],[1.026,1.335],[0,0],[-1.335,1.025]],"v":[[-21.184,16.283],[-21.184,16.283],[-20.624,12.01],[16.91,-16.842],[21.184,-16.284],[20.624,-12.01],[-16.911,16.842]],"c":true},"ix":2},"nm":"Path 1","mn":"ADBE Vector Shape - Group","hd":false},{"ty":"fl","c":{"a":0,"k":[0.051000000449,0.081999999402,0.211999990426,1],"ix":4},"o":{"a":0,"k":100,"ix":5},"r":1,"bm":0,"nm":"Fill 1","mn":"ADBE Vector Graphic - Fill","hd":false},{"ty":"tr","p":{"a":0,"k":[22.459,18.118],"ix":2},"a":{"a":0,"k":[0,0],"ix":1},"s":{"a":0,"k":[100,100],"ix":3},"r":{"a":0,"k":0,"ix":6},"o":{"a":0,"k":100,"ix":7},"sk":{"a":0,"k":0,"ix":4},"sa":{"a":0,"k":0,"ix":5},"nm":"Transform"}],"nm":"Group 1","np":2,"cix":2,"bm":0,"ix":1,"mn":"ADBE Vector Group","hd":false}],"ip":0,"op":15,"st":0,"bm":0},{"ddd":0,"ind":9,"ty":4,"nm":"body Outlines","sr":1,"ks":{"o":{"a":0,"k":100,"ix":11},"r":{"a":1,"k":[{"i":{"x":[0.667],"y":[1]},"o":{"x":[0.333],"y":[0]},"t":0,"s":[89.524]},{"t":3,"s":[0]}],"ix":10},"p":{"a":1,"k":[{"i":{"x":0.833,"y":0.833},"o":{"x":0.167,"y":0.167},"t":0,"s":[136.639,195.529,0],"to":[3.333,-5,0],"ti":[-3.333,5,0]},{"t":3,"s":[156.639,165.529,0]}],"ix":2},"a":{"a":0,"k":[3.298,80.163,0],"ix":1},"s":{"a":0,"k":[100,100,100],"ix":6}},"ao":0,"shapes":[{"ty":"gr","it":[{"ind":0,"ty":"sh","ix":1,"ks":{"a":0,"k":{"i":[[0,0],[0,0],[0,0],[0,0]],"o":[[0,0],[0,0],[0,0],[0,0]],"v":[[-3.048,79.913],[3.048,79.913],[3.048,-79.913],[-3.048,-79.913]],"c":true},"ix":2},"nm":"Path 1","mn":"ADBE Vector Shape - Group","hd":false},{"ty":"fl","c":{"a":0,"k":[0.051000000449,0.081999999402,0.211999990426,1],"ix":4},"o":{"a":0,"k":100,"ix":5},"r":1,"bm":0,"nm":"Fill 1","mn":"ADBE Vector Graphic - Fill","hd":false},{"ty":"tr","p":{"a":0,"k":[3.298,80.163],"ix":2},"a":{"a":0,"k":[0,0],"ix":1},"s":{"a":0,"k":[100,100],"ix":3},"r":{"a":0,"k":0,"ix":6},"o":{"a":0,"k":100,"ix":7},"sk":{"a":0,"k":0,"ix":4},"sa":{"a":0,"k":0,"ix":5},"nm":"Transform"}],"nm":"Group 1","np":2,"cix":2,"bm":0,"ix":1,"mn":"ADBE Vector Group","hd":false}],"ip":0,"op":15,"st":0,"bm":0},{"ddd":0,"ind":10,"ty":4,"nm":"head Outlines","parent":9,"sr":1,"ks":{"o":{"a":0,"k":100,"ix":11},"r":{"a":1,"k":[{"i":{"x":[0.833],"y":[0.833]},"o":{"x":[0.167],"y":[0.167]},"t":8,"s":[0]},{"i":{"x":[0.833],"y":[0.833]},"o":{"x":[0.167],"y":[0.167]},"t":11,"s":[5]},{"t":14,"s":[0]}],"ix":10},"p":{"a":0,"k":[3.026,-1.73,0],"ix":2},"a":{"a":0,"k":[35.223,63.348,0],"ix":1},"s":{"a":0,"k":[100,100,100],"ix":6}},"ao":0,"shapes":[{"ty":"gr","it":[{"ind":0,"ty":"sh","ix":1,"ks":{"a":0,"k":{"i":[[0,-18.28],[18.281,0],[0,18.28],[-18.279,0]],"o":[[0,18.28],[-18.279,0],[0,-18.28],[18.281,0]],"v":[[33.098,0],[-0.001,33.098],[-33.098,0],[-0.001,-33.098]],"c":true},"ix":2},"nm":"Path 1","mn":"ADBE Vector Shape - Group","hd":false},{"ty":"fl","c":{"a":0,"k":[0.051000000449,0.081999999402,0.211999990426,1],"ix":4},"o":{"a":0,"k":100,"ix":5},"r":1,"bm":0,"nm":"Fill 1","mn":"ADBE Vector Graphic - Fill","hd":false},{"ty":"tr","p":{"a":0,"k":[33.348,33.348],"ix":2},"a":{"a":0,"k":[0,0],"ix":1},"s":{"a":0,"k":[100,100],"ix":3},"r":{"a":0,"k":0,"ix":6},"o":{"a":0,"k":100,"ix":7},"sk":{"a":0,"k":0,"ix":4},"sa":{"a":0,"k":0,"ix":5},"nm":"Transform"}],"nm":"Group 1","np":2,"cix":2,"bm":0,"ix":1,"mn":"ADBE Vector Group","hd":false}],"ip":0,"op":15,"st":0,"bm":0},{"ddd":0,"ind":11,"ty":4,"nm":"nose Outlines","parent":10,"sr":1,"ks":{"o":{"a":0,"k":100,"ix":11},"r":{"a":0,"k":0,"ix":10},"p":{"a":0,"k":[59.405,23.619,0],"ix":2},"a":{"a":0,"k":[14.779,16,0],"ix":1},"s":{"a":0,"k":[100,100,100],"ix":6}},"ao":0,"shapes":[{"ty":"gr","it":[{"ind":0,"ty":"sh","ix":1,"ks":{"a":0,"k":{"i":[[-1.564,-1.988],[6.129,-4.823],[1.566,1.988],[-6.129,4.823]],"o":[[1.565,1.988],[-6.129,4.824],[-1.564,-1.988],[6.129,-4.824]],"v":[[12.964,-4.485],[3.92,6.858],[-10.222,13.762],[-8.4,-10.926]],"c":true},"ix":2},"nm":"Path 1","mn":"ADBE Vector Shape - Group","hd":false},{"ty":"fl","c":{"a":0,"k":[0.051000000449,0.081999999402,0.211999990426,1],"ix":4},"o":{"a":0,"k":100,"ix":5},"r":1,"bm":0,"nm":"Fill 1","mn":"ADBE Vector Graphic - Fill","hd":false},{"ty":"tr","p":{"a":0,"k":[14.779,16],"ix":2},"a":{"a":0,"k":[0,0],"ix":1},"s":{"a":0,"k":[100,100],"ix":3},"r":{"a":0,"k":0,"ix":6},"o":{"a":0,"k":100,"ix":7},"sk":{"a":0,"k":0,"ix":4},"sa":{"a":0,"k":0,"ix":5},"nm":"Transform"}],"nm":"Group 1","np":2,"cix":2,"bm":0,"ix":1,"mn":"ADBE Vector Group","hd":false}],"ip":0,"op":15,"st":0,"bm":0},{"ddd":0,"ind":12,"ty":4,"nm":"sound-line-top/stick-man Outlines","parent":7,"sr":1,"ks":{"o":{"a":0,"k":100,"ix":11},"r":{"a":0,"k":-8.746,"ix":10},"p":{"a":0,"k":[60.725,-1.904,0],"ix":2},"a":{"a":0,"k":[9.5,10.5,0],"ix":1},"s":{"a":0,"k":[100,100,100],"ix":6}},"ao":0,"shapes":[{"ty":"gr","it":[{"ind":0,"ty":"sh","ix":1,"ks":{"a":1,"k":[{"i":{"x":0.833,"y":0.833},"o":{"x":0.167,"y":0.167},"t":8,"s":[{"i":[[0,0],[0,0],[0,0],[0,0],[-0.613,-0.426],[0.434,-0.607],[0,0]],"o":[[0,0],[0,0],[0,0],[0,0],[0.613,0.426],[-4.229,5.912],[0,0]],"v":[[-7.88,9.569],[-7.88,9.569],[-8.279,7.365],[-7.454,5.967],[-5.251,5.57],[-4.853,7.773],[-5.678,9.171]],"c":true}]},{"t":14,"s":[{"i":[[0,0],[0,0],[0,0],[-4.985,5.29],[-0.613,-0.426],[0.434,-0.607],[0,0]],"o":[[0,0],[0,0],[0,0],[0.512,-0.543],[0.613,0.426],[-4.229,5.912],[0,0]],"v":[[-7.88,9.569],[-7.88,9.569],[-8.279,7.365],[5.05,-8.726],[7.253,-9.123],[7.651,-6.92],[-5.678,9.171]],"c":true}]}],"ix":2},"nm":"Path 1","mn":"ADBE Vector Shape - Group","hd":false},{"ty":"mm","mm":4,"nm":"Merge Paths 1","mn":"ADBE Vector Filter - Merge","hd":false},{"ty":"fl","c":{"a":0,"k":[0.051000000449,0.081999999402,0.211999990426,1],"ix":4},"o":{"a":0,"k":100,"ix":5},"r":1,"bm":0,"nm":"Fill 1","mn":"ADBE Vector Graphic - Fill","hd":false},{"ty":"tr","p":{"a":0,"k":[9.025,10.532],"ix":2},"a":{"a":0,"k":[0,0],"ix":1},"s":{"a":0,"k":[100,100],"ix":3},"r":{"a":0,"k":0,"ix":6},"o":{"a":1,"k":[{"i":{"x":[0.833],"y":[0.833]},"o":{"x":[0.167],"y":[0.167]},"t":8,"s":[0]},{"i":{"x":[0.833],"y":[0.833]},"o":{"x":[0.167],"y":[0.167]},"t":11,"s":[100]},{"t":14,"s":[0]}],"ix":7},"sk":{"a":0,"k":0,"ix":4},"sa":{"a":0,"k":0,"ix":5},"nm":"Transform"}],"nm":"Group 1","np":3,"cix":2,"bm":0,"ix":1,"mn":"ADBE Vector Group","hd":false}],"ip":8,"op":25,"st":0,"bm":0},{"ddd":0,"ind":13,"ty":4,"nm":"sound-line-middle/stick-man Outlines","parent":7,"sr":1,"ks":{"o":{"a":0,"k":100,"ix":11},"r":{"a":0,"k":-8.746,"ix":10},"p":{"a":0,"k":[73.72,7.938,0],"ix":2},"a":{"a":0,"k":[15.5,8,0],"ix":1},"s":{"a":0,"k":[100,100,100],"ix":6}},"ao":0,"shapes":[{"ty":"gr","it":[{"ind":0,"ty":"sh","ix":1,"ks":{"a":1,"k":[{"i":{"x":0.833,"y":0.833},"o":{"x":0.167,"y":0.167},"t":8,"s":[{"i":[[0,0],[-0.788,0.37],[0,0],[-0.37,-0.788],[0.788,-0.37],[0,0]],"o":[[-0.37,-0.788],[0,0],[0.789,-0.37],[0.37,0.789],[0,0],[-0.788,0.37]],"v":[[-14.663,6.612],[-13.902,4.506],[12.777,-7.372],[14.884,-6.613],[14.124,-4.506],[-12.557,7.372]],"c":true}]},{"i":{"x":0.833,"y":0.833},"o":{"x":0.167,"y":0.167},"t":11,"s":[{"i":[[0,0],[0,0],[0,0],[0,0],[0,0],[0,0]],"o":[[0,0],[0,0],[0,0],[0,0],[0,0],[0,0]],"v":[[-14.788,6.674],[-13.902,4.506],[-13.026,4.199],[-10.919,4.958],[-11.679,7.065],[-12.557,7.372]],"c":true}]},{"t":14,"s":[{"i":[[0,0],[-0.788,0.37],[0,0],[-0.37,-0.788],[0.788,-0.37],[0,0]],"o":[[-0.37,-0.788],[0,0],[0.789,-0.37],[0.37,0.789],[0,0],[-0.788,0.37]],"v":[[-14.663,6.612],[-13.902,4.506],[12.777,-7.372],[14.884,-6.613],[14.124,-4.506],[-12.557,7.372]],"c":true}]}],"ix":2},"nm":"Path 1","mn":"ADBE Vector Shape - Group","hd":false},{"ty":"mm","mm":4,"nm":"Merge Paths 1","mn":"ADBE Vector Filter - Merge","hd":false},{"ty":"fl","c":{"a":0,"k":[0.051000000449,0.081999999402,0.211999990426,1],"ix":4},"o":{"a":0,"k":100,"ix":5},"r":1,"bm":0,"nm":"Fill 1","mn":"ADBE Vector Graphic - Fill","hd":false},{"ty":"tr","p":{"a":0,"k":[15.283,7.992],"ix":2},"a":{"a":0,"k":[0,0],"ix":1},"s":{"a":0,"k":[100,100],"ix":3},"r":{"a":0,"k":0,"ix":6},"o":{"a":1,"k":[{"i":{"x":[0.833],"y":[0.833]},"o":{"x":[0.167],"y":[0.167]},"t":8,"s":[0]},{"i":{"x":[0.833],"y":[0.833]},"o":{"x":[0.167],"y":[0.167]},"t":11,"s":[100]},{"t":14,"s":[0]}],"ix":7},"sk":{"a":0,"k":0,"ix":4},"sa":{"a":0,"k":0,"ix":5},"nm":"Transform"}],"nm":"Group 1","np":3,"cix":2,"bm":0,"ix":1,"mn":"ADBE Vector Group","hd":false}],"ip":8,"op":25,"st":0,"bm":0},{"ddd":0,"ind":14,"ty":4,"nm":"sound-line-bottom/stick-man Outlines","parent":7,"sr":1,"ks":{"o":{"a":0,"k":100,"ix":11},"r":{"a":0,"k":-8.746,"ix":10},"p":{"a":0,"k":[76.565,23.298,0],"ix":2},"a":{"a":0,"k":[13.5,2.5,0],"ix":1},"s":{"a":0,"k":[100,100,100],"ix":6}},"ao":0,"shapes":[{"ty":"gr","it":[{"ind":0,"ty":"sh","ix":1,"ks":{"a":1,"k":[{"i":{"x":0.833,"y":0.833},"o":{"x":0.167,"y":0.167},"t":8,"s":[{"i":[[-0.091,0.866],[0,0],[-0.866,-0.09],[0,0],[0.091,-0.867],[0.865,0.091],[0,0]],"o":[[0,0],[0.091,-0.866],[0,0],[0.866,0.091],[-0.091,0.866],[0,0],[-0.866,-0.09]],"v":[[-12.979,-0.488],[-12.979,-0.488],[-11.24,-1.898],[-11.99,-1.921],[-10.58,-0.181],[-12.319,1.228],[-11.57,1.251]],"c":true}]},{"i":{"x":0.833,"y":0.833},"o":{"x":0.167,"y":0.167},"t":11,"s":[{"i":[[-0.091,0.866],[0,0],[-0.866,-0.09],[0,0],[0.091,-0.867],[0.865,0.091],[0,0]],"o":[[0,0],[0.091,-0.866],[0,0],[0.866,0.091],[-0.091,0.866],[0,0],[-0.866,-0.09]],"v":[[-12.979,-0.488],[-12.979,-0.488],[-11.24,-1.898],[11.57,-1.252],[12.98,0.488],[11.24,1.897],[-11.57,1.251]],"c":true}]},{"t":14,"s":[{"i":[[-0.091,0.866],[0,0],[-0.866,-0.09],[0,0],[0.091,-0.867],[0.865,0.091],[0,0]],"o":[[0,0],[0.091,-0.866],[0,0],[0.866,0.091],[-0.091,0.866],[0,0],[-0.866,-0.09]],"v":[[-12.979,-0.488],[-12.979,-0.488],[-11.24,-1.898],[-11.99,-1.921],[-10.58,-0.181],[-12.319,1.228],[-11.57,1.251]],"c":true}]}],"ix":2},"nm":"Path 1","mn":"ADBE Vector Shape - Group","hd":false},{"ty":"fl","c":{"a":0,"k":[0.051000000449,0.081999999402,0.211999990426,1],"ix":4},"o":{"a":0,"k":100,"ix":5},"r":1,"bm":0,"nm":"Fill 1","mn":"ADBE Vector Graphic - Fill","hd":false},{"ty":"tr","p":{"a":0,"k":[13.32,2.238],"ix":2},"a":{"a":0,"k":[0,0],"ix":1},"s":{"a":0,"k":[100,100],"ix":3},"r":{"a":0,"k":0,"ix":6},"o":{"a":1,"k":[{"i":{"x":[0.833],"y":[0.833]},"o":{"x":[0.167],"y":[0.167]},"t":8,"s":[0]},{"i":{"x":[0.833],"y":[0.833]},"o":{"x":[0.167],"y":[0.167]},"t":11,"s":[100]},{"t":14,"s":[0]}],"ix":7},"sk":{"a":0,"k":0,"ix":4},"sa":{"a":0,"k":0,"ix":5},"nm":"Transform"}],"nm":"Group 1","np":2,"cix":2,"bm":0,"ix":1,"mn":"ADBE Vector Group","hd":false}],"ip":8,"op":25,"st":0,"bm":0}],"markers":[]}