{"v":"5.5.4","fr":60,"ip":0,"op":180,"w":600,"h":600,"nm":"elections 2","ddd":0,"assets":[{"id":"comp_0","layers":[{"ddd":0,"ind":1,"ty":4,"nm":"Blank B Outlines","sr":1,"ks":{"o":{"a":1,"k":[{"i":{"x":[0.833],"y":[0.833]},"o":{"x":[0.167],"y":[0.167]},"t":96,"s":[0]},{"i":{"x":[0.833],"y":[0.833]},"o":{"x":[0.167],"y":[0.167]},"t":97,"s":[100]},{"i":{"x":[0.833],"y":[0.833]},"o":{"x":[0.167],"y":[0.167]},"t":149.865,"s":[100]},{"t":151,"s":[0]}],"ix":11},"r":{"a":1,"k":[{"i":{"x":[0.72],"y":[0.791]},"o":{"x":[0.189],"y":[0]},"t":18,"s":[10]},{"i":{"x":[0.863],"y":[0.542]},"o":{"x":[0.393],"y":[0.012]},"t":92,"s":[12.755]},{"i":{"x":[0.833],"y":[1]},"o":{"x":[0.086],"y":[0.113]},"t":117.857,"s":[35.892]},{"t":149.865234375,"s":[107.892]}],"ix":10},"p":{"s":true,"x":{"a":1,"k":[{"i":{"x":[0.667],"y":[1]},"o":{"x":[0.333],"y":[0]},"t":10,"s":[715]},{"i":{"x":[0.833],"y":[1]},"o":{"x":[0.333],"y":[0]},"t":21,"s":[250]},{"i":{"x":[0.833],"y":[1]},"o":{"x":[0.167],"y":[0]},"t":92,"s":[250]},{"i":{"x":[0.618],"y":[0.795]},"o":{"x":[0.159],"y":[0]},"t":117.857,"s":[176]},{"i":{"x":[0.819],"y":[1]},"o":{"x":[0.435],"y":[4.535]},"t":136.723,"s":[245.511]},{"t":149.865234375,"s":[248]}],"ix":3},"y":{"a":1,"k":[{"i":{"x":[0.667],"y":[1.313]},"o":{"x":[0.333],"y":[0]},"t":92,"s":[250]},{"i":{"x":[0.554],"y":[0.99]},"o":{"x":[0.495],"y":[-0.433]},"t":117.857,"s":[223.219]},{"i":{"x":[0.293],"y":[0.562]},"o":{"x":[0.483],"y":[0.016]},"t":130,"s":[205.639]},{"i":{"x":[0.863],"y":[0.448]},"o":{"x":[0.466],"y":[0.141]},"t":140,"s":[232.911]},{"t":149.865234375,"s":[286]}],"ix":4}},"a":{"a":0,"k":[256,256,0],"ix":1},"s":{"a":1,"k":[{"i":{"x":[0.667,0.667,0.667],"y":[1,1,1]},"o":{"x":[0.333,0.333,0.333],"y":[0,0,0]},"t":92,"s":[111,111,100]},{"t":130,"s":[111,111,100]}],"ix":6}},"ao":0,"shapes":[{"ty":"gr","it":[{"ind":0,"ty":"sh","ix":1,"ks":{"a":1,"k":[{"i":{"x":0.833,"y":0.907},"o":{"x":0.333,"y":0},"t":97,"s":[{"i":[[4.877,16.086],[2.494,6.707],[78.987,-27.509],[-4.817,7.333]],"o":[[2.813,8.051],[18.214,28.567],[-11.517,4.011],[5.628,-6.964]],"v":[[107.395,-63.993],[118.333,-73.213],[-101.924,13.467],[-144.818,24.674]],"c":true}]},{"i":{"x":0.833,"y":0.907},"o":{"x":0.167,"y":0.093},"t":100,"s":[{"i":[[11.092,-16.231],[-5.002,7.93],[18.014,-17.554],[-24.357,37.509]],"o":[[-11.681,18.731],[16.09,32.852],[-13.896,13.345],[7.336,-5.994]],"v":[[86.051,-96.821],[114.523,-84.833],[-137.171,21.717],[-185.984,-10.423]],"c":true}]},{"i":{"x":0.833,"y":0.907},"o":{"x":0.167,"y":0.093},"t":108.928,"s":[{"i":[[-0.005,-3.513],[30.322,75.652],[36.232,3.458],[5.39,92.679]],"o":[[28.981,81.667],[72.602,93.416],[-14.34,1.766],[14.295,-2.039]],"v":[[3.116,-223.431],[64.823,-161.575],[-167.986,-34.176],[-235.56,-147.74]],"c":true}]},{"i":{"x":0.833,"y":0.853},"o":{"x":0.167,"y":0.093},"t":117.857,"s":[{"i":[[-14.953,4.012],[-13.048,-24.188],[57.196,-19.228],[10.548,37.897]],"o":[[18.497,44.828],[-23.225,8.661],[-10.094,-8.443],[19.788,-5.765]],"v":[[-3.694,-292.4],[46.567,-179.709],[-191.591,-100.327],[-241.495,-224.09]],"c":true}]},{"i":{"x":0.833,"y":0.93},"o":{"x":0.167,"y":0.147},"t":126,"s":[{"i":[[-23.048,-4.048],[-4.749,-12.984],[32.536,-38.384],[3.056,20.019]],"o":[[11.478,22.586],[-47.779,7.224],[-7.456,-4.032],[24.638,-28.078]],"v":[[-30.859,-239.704],[-0.708,-159.173],[-148.723,-76.663],[-215.581,-186.066]],"c":true}]},{"i":{"x":0.667,"y":1},"o":{"x":0.167,"y":0.07},"t":139.369,"s":[{"i":[[-5.009,0.349],[2.628,-3.023],[45.062,-7.438],[-3.604,4.126]],"o":[[5.239,2.814],[-51.537,14.057],[-5.112,-0.11],[5.569,-2.044]],"v":[[-17.44,-176.039],[56.25,-90.816],[-110.616,-55.626],[-192.546,-152.264]],"c":true}]},{"i":{"x":0.833,"y":1},"o":{"x":0.167,"y":0},"t":140,"s":[{"i":[[-6.797,10.808],[3.276,-2.341],[43.341,3.113],[-4.92,0.02]],"o":[[2.301,-3.658],[-29.894,21.359],[-4.777,-0.343],[59.828,-0.245]],"v":[[31.216,-174.446],[40.419,-86.12],[-68.351,-54.396],[-152.499,-149.155]],"c":true}]},{"i":{"x":0.833,"y":1},"o":{"x":0.167,"y":0},"t":146,"s":[{"i":[[-15.305,0.428],[4.651,-0.716],[13.571,-13.958],[-2.645,4.147]],"o":[[5.01,-2.845],[-18.771,2.888],[-2.343,6.105],[23.527,-15.385]],"v":[[7.957,-170.248],[26.617,-90.268],[-16.47,-50.797],[-53.683,-144.855]],"c":true}]},{"t":149.865234375,"s":[{"i":[[-2.655,3.268],[2.641,-3.966],[2.44,1.144],[-4.778,-1.174]],"o":[[0.74,-0.911],[-1.444,2.169],[-5.516,-2.586],[3.425,0.842]],"v":[[-21.357,-168.081],[2.064,-91.388],[-1.832,-88.646],[-26.452,-163.772]],"c":true}]}],"ix":2},"nm":"Path 1","mn":"ADBE Vector Shape - Group","hd":false},{"ty":"st","c":{"a":0,"k":[0.827000038297,0.827000038297,0.827000038297,1],"ix":3},"o":{"a":0,"k":100,"ix":4},"w":{"a":0,"k":1,"ix":5},"lc":1,"lj":1,"ml":10,"bm":0,"nm":"Stroke 1","mn":"ADBE Vector Graphic - Stroke","hd":false},{"ty":"fl","c":{"a":0,"k":[0.20000000298,0.800000011921,0.20000000298,1],"ix":4},"o":{"a":0,"k":100,"ix":5},"r":1,"bm":0,"nm":"Fill 1","mn":"ADBE Vector Graphic - Fill","hd":false},{"ty":"tr","p":{"a":0,"k":[310.572,364.077],"ix":2},"a":{"a":0,"k":[0,0],"ix":1},"s":{"a":0,"k":[100,100],"ix":3},"r":{"a":0,"k":0,"ix":6},"o":{"a":0,"k":100,"ix":7},"sk":{"a":0,"k":0,"ix":4},"sa":{"a":0,"k":0,"ix":5},"nm":"Transform"}],"nm":"Group 1","np":3,"cix":2,"bm":0,"ix":1,"mn":"ADBE Vector Group","hd":false}],"ip":0,"op":180,"st":0,"bm":0},{"ddd":0,"ind":2,"ty":4,"nm":"Box Outlines","sr":1,"ks":{"o":{"a":0,"k":100,"ix":11},"r":{"a":0,"k":0,"ix":10},"p":{"s":true,"x":{"a":1,"k":[{"i":{"x":[0.833],"y":[0.833]},"o":{"x":[0.167],"y":[0.167]},"t":111,"s":[444]},{"t":141,"s":[250]}],"ix":3},"y":{"a":1,"k":[{"i":{"x":[0.667],"y":[6.267]},"o":{"x":[0.167],"y":[0]},"t":108.928,"s":[309.185]},{"i":{"x":[0.985],"y":[0.135]},"o":{"x":[1],"y":[0]},"t":139,"s":[357.185]},{"t":179,"s":[577.185]}],"ix":4}},"a":{"a":0,"k":[256,256,0],"ix":1},"s":{"a":1,"k":[{"i":{"x":[0.667,0.667,0.667],"y":[1,1,1]},"o":{"x":[0.333,0.333,0.333],"y":[0,0,0]},"t":110.715,"s":[0,0,100]},{"t":141,"s":[156,156,100]}],"ix":6}},"ao":0,"shapes":[{"ty":"gr","it":[{"ind":0,"ty":"sh","ix":1,"ks":{"a":0,"k":{"i":[[-84.823,0],[110.41,0]],"o":[[88.43,0],[-108.394,0]],"v":[[-1.008,-3.178],[-1.008,3.178]],"c":true},"ix":2},"nm":"Path 1","mn":"ADBE Vector Shape - Group","hd":false},{"ty":"st","c":{"a":0,"k":[1,1,1,1],"ix":3},"o":{"a":0,"k":100,"ix":4},"w":{"a":0,"k":4,"ix":5},"lc":1,"lj":1,"ml":10,"bm":0,"nm":"Stroke 1","mn":"ADBE Vector Graphic - Stroke","hd":false},{"ty":"fl","c":{"a":0,"k":[0.137254908681,0.137254908681,0.137254908681,1],"ix":4},"o":{"a":0,"k":100,"ix":5},"r":1,"bm":0,"nm":"Fill 1","mn":"ADBE Vector Graphic - Fill","hd":false},{"ty":"tr","p":{"a":0,"k":[262.198,242.763],"ix":2},"a":{"a":0,"k":[0,0],"ix":1},"s":{"a":0,"k":[100,100],"ix":3},"r":{"a":0,"k":0,"ix":6},"o":{"a":0,"k":100,"ix":7},"sk":{"a":0,"k":0,"ix":4},"sa":{"a":0,"k":0,"ix":5},"nm":"Transform"}],"nm":"Group 2","np":3,"cix":2,"bm":0,"ix":1,"mn":"ADBE Vector Group","hd":false},{"ty":"gr","it":[{"ind":0,"ty":"sh","ix":1,"ks":{"a":0,"k":{"i":[[0,0],[0,0],[0,0],[0,0]],"o":[[0,0],[0,0],[0,0],[0,0]],"v":[[-135.876,19.881],[135.636,21.643],[112.2,-23.005],[-89.712,-22.028]],"c":true},"ix":2},"nm":"Path 1","mn":"ADBE Vector Shape - Group","hd":false},{"ty":"st","c":{"a":0,"k":[1,1,1,1],"ix":3},"o":{"a":0,"k":100,"ix":4},"w":{"a":0,"k":0,"ix":5},"lc":2,"lj":1,"ml":10,"bm":0,"nm":"Stroke 1","mn":"ADBE Vector Graphic - Stroke","hd":false},{"ty":"fl","c":{"a":0,"k":[1,1,1,1],"ix":4},"o":{"a":0,"k":100,"ix":5},"r":1,"bm":0,"nm":"Fill 1","mn":"ADBE Vector Graphic - Fill","hd":false},{"ty":"tr","p":{"a":0,"k":[252.878,244.991],"ix":2},"a":{"a":0,"k":[0,0],"ix":1},"s":{"a":0,"k":[100,100],"ix":3},"r":{"a":0,"k":0,"ix":6},"o":{"a":0,"k":100,"ix":7},"sk":{"a":0,"k":0,"ix":4},"sa":{"a":0,"k":0,"ix":5},"nm":"Transform"}],"nm":"Group 3","np":3,"cix":2,"bm":0,"ix":2,"mn":"ADBE Vector Group","hd":false},{"ty":"gr","it":[{"ind":0,"ty":"sh","ix":1,"ks":{"a":0,"k":{"i":[[0,0],[0,0],[0,0],[0,0]],"o":[[0,0],[0,0],[0,0],[0,0]],"v":[[133.712,-100.814],[112.47,102.335],[-98.513,102.335],[-133.712,-102.335]],"c":true},"ix":2},"nm":"Path 1","mn":"ADBE Vector Shape - Group","hd":false},{"ty":"st","c":{"a":0,"k":[1,1,1,1],"ix":3},"o":{"a":0,"k":100,"ix":4},"w":{"a":0,"k":4,"ix":5},"lc":2,"lj":1,"ml":10,"bm":0,"nm":"Stroke 1","mn":"ADBE Vector Graphic - Stroke","hd":false},{"ty":"fl","c":{"a":0,"k":[0.137254908681,0.137254908681,0.137254908681,1],"ix":4},"o":{"a":0,"k":100,"ix":5},"r":1,"bm":0,"nm":"Fill 1","mn":"ADBE Vector Graphic - Fill","hd":false},{"ty":"tr","p":{"a":0,"k":[252.878,368.809],"ix":2},"a":{"a":0,"k":[0,0],"ix":1},"s":{"a":0,"k":[100,100],"ix":3},"r":{"a":0,"k":0,"ix":6},"o":{"a":0,"k":100,"ix":7},"sk":{"a":0,"k":0,"ix":4},"sa":{"a":0,"k":0,"ix":5},"nm":"Transform"}],"nm":"Group 1","np":3,"cix":2,"bm":0,"ix":3,"mn":"ADBE Vector Group","hd":false}],"ip":0,"op":180,"st":0,"bm":0},{"ddd":0,"ind":3,"ty":4,"nm":"Blank A Outlines","parent":1,"sr":1,"ks":{"o":{"a":1,"k":[{"i":{"x":[0.833],"y":[0.833]},"o":{"x":[0.167],"y":[0.167]},"t":116.072,"s":[100]},{"t":117.857421875,"s":[0]}],"ix":11},"r":{"a":0,"k":0,"ix":10},"p":{"a":0,"k":[188,93,0],"ix":2},"a":{"a":0,"k":[188,93,0],"ix":1},"s":{"a":0,"k":[100,100,100],"ix":6}},"ao":0,"shapes":[{"ty":"gr","it":[{"ind":0,"ty":"sh","ix":1,"ks":{"a":1,"k":[{"i":{"x":0.667,"y":1},"o":{"x":0.333,"y":0},"t":36,"s":[{"i":[[0,0],[0,0],[0,0],[0,0]],"o":[[0,0],[0,0],[0,0],[0,0]],"v":[[117.242,56.864],[117.126,57.367],[104.958,27.581],[105.558,28.448]],"c":true}]},{"i":{"x":0.667,"y":1},"o":{"x":0.333,"y":0},"t":37,"s":[{"i":[[0,0],[0,0],[0,0],[0,0]],"o":[[0,0],[0,0],[0,0],[0,0]],"v":[[176.123,185.341],[176.006,185.845],[160.273,148.018],[160.873,148.886]],"c":true}]},{"i":{"x":0.833,"y":1},"o":{"x":0.333,"y":0},"t":49,"s":[{"i":[[0,0],[0,0],[0,0],[0,0]],"o":[[0,0],[0,0],[0,0],[0,0]],"v":[[315.714,142.735],[176.006,185.845],[160.273,148.018],[303.049,111.524]],"c":true}]},{"i":{"x":0.833,"y":1},"o":{"x":0.167,"y":0},"t":104,"s":[{"i":[[0,0],[0,0],[0,0],[0,0]],"o":[[0,0],[0,0],[0,0],[0,0]],"v":[[315.714,142.735],[176.006,185.845],[160.273,148.018],[303.049,111.524]],"c":true}]},{"t":111,"s":[{"i":[[0,0],[0,0],[0,0],[0,0]],"o":[[0,0],[0,0],[0,0],[0,0]],"v":[[250.898,71.132],[111.191,114.242],[95.457,76.416],[238.233,39.922]],"c":true}]}],"ix":2},"nm":"Path 1","mn":"ADBE Vector Shape - Group","hd":false},{"ind":1,"ty":"sh","ix":2,"ks":{"a":1,"k":[{"i":{"x":0.667,"y":1},"o":{"x":0.333,"y":0},"t":33,"s":[{"i":[[0,0],[0,0],[0,0],[0,0]],"o":[[0,0],[0,0],[0,0],[0,0]],"v":[[117.699,54.064],[118.518,57.118],[106.082,28.135],[105.24,28.503]],"c":true}]},{"i":{"x":0.667,"y":1},"o":{"x":0.333,"y":0},"t":34,"s":[{"i":[[0,0],[0,0],[0,0],[0,0]],"o":[[0,0],[0,0],[0,0],[0,0]],"v":[[143.409,119.394],[143.068,119.915],[130.319,83.205],[130.805,83.32]],"c":true}]},{"i":{"x":0.833,"y":1},"o":{"x":0.333,"y":0},"t":47,"s":[{"i":[[0,0],[0,0],[0,0],[0,0]],"o":[[0,0],[0,0],[0,0],[0,0]],"v":[[274.145,78.444],[143.068,119.915],[130.319,83.205],[264.581,50.05]],"c":true}]},{"i":{"x":0.833,"y":1},"o":{"x":0.167,"y":0},"t":110,"s":[{"i":[[0,0],[0,0],[0,0],[0,0]],"o":[[0,0],[0,0],[0,0],[0,0]],"v":[[274.145,78.444],[143.068,119.915],[130.319,83.205],[264.581,50.05]],"c":true}]},{"t":115,"s":[{"i":[[0,0],[0,0],[0,0],[0,0]],"o":[[0,0],[0,0],[0,0],[0,0]],"v":[[223.5,53.465],[92.423,94.936],[79.674,58.226],[213.936,25.071]],"c":true}]}],"ix":2},"nm":"Path 2","mn":"ADBE Vector Shape - Group","hd":false},{"ind":2,"ty":"sh","ix":3,"ks":{"a":1,"k":[{"i":{"x":0.667,"y":1},"o":{"x":0.333,"y":0},"t":29,"s":[{"i":[[0,0],[0,0],[0,0],[0,0]],"o":[[0,0],[0,0],[0,0],[0,0]],"v":[[120.448,58.826],[116.31,60.082],[103.106,26.222],[108.115,25.135]],"c":true}]},{"t":46,"s":[{"i":[[0,0],[0,0],[0,0],[0,0]],"o":[[0,0],[0,0],[0,0],[0,0]],"v":[[242.341,22.05],[116.31,60.082],[103.106,26.222],[231.706,-2.564]],"c":true}]}],"ix":2},"nm":"Path 3","mn":"ADBE Vector Shape - Group","hd":false},{"ty":"st","c":{"a":0,"k":[0,0,0,1],"ix":3},"o":{"a":0,"k":100,"ix":4},"w":{"a":0,"k":0,"ix":5},"lc":1,"lj":1,"ml":4,"bm":0,"nm":"Stroke 1","mn":"ADBE Vector Graphic - Stroke","hd":false},{"ty":"fl","c":{"a":0,"k":[0.870588235294,0.856931978114,0.861559938917,1],"ix":4},"o":{"a":0,"k":100,"ix":5},"r":1,"bm":0,"nm":"Fill 1","mn":"ADBE Vector Graphic - Fill","hd":false},{"ty":"tr","p":{"a":0,"k":[64.539,127.537],"ix":2},"a":{"a":0,"k":[0,0],"ix":1},"s":{"a":0,"k":[100,100],"ix":3},"r":{"a":0,"k":0,"ix":6},"o":{"a":1,"k":[{"i":{"x":[0.833],"y":[0.833]},"o":{"x":[0.167],"y":[0.167]},"t":27,"s":[0]},{"i":{"x":[0.833],"y":[0.833]},"o":{"x":[0.167],"y":[0.167]},"t":28,"s":[100]},{"i":{"x":[0.833],"y":[0.833]},"o":{"x":[0.167],"y":[0.167]},"t":49,"s":[100]},{"i":{"x":[0.833],"y":[0.833]},"o":{"x":[0.167],"y":[0.167]},"t":115,"s":[100]},{"t":116,"s":[0]}],"ix":7},"sk":{"a":0,"k":0,"ix":4},"sa":{"a":0,"k":0,"ix":5},"nm":"Transform"}],"nm":"Text","np":5,"cix":2,"bm":0,"ix":1,"mn":"ADBE Vector Group","hd":false},{"ty":"gr","it":[{"ty":"st","c":{"a":0,"k":[0,0,0,1],"ix":3},"o":{"a":0,"k":100,"ix":4},"w":{"a":0,"k":2,"ix":5},"lc":1,"lj":1,"ml":4,"bm":0,"nm":"Stroke 1","mn":"ADBE Vector Graphic - Stroke","hd":false},{"ty":"fl","c":{"a":0,"k":[0.870588235294,0.856931978114,0.861559938917,1],"ix":4},"o":{"a":0,"k":100,"ix":5},"r":1,"bm":0,"nm":"Fill 1","mn":"ADBE Vector Graphic - Fill","hd":false},{"ty":"tr","p":{"a":0,"k":[0,0],"ix":2},"a":{"a":0,"k":[0,0],"ix":1},"s":{"a":0,"k":[100,100],"ix":3},"r":{"a":0,"k":0,"ix":6},"o":{"a":0,"k":100,"ix":7},"sk":{"a":0,"k":0,"ix":4},"sa":{"a":0,"k":0,"ix":5},"nm":"Transform"}],"nm":"Shape 2","np":2,"cix":2,"bm":0,"ix":2,"mn":"ADBE Vector Group","hd":false},{"ty":"gr","it":[{"ind":0,"ty":"sh","ix":1,"ks":{"a":1,"k":[{"i":{"x":0.667,"y":1},"o":{"x":0.333,"y":0},"t":70,"s":[{"i":[[8.964,0.086],[-1.22,-0.356],[-0.699,-2.352],[0.83,-0.016]],"o":[[6.796,-0.207],[1.78,0.644],[0.363,0.96],[-0.858,0.234]],"v":[[-24.775,8.343],[-15.841,7.722],[-12.424,10.969],[-14.578,11.07]],"c":true}]},{"i":{"x":0.667,"y":1},"o":{"x":0.333,"y":0},"t":79,"s":[{"i":[[15.223,5.138],[-8.8,-9.777],[0.113,-2.415],[3.017,-1.454]],"o":[[6.796,-0.207],[3.155,3.769],[0.613,3.585],[-8.555,4.121]],"v":[[-24.775,8.343],[11.471,19.347],[14.763,25.281],[16.359,31.57]],"c":true}]},{"t":89,"s":[{"i":[[15.223,5.138],[-8.8,-9.777],[2.596,19.184],[8.415,-4.401]],"o":[[6.796,-0.207],[6.355,-12.223],[8.952,20.839],[-8.415,4.399]],"v":[[-24.775,8.343],[11.471,19.347],[13.763,-35.969],[16.359,31.57]],"c":true}]}],"ix":2},"nm":"Path 1","mn":"ADBE Vector Shape - Group","hd":false},{"ty":"st","c":{"a":0,"k":[0.2,0.8,0.6,1],"ix":3},"o":{"a":0,"k":100,"ix":4},"w":{"a":0,"k":2,"ix":5},"lc":1,"lj":1,"ml":10,"bm":0,"nm":"Stroke 1","mn":"ADBE Vector Graphic - Stroke","hd":false},{"ty":"fl","c":{"a":0,"k":[0.2,0.8,0.2,1],"ix":4},"o":{"a":0,"k":100,"ix":5},"r":1,"bm":0,"nm":"Fill 1","mn":"ADBE Vector Graphic - Fill","hd":false},{"ty":"tr","p":{"a":0,"k":[187.873,301.884],"ix":2},"a":{"a":0,"k":[0,0],"ix":1},"s":{"a":0,"k":[100,100],"ix":3},"r":{"a":0,"k":0,"ix":6},"o":{"a":1,"k":[{"i":{"x":[0.667],"y":[1]},"o":{"x":[0.333],"y":[0]},"t":69,"s":[0]},{"i":{"x":[0.833],"y":[1]},"o":{"x":[0.167],"y":[0]},"t":71,"s":[100]},{"i":{"x":[0.833],"y":[1]},"o":{"x":[0.167],"y":[0]},"t":101.785,"s":[100]},{"t":103.572265625,"s":[0]}],"ix":7},"sk":{"a":0,"k":0,"ix":4},"sa":{"a":0,"k":0,"ix":5},"nm":"Transform"}],"nm":"Check","np":3,"cix":2,"bm":0,"ix":3,"mn":"ADBE Vector Group","hd":false},{"ty":"gr","it":[{"ind":0,"ty":"sh","ix":1,"ks":{"a":0,"k":{"i":[[0,0],[0,0],[0,0],[0,0]],"o":[[0,0],[0,0],[0,0],[0,0]],"v":[[10.322,-25.128],[-25.995,-12.675],[-10.917,25.128],[25.995,11.486]],"c":true},"ix":2},"nm":"Path 1","mn":"ADBE Vector Shape - Group","hd":false},{"ty":"st","c":{"a":0,"k":[0.827000038297,0.827000038297,0.827000038297,1],"ix":3},"o":{"a":0,"k":100,"ix":4},"w":{"a":0,"k":2,"ix":5},"lc":1,"lj":1,"ml":10,"bm":0,"nm":"Stroke 1","mn":"ADBE Vector Graphic - Stroke","hd":false},{"ty":"fl","c":{"a":0,"k":[1,1,1,1],"ix":4},"o":{"a":0,"k":100,"ix":5},"r":1,"bm":0,"nm":"Fill 1","mn":"ADBE Vector Graphic - Fill","hd":false},{"ty":"tr","p":{"a":0,"k":[193.911,310.227],"ix":2},"a":{"a":0,"k":[0,0],"ix":1},"s":{"a":1,"k":[{"i":{"x":[0.667,0.667],"y":[1,1]},"o":{"x":[0.333,0.333],"y":[0,0]},"t":33,"s":[0,0]},{"i":{"x":[0.667,0.667],"y":[1,1]},"o":{"x":[0.333,0.333],"y":[0,0]},"t":38,"s":[105,105]},{"t":41,"s":[100,100]}],"ix":3},"r":{"a":0,"k":0,"ix":6},"o":{"a":1,"k":[{"i":{"x":[0.833],"y":[1]},"o":{"x":[0.167],"y":[0]},"t":103,"s":[100]},{"t":104.787109375,"s":[0]}],"ix":7},"sk":{"a":0,"k":0,"ix":4},"sa":{"a":0,"k":0,"ix":5},"nm":"Transform"}],"nm":"Sq3","np":3,"cix":2,"bm":0,"ix":4,"mn":"ADBE Vector Group","hd":false},{"ty":"gr","it":[{"ind":0,"ty":"sh","ix":1,"ks":{"a":0,"k":{"i":[[0,0],[0,0],[0,0],[0,0]],"o":[[0,0],[0,0],[0,0],[0,0]],"v":[[8.263,-20.971],[-22.965,-11.596],[-9.011,20.971],[22.965,11.466]],"c":true},"ix":2},"nm":"Path 1","mn":"ADBE Vector Shape - Group","hd":false},{"ty":"st","c":{"a":0,"k":[0.827000038297,0.827000038297,0.827000038297,1],"ix":3},"o":{"a":0,"k":100,"ix":4},"w":{"a":0,"k":2,"ix":5},"lc":1,"lj":1,"ml":10,"bm":0,"nm":"Stroke 1","mn":"ADBE Vector Graphic - Stroke","hd":false},{"ty":"fl","c":{"a":0,"k":[1,1,1,1],"ix":4},"o":{"a":0,"k":100,"ix":5},"r":1,"bm":0,"nm":"Fill 1","mn":"ADBE Vector Graphic - Fill","hd":false},{"ty":"tr","p":{"a":0,"k":[163.099,242.621],"ix":2},"a":{"a":0,"k":[0,0],"ix":1},"s":{"a":1,"k":[{"i":{"x":[0.667,0.667],"y":[1,1]},"o":{"x":[0.333,0.333],"y":[0,0]},"t":31,"s":[0,0]},{"i":{"x":[0.667,0.667],"y":[1,1]},"o":{"x":[0.333,0.333],"y":[0,0]},"t":36,"s":[105,105]},{"t":39,"s":[100,100]}],"ix":3},"r":{"a":0,"k":0,"ix":6},"o":{"a":1,"k":[{"i":{"x":[0.833],"y":[1]},"o":{"x":[0.167],"y":[0]},"t":110,"s":[100]},{"t":111.787109375,"s":[0]}],"ix":7},"sk":{"a":0,"k":0,"ix":4},"sa":{"a":0,"k":0,"ix":5},"nm":"Transform"}],"nm":"Sq2","np":3,"cix":2,"bm":0,"ix":5,"mn":"ADBE Vector Group","hd":false},{"ty":"gr","it":[{"ind":0,"ty":"sh","ix":1,"ks":{"a":0,"k":{"i":[[0,0],[0,0],[0,0],[0,0]],"o":[[0,0],[0,0],[0,0],[0,0]],"v":[[9.122,-18.136],[-19.747,-9.868],[-7.749,18.136],[19.747,9.962]],"c":true},"ix":2},"nm":"Path 1","mn":"ADBE Vector Shape - Group","hd":false},{"ty":"st","c":{"a":0,"k":[0.827000038297,0.827000038297,0.827000038297,1],"ix":3},"o":{"a":0,"k":100,"ix":4},"w":{"a":0,"k":2,"ix":5},"lc":1,"lj":1,"ml":10,"bm":0,"nm":"Stroke 1","mn":"ADBE Vector Graphic - Stroke","hd":false},{"ty":"fl","c":{"a":0,"k":[1,1,1,1],"ix":4},"o":{"a":0,"k":100,"ix":5},"r":1,"bm":0,"nm":"Fill 1","mn":"ADBE Vector Graphic - Fill","hd":false},{"ty":"tr","p":{"a":0,"k":[136.941,182.136],"ix":2},"a":{"a":0,"k":[0,0],"ix":1},"s":{"a":1,"k":[{"i":{"x":[0.667,0.667],"y":[1,1]},"o":{"x":[0.333,0.333],"y":[0,0]},"t":25,"s":[0,0]},{"i":{"x":[0.667,0.667],"y":[1,1]},"o":{"x":[0.333,0.333],"y":[0,0]},"t":30,"s":[105,105]},{"t":33,"s":[100,100]}],"ix":3},"r":{"a":0,"k":0,"ix":6},"o":{"a":1,"k":[{"i":{"x":[0.833],"y":[1]},"o":{"x":[0.167],"y":[0]},"t":111.213,"s":[100]},{"t":113,"s":[0]}],"ix":7},"sk":{"a":0,"k":0,"ix":4},"sa":{"a":0,"k":0,"ix":5},"nm":"Transform"}],"nm":"Sq1","np":3,"cix":2,"bm":0,"ix":6,"mn":"ADBE Vector Group","hd":false},{"ty":"gr","it":[{"ind":0,"ty":"sh","ix":1,"ks":{"a":1,"k":[{"i":{"x":0.833,"y":0.833},"o":{"x":0.167,"y":0},"t":90,"s":[{"i":[[0,0],[0,0],[-47.714,25.038],[0,0]],"o":[[0,0],[0,0],[0,0],[0,0]],"v":[[-178.821,-107.041],[-77.865,175.222],[186.615,86.227],[49.507,-165.773]],"c":true}]},{"i":{"x":0.833,"y":1},"o":{"x":0.167,"y":0.167},"t":97,"s":[{"i":[[0,0],[-3.566,-8.174],[-5.512,23.152],[0,0]],"o":[[0,0],[57.68,-21.939],[0,0],[0,0]],"v":[[-183.965,-106.696],[-88.997,141.364],[174.253,47.119],[48.377,-171.603]],"c":true}]},{"i":{"x":0.833,"y":0.833},"o":{"x":0.333,"y":0},"t":100,"s":[{"i":[[0,0],[0,0],[-25.809,32.104],[0,0]],"o":[[0,0],[0,0],[0,0],[0,0]],"v":[[-185.806,-106.572],[-96.458,128.463],[169.831,33.127],[47.973,-173.688]],"c":true}]},{"i":{"x":0.833,"y":1},"o":{"x":0.167,"y":0.167},"t":109,"s":[{"i":[[0,0],[0,0],[63.304,94.009],[0,0]],"o":[[0,0],[0,0],[0,0],[0,0]],"v":[[-185.806,-106.572],[-120.061,73.745],[119.439,-45.87],[47.974,-173.688]],"c":true}]},{"t":117.857421875,"s":[{"i":[[0,0],[0,0],[-20.766,15.051],[0,0]],"o":[[0,0],[0,0],[0,0],[0,0]],"v":[[-185.806,-106.572],[-138.85,16.089],[97.808,-65.284],[47.974,-173.688]],"c":true}]}],"ix":2},"nm":"Path 1","mn":"ADBE Vector Shape - Group","hd":false},{"ty":"st","c":{"a":0,"k":[0.827000038297,0.827000038297,0.827000038297,1],"ix":3},"o":{"a":0,"k":100,"ix":4},"w":{"a":0,"k":2,"ix":5},"lc":1,"lj":1,"ml":10,"bm":0,"nm":"Stroke 1","mn":"ADBE Vector Graphic - Stroke","hd":false},{"ty":"fl","c":{"a":0,"k":[1,1,1,1],"ix":4},"o":{"a":0,"k":100,"ix":5},"r":1,"bm":0,"nm":"Fill 1","mn":"ADBE Vector Graphic - Fill","hd":false},{"ty":"tr","p":{"a":0,"k":[257.013,248.358],"ix":2},"a":{"a":0,"k":[0,0],"ix":1},"s":{"a":0,"k":[100,100],"ix":3},"r":{"a":0,"k":0,"ix":6},"o":{"a":0,"k":100,"ix":7},"sk":{"a":0,"k":0,"ix":4},"sa":{"a":0,"k":0,"ix":5},"nm":"Transform"}],"nm":"Shape","np":3,"cix":2,"bm":0,"ix":7,"mn":"ADBE Vector Group","hd":false}],"ip":0,"op":180,"st":0,"bm":0}]}],"layers":[{"ddd":0,"ind":1,"ty":0,"nm":"elections","refId":"comp_0","sr":1,"ks":{"o":{"a":0,"k":100,"ix":11},"r":{"a":0,"k":0,"ix":10},"p":{"s":true,"x":{"a":1,"k":[{"i":{"x":[0.667],"y":[1]},"o":{"x":[0.333],"y":[0]},"t":18,"s":[349]},{"t":26,"s":[300]}],"ix":3},"y":{"a":0,"k":350,"ix":4}},"a":{"a":0,"k":[250,250,0],"ix":1},"s":{"a":0,"k":[100,100,100],"ix":6}},"ao":0,"w":500,"h":500,"ip":0,"op":180,"st":0,"bm":0}],"markers":[]}