{"v":"5.9.6","fr":30,"ip":0,"op":38,"w":1080,"h":1080,"nm":"cegret man","ddd":0,"assets":[],"layers":[{"ddd":0,"ind":1,"ty":4,"nm":"Shape Layer 1","sr":1,"ks":{"o":{"a":0,"k":100,"ix":11},"r":{"a":0,"k":0,"ix":10},"p":{"a":0,"k":[487.317,911.82,0],"ix":2,"l":2},"a":{"a":0,"k":[-46.604,371.82,0],"ix":1,"l":2},"s":{"a":1,"k":[{"i":{"x":[0.667,0.667,0.667],"y":[1,1,1]},"o":{"x":[0.333,0.333,0.333],"y":[0,0,0]},"t":0,"s":[100,100,100]},{"i":{"x":[0.667,0.667,0.667],"y":[1,1,1]},"o":{"x":[0.333,0.333,0.333],"y":[0,0,0]},"t":10,"s":[93,100,100]},{"i":{"x":[0.667,0.667,0.667],"y":[1,1,1]},"o":{"x":[0.333,0.333,0.333],"y":[0,0,0]},"t":20,"s":[100,100,100]},{"i":{"x":[0.667,0.667,0.667],"y":[1,1,1]},"o":{"x":[0.333,0.333,0.333],"y":[0,0,0]},"t":29.5,"s":[93,100,100]},{"t":38,"s":[100,100,100]}],"ix":6,"l":2}},"ao":0,"shapes":[{"ty":"gr","it":[{"ind":0,"ty":"sh","ix":1,"ks":{"a":0,"k":{"i":[[0,0],[0,0]],"o":[[0,0],[0,0]],"v":[[-298.874,371.82],[205.666,371.82]],"c":false},"ix":2},"nm":"Path 1","mn":"ADBE Vector Shape - Group","hd":false},{"ty":"st","c":{"a":0,"k":[0.670588235294,0.670588235294,0.670588235294,1],"ix":3},"o":{"a":0,"k":100,"ix":4},"w":{"a":0,"k":33,"ix":5},"lc":2,"lj":1,"ml":4,"bm":0,"nm":"Stroke 1","mn":"ADBE Vector Graphic - Stroke","hd":false},{"ty":"tr","p":{"a":0,"k":[0,0],"ix":2},"a":{"a":0,"k":[0,0],"ix":1},"s":{"a":0,"k":[100,100],"ix":3},"r":{"a":0,"k":0,"ix":6},"o":{"a":0,"k":100,"ix":7},"sk":{"a":0,"k":0,"ix":4},"sa":{"a":0,"k":0,"ix":5},"nm":"Transform"}],"nm":"Shape 1","np":3,"cix":2,"bm":0,"ix":1,"mn":"ADBE Vector Group","hd":false}],"ip":0,"op":600,"st":0,"ct":1,"bm":0},{"ddd":0,"ind":2,"ty":4,"nm":"ciggeratte Outlines","parent":6,"sr":1,"ks":{"o":{"a":0,"k":100,"ix":11},"r":{"a":1,"k":[{"i":{"x":[0.667],"y":[1]},"o":{"x":[0.333],"y":[0]},"t":9,"s":[0]},{"i":{"x":[0.667],"y":[1]},"o":{"x":[0.333],"y":[0]},"t":11,"s":[50]},{"i":{"x":[0.667],"y":[1]},"o":{"x":[0.333],"y":[0]},"t":18,"s":[50]},{"i":{"x":[0.667],"y":[1]},"o":{"x":[0.333],"y":[0]},"t":20,"s":[0]},{"i":{"x":[0.667],"y":[1]},"o":{"x":[0.333],"y":[0]},"t":27,"s":[0]},{"i":{"x":[0.667],"y":[1]},"o":{"x":[0.333],"y":[0]},"t":29,"s":[50]},{"i":{"x":[0.667],"y":[1]},"o":{"x":[0.333],"y":[0]},"t":34,"s":[50]},{"t":38,"s":[0]}],"ix":10},"p":{"a":0,"k":[180.25,134.25,0],"ix":2,"l":2},"a":{"a":0,"k":[0.25,58.25,0],"ix":1,"l":2},"s":{"a":0,"k":[100,100,100],"ix":6,"l":2}},"ao":0,"shapes":[{"ty":"gr","it":[{"ind":0,"ty":"sh","ix":1,"ks":{"a":0,"k":{"i":[[0,-4.418],[4.418,0],[0,4.418],[-4.418,0]],"o":[[0,4.418],[-4.418,0],[0,-4.418],[4.418,0]],"v":[[8,0],[0,8],[-8,0],[0,-8]],"c":true},"ix":2},"nm":"Path 1","mn":"ADBE Vector Shape - Group","hd":false},{"ty":"fl","c":{"a":0,"k":[0.725490196078,0.164705882353,0.20000001496,1],"ix":4},"o":{"a":0,"k":100,"ix":5},"r":1,"bm":0,"nm":"Fill 1","mn":"ADBE Vector Graphic - Fill","hd":false},{"ty":"tr","p":{"a":0,"k":[68.25,18.25],"ix":2},"a":{"a":0,"k":[0,0],"ix":1},"s":{"a":0,"k":[100,100],"ix":3},"r":{"a":0,"k":0,"ix":6},"o":{"a":0,"k":100,"ix":7},"sk":{"a":0,"k":0,"ix":4},"sa":{"a":0,"k":0,"ix":5},"nm":"Transform"}],"nm":"Group 1","np":2,"cix":2,"bm":0,"ix":1,"mn":"ADBE Vector Group","hd":false},{"ty":"gr","it":[{"ind":0,"ty":"sh","ix":1,"ks":{"a":0,"k":{"i":[[100,-34],[-17,-12]],"o":[[0,0],[0,0]],"v":[[-50,29],[22,-17]],"c":true},"ix":2},"nm":"Path 1","mn":"ADBE Vector Shape - Group","hd":false},{"ty":"fl","c":{"a":0,"k":[0.298039215686,0.215686289469,0.16862745098,1],"ix":4},"o":{"a":0,"k":100,"ix":5},"r":1,"bm":0,"nm":"Fill 1","mn":"ADBE Vector Graphic - Fill","hd":false},{"ty":"tr","p":{"a":0,"k":[50.25,29.25],"ix":2},"a":{"a":0,"k":[0,0],"ix":1},"s":{"a":0,"k":[100,100],"ix":3},"r":{"a":0,"k":0,"ix":6},"o":{"a":0,"k":100,"ix":7},"sk":{"a":0,"k":0,"ix":4},"sa":{"a":0,"k":0,"ix":5},"nm":"Transform"}],"nm":"Group 2","np":2,"cix":2,"bm":0,"ix":2,"mn":"ADBE Vector Group","hd":false}],"ip":0,"op":600,"st":0,"ct":1,"bm":0},{"ddd":0,"ind":3,"ty":4,"nm":"hand Outlines","parent":5,"sr":1,"ks":{"o":{"a":0,"k":100,"ix":11},"r":{"a":0,"k":0,"ix":10},"p":{"a":1,"k":[{"i":{"x":0.667,"y":1},"o":{"x":0.333,"y":0},"t":0,"s":[256.308,203.581,0],"to":[0,0.167,0],"ti":[0,-6.167,0]},{"i":{"x":0.667,"y":1},"o":{"x":0.333,"y":0},"t":3,"s":[256.308,204.581,0],"to":[0,6.167,0],"ti":[0,0.167,0]},{"i":{"x":0.667,"y":1},"o":{"x":0.333,"y":0},"t":7,"s":[256.308,240.581,0],"to":[0,-0.167,0],"ti":[0,0,0]},{"i":{"x":0.667,"y":1},"o":{"x":0.333,"y":0},"t":18,"s":[256.308,203.581,0],"to":[0,0,0],"ti":[0,0,0]},{"i":{"x":0.667,"y":1},"o":{"x":0.333,"y":0},"t":23,"s":[256.308,240.581,0],"to":[0,0,0],"ti":[0,6.167,0]},{"t":35,"s":[256.308,203.581,0]}],"ix":2,"l":2},"a":{"a":0,"k":[21.5,15.831,0],"ix":1,"l":2},"s":{"a":0,"k":[100,100,100],"ix":6,"l":2}},"ao":0,"shapes":[{"ty":"gr","it":[{"ind":0,"ty":"sh","ix":1,"ks":{"a":0,"k":{"i":[[12,-19],[0,0],[-29.886,6.006],[0.234,3.121],[12.189,5.688]],"o":[[0,0],[0,0],[3.068,-0.616],[-1.088,-14.554],[0,0]],"v":[[-25.278,-22.081],[-17.278,33.919],[20.071,35.075],[25.045,28.525],[7.722,-31.081]],"c":true},"ix":2},"nm":"Path 1","mn":"ADBE Vector Shape - Group","hd":false},{"ty":"fl","c":{"a":0,"k":[0.976470588235,0.635294117647,0.525490196078,1],"ix":4},"o":{"a":0,"k":100,"ix":5},"r":1,"bm":0,"nm":"Fill 1","mn":"ADBE Vector Graphic - Fill","hd":false},{"ty":"tr","p":{"a":0,"k":[25.528,41.331],"ix":2},"a":{"a":0,"k":[0,0],"ix":1},"s":{"a":0,"k":[100,100],"ix":3},"r":{"a":0,"k":0,"ix":6},"o":{"a":0,"k":100,"ix":7},"sk":{"a":0,"k":0,"ix":4},"sa":{"a":0,"k":0,"ix":5},"nm":"Transform"}],"nm":"Group 1","np":2,"cix":2,"bm":0,"ix":1,"mn":"ADBE Vector Group","hd":false},{"ty":"gr","it":[{"ind":0,"ty":"sh","ix":1,"ks":{"a":0,"k":{"i":[[0,0],[0,0],[0,0],[0,0]],"o":[[0,0],[0,0],[0,0],[0,0]],"v":[[10.256,-37.064],[-33.75,-14.603],[-3.989,37.064],[33.75,22.169]],"c":true},"ix":2},"nm":"Path 1","mn":"ADBE Vector Shape - Group","hd":false},{"ty":"fl","c":{"a":0,"k":[0.039215686275,0.423529441684,0.458823559331,1],"ix":4},"o":{"a":0,"k":100,"ix":5},"r":1,"bm":0,"nm":"Fill 1","mn":"ADBE Vector Graphic - Fill","hd":false},{"ty":"tr","p":{"a":0,"k":[37,40.186],"ix":2},"a":{"a":0,"k":[0,0],"ix":1},"s":{"a":0,"k":[100,100],"ix":3},"r":{"a":0,"k":0,"ix":6},"o":{"a":0,"k":100,"ix":7},"sk":{"a":0,"k":0,"ix":4},"sa":{"a":0,"k":0,"ix":5},"nm":"Transform"}],"nm":"Group 2","np":2,"cix":2,"bm":0,"ix":2,"mn":"ADBE Vector Group","hd":false}],"ip":0,"op":600,"st":0,"ct":1,"bm":0},{"ddd":0,"ind":4,"ty":4,"nm":"wire Outlines","parent":6,"sr":1,"ks":{"o":{"a":0,"k":100,"ix":11},"r":{"a":0,"k":0,"ix":10},"p":{"a":0,"k":[29.875,171.375,0],"ix":2,"l":2},"a":{"a":0,"k":[68.625,12.625,0],"ix":1,"l":2},"s":{"a":0,"k":[100,100,100],"ix":6,"l":2}},"ao":0,"shapes":[{"ty":"gr","it":[{"ind":0,"ty":"sh","ix":1,"ks":{"a":1,"k":[{"i":{"x":0.667,"y":1},"o":{"x":0.333,"y":0},"t":0,"s":[{"i":[[0,0],[-70,-109]],"o":[[0,0],[0,0]],"v":[[21.5,-111.75],[35,111.75]],"c":false}]},{"i":{"x":0.667,"y":1},"o":{"x":0.333,"y":0},"t":6,"s":[{"i":[[0,0],[-106.505,-96.175]],"o":[[0,0],[0,0]],"v":[[21.5,-111.75],[78.275,135.957]],"c":false}]},{"i":{"x":0.667,"y":1},"o":{"x":0.333,"y":0},"t":7,"s":[{"i":[[0,0],[-112.59,-94.037]],"o":[[0,0],[0,0]],"v":[[21.5,-111.75],[87.613,139.276]],"c":false}]},{"i":{"x":0.667,"y":1},"o":{"x":0.333,"y":0},"t":11,"s":[{"i":[[0,0],[-136.926,-85.487]],"o":[[0,0],[0,0]],"v":[[21.5,-111.75],[111.735,124.588]],"c":false}]},{"i":{"x":0.667,"y":1},"o":{"x":0.333,"y":0},"t":16,"s":[{"i":[[0,0],[-113.814,-92.485]],"o":[[0,0],[0,0]],"v":[[21.5,-111.75],[72.672,133.197]],"c":false}]},{"i":{"x":0.667,"y":1},"o":{"x":0.333,"y":0},"t":20,"s":[{"i":[[0,0],[-84.172,-89.843]],"o":[[0,0],[0,0]],"v":[[21.5,-111.75],[37.672,138.197]],"c":false}]},{"i":{"x":0.667,"y":1},"o":{"x":0.333,"y":0},"t":25,"s":[{"i":[[0,0],[-84.172,-89.843]],"o":[[0,0],[0,0]],"v":[[21.5,-111.75],[85.816,159.461]],"c":false}]},{"i":{"x":0.667,"y":1},"o":{"x":0.333,"y":0},"t":29,"s":[{"i":[[0,0],[-135.901,-75.472]],"o":[[0,0],[0,0]],"v":[[21.5,-111.75],[117.319,126.574]],"c":false}]},{"i":{"x":0.667,"y":1},"o":{"x":0.333,"y":0},"t":32,"s":[{"i":[[0,0],[-100.493,-81.947]],"o":[[0,0],[0,0]],"v":[[21.5,-111.75],[72.357,136.34]],"c":false}]},{"t":38,"s":[{"i":[[0,0],[-70,-109]],"o":[[0,0],[0,0]],"v":[[21.5,-111.75],[35,111.75]],"c":false}]}],"ix":2},"nm":"Path 1","mn":"ADBE Vector Shape - Group","hd":false},{"ty":"st","c":{"a":0,"k":[0.039215686275,0.423529441684,0.458823559331,1],"ix":3},"o":{"a":0,"k":100,"ix":4},"w":{"a":0,"k":5,"ix":5},"lc":1,"lj":1,"ml":10,"bm":0,"nm":"Stroke 1","mn":"ADBE Vector Graphic - Stroke","hd":false},{"ty":"tr","p":{"a":0,"k":[47.5,124.25],"ix":2},"a":{"a":0,"k":[0,0],"ix":1},"s":{"a":0,"k":[100,100],"ix":3},"r":{"a":0,"k":0,"ix":6},"o":{"a":0,"k":100,"ix":7},"sk":{"a":0,"k":0,"ix":4},"sa":{"a":0,"k":0,"ix":5},"nm":"Transform"}],"nm":"Group 1","np":2,"cix":2,"bm":0,"ix":1,"mn":"ADBE Vector Group","hd":false}],"ip":0,"op":600,"st":0,"ct":1,"bm":0},{"ddd":0,"ind":5,"ty":4,"nm":"right arm Outlines","parent":9,"sr":1,"ks":{"o":{"a":0,"k":100,"ix":11},"r":{"a":0,"k":0,"ix":10},"p":{"a":0,"k":[23.072,60.227,0],"ix":2,"l":2},"a":{"a":0,"k":[236.029,73.5,0],"ix":1,"l":2},"s":{"a":0,"k":[100,100,100],"ix":6,"l":2}},"ao":0,"shapes":[{"ty":"gr","it":[{"ind":0,"ty":"sh","ix":1,"ks":{"a":1,"k":[{"i":{"x":0.667,"y":1},"o":{"x":0.333,"y":0},"t":0,"s":[{"i":[[0,0],[-174.058,-59.5]],"o":[[-7.354,6.861],[0,0]],"v":[[76.029,-66.5],[87.029,66.5]],"c":false}]},{"i":{"x":0.667,"y":1},"o":{"x":0.333,"y":0},"t":3,"s":[{"i":[[0,0],[-182,-58]],"o":[[-7.354,6.861],[0,0]],"v":[[76.779,-64.25],[87.029,68.5]],"c":false}]},{"i":{"x":0.667,"y":1},"o":{"x":0.333,"y":0},"t":7,"s":[{"i":[[0,0],[-167.5,-54.166]],"o":[[-7.354,6.861],[0,0]],"v":[[78.029,-61.5],[95.029,106.5]],"c":false}]},{"i":{"x":0.667,"y":1},"o":{"x":0.333,"y":0},"t":18,"s":[{"i":[[0,0],[-174.058,-59.5]],"o":[[-7.354,6.861],[0,0]],"v":[[76.029,-66.5],[87.029,66.5]],"c":false}]},{"i":{"x":0.667,"y":1},"o":{"x":0.333,"y":0},"t":23,"s":[{"i":[[0,0],[-167.5,-54.166]],"o":[[-7.354,6.861],[0,0]],"v":[[78.029,-61.5],[95.029,106.5]],"c":false}]},{"t":38,"s":[{"i":[[0,0],[-174.058,-59.5]],"o":[[-7.354,6.861],[0,0]],"v":[[76.029,-66.5],[87.029,66.5]],"c":false}]}],"ix":2},"nm":"Path 1","mn":"ADBE Vector Shape - Group","hd":false},{"ty":"st","c":{"a":0,"k":[0.976470588235,0.635294117647,0.525490196078,1],"ix":3},"o":{"a":0,"k":100,"ix":4},"w":{"a":0,"k":30,"ix":5},"lc":2,"lj":1,"ml":10,"bm":0,"nm":"Stroke 1","mn":"ADBE Vector Graphic - Stroke","hd":false},{"ty":"tr","p":{"a":0,"k":[162.029,141.5],"ix":2},"a":{"a":0,"k":[0,0],"ix":1},"s":{"a":0,"k":[100,100],"ix":3},"r":{"a":0,"k":0,"ix":6},"o":{"a":0,"k":100,"ix":7},"sk":{"a":0,"k":0,"ix":4},"sa":{"a":0,"k":0,"ix":5},"nm":"Transform"}],"nm":"Group 1","np":2,"cix":2,"bm":0,"ix":1,"mn":"ADBE Vector Group","hd":false}],"ip":0,"op":600,"st":0,"ct":1,"bm":0},{"ddd":0,"ind":6,"ty":4,"nm":"head Outlines","parent":7,"sr":1,"ks":{"o":{"a":0,"k":100,"ix":11},"r":{"a":1,"k":[{"i":{"x":[0.667],"y":[1]},"o":{"x":[0.333],"y":[0]},"t":0,"s":[0]},{"i":{"x":[0.667],"y":[1]},"o":{"x":[0.333],"y":[0]},"t":11,"s":[27]},{"i":{"x":[0.667],"y":[1]},"o":{"x":[0.333],"y":[0]},"t":20,"s":[0]},{"i":{"x":[0.667],"y":[1]},"o":{"x":[0.333],"y":[0]},"t":29,"s":[27]},{"t":38,"s":[0]}],"ix":10},"p":{"a":1,"k":[{"i":{"x":0.667,"y":1},"o":{"x":0.333,"y":0},"t":0,"s":[52.39,6.25,0],"to":[2.037,3.143,0],"ti":[0,1.833,0]},{"i":{"x":0.667,"y":1},"o":{"x":0.333,"y":0},"t":11,"s":[64.611,25.109,0],"to":[0,-1.833,0],"ti":[0,0,0]},{"i":{"x":0.667,"y":1},"o":{"x":0.333,"y":0},"t":20,"s":[52.39,-4.75,0],"to":[0,0,0],"ti":[0,0,0]},{"i":{"x":0.667,"y":1},"o":{"x":0.333,"y":0},"t":29,"s":[64.611,25.109,0],"to":[0,0,0],"ti":[2.037,4.977,0]},{"t":38,"s":[52.39,-4.75,0]}],"ix":2,"l":2},"a":{"a":0,"k":[105.25,209.25,0],"ix":1,"l":2},"s":{"a":0,"k":[100,100,100],"ix":6,"l":2}},"ao":0,"shapes":[{"ty":"gr","it":[{"ind":0,"ty":"sh","ix":1,"ks":{"a":0,"k":{"i":[[0,-4.971],[4.971,0],[0,4.971],[-4.971,0]],"o":[[0,4.971],[-4.971,0],[0,-4.971],[4.971,0]],"v":[[9,0],[0,9],[-9,0],[0,-9]],"c":true},"ix":2},"nm":"Path 1","mn":"ADBE Vector Shape - Group","hd":false},{"ty":"fl","c":{"a":0,"k":[0.039215686275,0.423529441684,0.458823559331,1],"ix":4},"o":{"a":0,"k":100,"ix":5},"r":1,"bm":0,"nm":"Fill 1","mn":"ADBE Vector Graphic - Fill","hd":false},{"ty":"tr","p":{"a":0,"k":[32.25,169.25],"ix":2},"a":{"a":0,"k":[0,0],"ix":1},"s":{"a":0,"k":[100,100],"ix":3},"r":{"a":0,"k":0,"ix":6},"o":{"a":0,"k":100,"ix":7},"sk":{"a":0,"k":0,"ix":4},"sa":{"a":0,"k":0,"ix":5},"nm":"Transform"}],"nm":"Group 1","np":2,"cix":2,"bm":0,"ix":1,"mn":"ADBE Vector Group","hd":false},{"ty":"gr","it":[{"ind":0,"ty":"sh","ix":1,"ks":{"a":0,"k":{"i":[[-49.375,-5.625],[-17.868,21.996],[-1.194,-2.109],[5.438,-16.315],[62.626,24.822],[2.397,8.242]],"o":[[0,0],[1.528,-1.882],[3.289,5.816],[0,0],[-7.98,-3.163],[-3.603,-12.392]],"v":[[-0.805,-21.916],[41.413,-41.206],[47.078,-40.74],[49.195,-6.916],[-34.341,18.266],[-51.03,0.32]],"c":true},"ix":2},"nm":"Path 1","mn":"ADBE Vector Shape - Group","hd":false},{"ty":"fl","c":{"a":0,"k":[1,1,1,1],"ix":4},"o":{"a":0,"k":100,"ix":5},"r":1,"bm":0,"nm":"Fill 1","mn":"ADBE Vector Graphic - Fill","hd":false},{"ty":"tr","p":{"a":0,"k":[141.055,156.166],"ix":2},"a":{"a":0,"k":[0,0],"ix":1},"s":{"a":0,"k":[100,100],"ix":3},"r":{"a":0,"k":0,"ix":6},"o":{"a":0,"k":100,"ix":7},"sk":{"a":0,"k":0,"ix":4},"sa":{"a":0,"k":0,"ix":5},"nm":"Transform"}],"nm":"Group 2","np":2,"cix":2,"bm":0,"ix":2,"mn":"ADBE Vector Group","hd":false},{"ty":"gr","it":[{"ind":0,"ty":"sh","ix":1,"ks":{"a":0,"k":{"i":[[5.974,-1.444],[0.087,-11.444],[-2.591,-4.981],[-11.683,4.326],[-0.826,0.676],[32.657,30.053]],"o":[[-5.678,1.373],[-0.042,5.613],[5.495,10.565],[1.001,-0.371],[5.295,-4.334],[-4.522,-4.162]],"v":[[-18.998,-31.398],[-30.394,-14.328],[-26.395,1.788],[3.191,28.516],[5.92,26.885],[-2.222,-26.771]],"c":true},"ix":2},"nm":"Path 1","mn":"ADBE Vector Shape - Group","hd":false},{"ty":"fl","c":{"a":0,"k":[0.976470588235,0.635294117647,0.525490196078,1],"ix":4},"o":{"a":0,"k":100,"ix":5},"r":1,"bm":0,"nm":"Fill 1","mn":"ADBE Vector Graphic - Fill","hd":false},{"ty":"tr","p":{"a":0,"k":[42.554,166.435],"ix":2},"a":{"a":0,"k":[0,0],"ix":1},"s":{"a":0,"k":[100,100],"ix":3},"r":{"a":0,"k":0,"ix":6},"o":{"a":0,"k":100,"ix":7},"sk":{"a":0,"k":0,"ix":4},"sa":{"a":0,"k":0,"ix":5},"nm":"Transform"}],"nm":"Group 3","np":2,"cix":2,"bm":0,"ix":3,"mn":"ADBE Vector Group","hd":false},{"ty":"gr","it":[{"ind":0,"ty":"sh","ix":1,"ks":{"a":0,"k":{"i":[[20.5,9.5],[-8,22],[15,-6]],"o":[[0,0],[0,0],[0,0]],"v":[[-24.75,4.25],[24.25,-13.75],[9.75,6.75]],"c":true},"ix":2},"nm":"Path 1","mn":"ADBE Vector Shape - Group","hd":false},{"ty":"fl","c":{"a":0,"k":[0,0,0,1],"ix":4},"o":{"a":0,"k":100,"ix":5},"r":1,"bm":0,"nm":"Fill 1","mn":"ADBE Vector Graphic - Fill","hd":false},{"ty":"tr","p":{"a":0,"k":[112.5,103.5],"ix":2},"a":{"a":0,"k":[0,0],"ix":1},"s":{"a":0,"k":[100,100],"ix":3},"r":{"a":0,"k":0,"ix":6},"o":{"a":0,"k":100,"ix":7},"sk":{"a":0,"k":0,"ix":4},"sa":{"a":0,"k":0,"ix":5},"nm":"Transform"}],"nm":"Group 4","np":2,"cix":2,"bm":0,"ix":4,"mn":"ADBE Vector Group","hd":false},{"ty":"gr","it":[{"ind":0,"ty":"sh","ix":1,"ks":{"a":0,"k":{"i":[[0,0],[-8,20],[4.824,-1.84],[16,10.258]],"o":[[0,0],[0,0],[0,0],[0,0]],"v":[[-16,2.742],[16,-14.258],[10.823,2.902],[-16,4]],"c":false},"ix":2},"nm":"Path 1","mn":"ADBE Vector Shape - Group","hd":false},{"ty":"fl","c":{"a":0,"k":[0,0,0,1],"ix":4},"o":{"a":0,"k":100,"ix":5},"r":1,"bm":0,"nm":"Fill 1","mn":"ADBE Vector Graphic - Fill","hd":false},{"ty":"tr","p":{"a":0,"k":[165.25,82.508],"ix":2},"a":{"a":0,"k":[0,0],"ix":1},"s":{"a":0,"k":[100,100],"ix":3},"r":{"a":0,"k":0,"ix":6},"o":{"a":0,"k":100,"ix":7},"sk":{"a":0,"k":0,"ix":4},"sa":{"a":0,"k":0,"ix":5},"nm":"Transform"}],"nm":"Group 5","np":2,"cix":2,"bm":0,"ix":5,"mn":"ADBE Vector Group","hd":false},{"ty":"gr","it":[{"ind":0,"ty":"sh","ix":1,"ks":{"a":0,"k":{"i":[[23.821,76.393],[-13,67],[-31,-36],[36.877,13.437],[28,-4],[-1,-75],[-5,-5],[-24,8],[-80,-23],[-24,69],[14,9],[60.719,9.49],[2.834,0.22]],"o":[[0,0],[0,0],[-1.043,3.697],[0,0],[0,0],[0,0],[0,0],[0,0],[0,0],[0,0],[0,0],[-2.808,-0.439],[-9.676,-0.749]],"v":[[-55,-22],[11,-116],[77,-76],[41,-125],[-48,-129],[-106,-44],[-93,8],[-50,30],[8,106],[100,64],[93,-5],[16.192,65.007],[7.717,64.06]],"c":true},"ix":2},"nm":"Path 1","mn":"ADBE Vector Shape - Group","hd":false},{"ty":"fl","c":{"a":0,"k":[0.411764705882,0.247058823529,0.160784313725,1],"ix":4},"o":{"a":0,"k":100,"ix":5},"r":1,"bm":0,"nm":"Fill 1","mn":"ADBE Vector Graphic - Fill","hd":false},{"ty":"tr","p":{"a":0,"k":[107.25,133.25],"ix":2},"a":{"a":0,"k":[0,0],"ix":1},"s":{"a":0,"k":[100,100],"ix":3},"r":{"a":0,"k":0,"ix":6},"o":{"a":0,"k":100,"ix":7},"sk":{"a":0,"k":0,"ix":4},"sa":{"a":0,"k":0,"ix":5},"nm":"Transform"}],"nm":"Group 6","np":2,"cix":2,"bm":0,"ix":6,"mn":"ADBE Vector Group","hd":false},{"ty":"gr","it":[{"ind":0,"ty":"sh","ix":1,"ks":{"a":0,"k":{"i":[[0,-54.676],[68.01,0],[0,54.676],[-54.676,0]],"o":[[0,44.01],[-54.676,0],[0,-54.676],[54.676,0]],"v":[[95,0],[-4,99],[-95,1],[-4,-99]],"c":true},"ix":2},"nm":"Path 1","mn":"ADBE Vector Shape - Group","hd":false},{"ty":"fl","c":{"a":0,"k":[0.976470588235,0.635294117647,0.525490196078,1],"ix":4},"o":{"a":0,"k":100,"ix":5},"r":1,"bm":0,"nm":"Fill 1","mn":"ADBE Vector Graphic - Fill","hd":false},{"ty":"tr","p":{"a":0,"k":[106.25,112.25],"ix":2},"a":{"a":0,"k":[0,0],"ix":1},"s":{"a":0,"k":[100,100],"ix":3},"r":{"a":0,"k":0,"ix":6},"o":{"a":0,"k":100,"ix":7},"sk":{"a":0,"k":0,"ix":4},"sa":{"a":0,"k":0,"ix":5},"nm":"Transform"}],"nm":"Group 7","np":2,"cix":2,"bm":0,"ix":7,"mn":"ADBE Vector Group","hd":false}],"ip":0,"op":600,"st":0,"ct":1,"bm":0},{"ddd":0,"ind":7,"ty":4,"nm":"neck Outlines","parent":9,"sr":1,"ks":{"o":{"a":0,"k":100,"ix":11},"r":{"a":0,"k":0,"ix":10},"p":{"a":0,"k":[90.031,38.643,0],"ix":2,"l":2},"a":{"a":0,"k":[16.32,35.166,0],"ix":1,"l":2},"s":{"a":0,"k":[100,100,100],"ix":6,"l":2}},"ao":0,"shapes":[{"ty":"gr","it":[{"ind":0,"ty":"sh","ix":1,"ks":{"a":0,"k":{"i":[[3.018,-5.923],[-6.685,-5.799],[-6.281,0.321],[-15.102,30.204],[0,0],[17.513,-0.67]],"o":[[-2.648,5.197],[4.751,4.122],[11.827,-0.605],[0,0],[0,0],[-6.643,0.254]],"v":[[-32.755,1.544],[-29.385,18.934],[-12.087,24.595],[36.07,-11.915],[25.07,-24.915],[-16.943,-8.168]],"c":true},"ix":2},"nm":"Path 1","mn":"ADBE Vector Shape - Group","hd":false},{"ty":"fl","c":{"a":0,"k":[0.976470588235,0.635294117647,0.525490196078,1],"ix":4},"o":{"a":0,"k":100,"ix":5},"r":1,"bm":0,"nm":"Fill 1","mn":"ADBE Vector Graphic - Fill","hd":false},{"ty":"tr","p":{"a":0,"k":[36.32,25.166],"ix":2},"a":{"a":0,"k":[0,0],"ix":1},"s":{"a":0,"k":[100,100],"ix":3},"r":{"a":0,"k":0,"ix":6},"o":{"a":0,"k":100,"ix":7},"sk":{"a":0,"k":0,"ix":4},"sa":{"a":0,"k":0,"ix":5},"nm":"Transform"}],"nm":"Group 1","np":2,"cix":2,"bm":0,"ix":1,"mn":"ADBE Vector Group","hd":false}],"ip":0,"op":600,"st":0,"ct":1,"bm":0},{"ddd":0,"ind":8,"ty":4,"nm":"stick Outlines","parent":12,"sr":1,"ks":{"o":{"a":0,"k":100,"ix":11},"r":{"a":1,"k":[{"i":{"x":[0.667],"y":[1]},"o":{"x":[0.333],"y":[0]},"t":4,"s":[0]},{"i":{"x":[0.667],"y":[1]},"o":{"x":[0.333],"y":[0]},"t":6,"s":[6]},{"i":{"x":[0.667],"y":[1]},"o":{"x":[0.333],"y":[0]},"t":9,"s":[12]},{"i":{"x":[0.667],"y":[1]},"o":{"x":[0.333],"y":[0]},"t":17,"s":[0]},{"i":{"x":[0.667],"y":[1]},"o":{"x":[0.333],"y":[0]},"t":26,"s":[12]},{"t":38,"s":[0]}],"ix":10},"p":{"a":0,"k":[30.181,28.803,0],"ix":2,"l":2},"a":{"a":0,"k":[8.518,58.337,0],"ix":1,"l":2},"s":{"a":0,"k":[100,100,100],"ix":6,"l":2}},"ao":0,"shapes":[{"ty":"gr","it":[{"ind":0,"ty":"sh","ix":1,"ks":{"a":0,"k":{"i":[[0,0],[-0.481,2.503],[10.019,25.358]],"o":[[0,0],[0,0],[0,0]],"v":[[-4.797,-25.69],[3.116,27.751],[-5.009,-30.254]],"c":false},"ix":2},"nm":"Path 1","mn":"ADBE Vector Shape - Group","hd":false},{"ty":"fl","c":{"a":0,"k":[0.298039215686,0.215686289469,0.16862745098,1],"ix":4},"o":{"a":0,"k":100,"ix":5},"r":1,"bm":0,"nm":"Fill 1","mn":"ADBE Vector Graphic - Fill","hd":false},{"ty":"tr","p":{"a":0,"k":[5.259,30.504],"ix":2},"a":{"a":0,"k":[0,0],"ix":1},"s":{"a":0,"k":[100,100],"ix":3},"r":{"a":0,"k":0,"ix":6},"o":{"a":0,"k":100,"ix":7},"sk":{"a":0,"k":0,"ix":4},"sa":{"a":0,"k":0,"ix":5},"nm":"Transform"}],"nm":"Group 1","np":2,"cix":2,"bm":0,"ix":1,"mn":"ADBE Vector Group","hd":false}],"ip":0,"op":600,"st":0,"ct":1,"bm":0},{"ddd":0,"ind":9,"ty":4,"nm":"body Outlines","sr":1,"ks":{"o":{"a":0,"k":100,"ix":11},"r":{"a":1,"k":[{"i":{"x":[0.667],"y":[1]},"o":{"x":[0.333],"y":[0]},"t":9,"s":[0]},{"i":{"x":[0.667],"y":[1]},"o":{"x":[0.333],"y":[0]},"t":12,"s":[1]},{"t":19,"s":[0]}],"ix":10},"p":{"a":1,"k":[{"i":{"x":0.667,"y":1},"o":{"x":0.333,"y":0},"t":3,"s":[463.937,536.241,0],"to":[0,3.667,0],"ti":[0,-5.5,0]},{"i":{"x":0.667,"y":1},"o":{"x":0.333,"y":0},"t":6,"s":[463.937,558.241,0],"to":[0,5.5,0],"ti":[0,-0.667,0]},{"i":{"x":0.667,"y":1},"o":{"x":0.333,"y":0},"t":9,"s":[463.937,569.241,0],"to":[0,0.667,0],"ti":[0,5.667,0]},{"i":{"x":0.667,"y":1},"o":{"x":0.333,"y":0},"t":12,"s":[463.937,562.241,0],"to":[0,-5.667,0],"ti":[0,-1.333,0]},{"i":{"x":0.667,"y":1},"o":{"x":0.333,"y":0},"t":19,"s":[463.937,535.241,0],"to":[0,1.333,0],"ti":[0,-0.167,0]},{"i":{"x":0.667,"y":1},"o":{"x":0.333,"y":0},"t":28,"s":[463.937,570.241,0],"to":[0,0.167,0],"ti":[0,5.667,0]},{"t":38,"s":[463.937,536.241,0]}],"ix":2,"l":2},"a":{"a":0,"k":[114.039,196.968,0],"ix":1,"l":2},"s":{"a":0,"k":[100,100,100],"ix":6,"l":2}},"ao":0,"shapes":[{"ty":"gr","it":[{"ind":0,"ty":"sh","ix":1,"ks":{"a":0,"k":{"i":[[33.662,-8.802],[0,0],[8.802,33.662],[0,0],[0,0],[0,0]],"o":[[0,0],[-33.662,8.803],[0,0],[0,0],[0,0],[8.803,33.662]],"v":[[27.548,39.973],[-1.405,47.544],[-76.363,1.388],[-81.363,-18.611],[67.479,-56.348],[72.56,-36.916]],"c":true},"ix":2},"nm":"Path 1","mn":"ADBE Vector Shape - Group","hd":false},{"ty":"fl","c":{"a":0,"k":[0.160784313725,0.160784313725,0.254901960784,1],"ix":4},"o":{"a":0,"k":100,"ix":5},"r":1,"bm":0,"nm":"Fill 1","mn":"ADBE Vector Graphic - Fill","hd":false},{"ty":"tr","p":{"a":0,"k":[120.465,233.339],"ix":2},"a":{"a":0,"k":[0,0],"ix":1},"s":{"a":0,"k":[100,100],"ix":3},"r":{"a":0,"k":0,"ix":6},"o":{"a":0,"k":100,"ix":7},"sk":{"a":0,"k":0,"ix":4},"sa":{"a":0,"k":0,"ix":5},"nm":"Transform"}],"nm":"Group 1","np":2,"cix":2,"bm":0,"ix":1,"mn":"ADBE Vector Group","hd":false},{"ty":"gr","it":[{"ind":0,"ty":"sh","ix":1,"ks":{"a":0,"k":{"i":[[16.307,-4.264],[0,0],[4.264,16.306],[0,0],[-40.569,10.608],[-10.608,-40.569],[0,0]],"o":[[0,0],[-16.306,4.264],[0,0],[-10.609,-40.568],[40.569,-10.608],[0,0],[4.264,16.306]],"v":[[71.687,101.92],[-16.175,124.895],[-53.421,103.09],[-87.146,-25.887],[-32.898,-118.551],[59.766,-64.302],[93.492,64.674]],"c":true},"ix":2},"nm":"Path 1","mn":"ADBE Vector Shape - Group","hd":false},{"ty":"fl","c":{"a":0,"k":[0.082352941176,0.317647058824,0.521568627451,1],"ix":4},"o":{"a":0,"k":100,"ix":5},"r":1,"bm":0,"nm":"Fill 1","mn":"ADBE Vector Graphic - Fill","hd":false},{"ty":"tr","p":{"a":0,"k":[98.005,129.409],"ix":2},"a":{"a":0,"k":[0,0],"ix":1},"s":{"a":0,"k":[100,100],"ix":3},"r":{"a":0,"k":0,"ix":6},"o":{"a":0,"k":100,"ix":7},"sk":{"a":0,"k":0,"ix":4},"sa":{"a":0,"k":0,"ix":5},"nm":"Transform"}],"nm":"Group 2","np":2,"cix":2,"bm":0,"ix":2,"mn":"ADBE Vector Group","hd":false}],"ip":0,"op":600,"st":0,"ct":1,"bm":0},{"ddd":0,"ind":10,"ty":4,"nm":"right foot Outlines","parent":11,"sr":1,"ks":{"o":{"a":0,"k":100,"ix":11},"r":{"a":0,"k":0,"ix":10},"p":{"a":0,"k":[137.262,402.5,0],"ix":2,"l":2},"a":{"a":0,"k":[26.325,14.75,0],"ix":1,"l":2},"s":{"a":0,"k":[100,100,100],"ix":6,"l":2}},"ao":0,"shapes":[{"ty":"gr","it":[{"ind":0,"ty":"sh","ix":1,"ks":{"a":1,"k":[{"i":{"x":0.667,"y":1},"o":{"x":0.333,"y":0},"t":0,"s":[{"i":[[39.128,31.941],[0,0],[-7.639,0],[0,0],[-0.803,9.766],[1.263,5.992],[5.277,-1.678]],"o":[[0,0],[1.039,7.568],[0,0],[9.799,0],[0.398,-4.833],[-1.142,-5.419],[-22.346,7.106]],"v":[[-66.262,-30],[-73.075,7.792],[-53.93,23.5],[45.289,25.5],[64.177,8.281],[63.174,-8.132],[51.108,-15.082]],"c":true}]},{"i":{"x":0.667,"y":1},"o":{"x":0.333,"y":0},"t":3,"s":[{"i":[[39.128,31.941],[0,0],[-7.639,0],[0,0],[-0.803,9.766],[1.263,5.992],[5.277,-1.678]],"o":[[0,0],[1.039,7.568],[0,0],[9.799,0],[0.398,-4.833],[-1.142,-5.419],[-22.346,7.106]],"v":[[-80.762,-26],[-90.575,17.792],[-69.43,29.5],[27.789,38.5],[46.677,21.281],[45.674,4.868],[33.608,-2.082]],"c":true}]},{"i":{"x":0.667,"y":1},"o":{"x":0.333,"y":0},"t":6,"s":[{"i":[[39.128,31.941],[-3.813,-8.208],[-7.639,0],[-44.051,10],[-0.803,9.766],[1.263,5.992],[5.097,-2.164]],"o":[[0,0],[3.813,8.208],[0,0],[11.949,-2.5],[0.398,-4.833],[-1.142,-5.419],[-37.87,16.082]],"v":[[-130.262,-52.5],[-138.075,-6.208],[-116.93,5.5],[-25.211,9],[-6.323,-8.219],[-7.326,-24.632],[-19.392,-31.582]],"c":true}]},{"i":{"x":0.667,"y":1},"o":{"x":0.333,"y":0},"t":9,"s":[{"i":[[0.5,52],[-4.654,-19.646],[-8.832,-5.5],[-44.051,10],[-0.803,9.766],[1.263,5.992],[5.097,-2.164]],"o":[[0,0],[2.063,8.708],[0,0],[11.949,-2.5],[0.398,-4.833],[-1.142,-5.419],[-37.87,16.082]],"v":[[-127.762,-78],[-159.575,-33.208],[-138.43,-8.25],[-54.711,0.5],[-35.823,-16.719],[-36.826,-33.132],[-48.892,-40.082]],"c":true}]},{"i":{"x":0.667,"y":1},"o":{"x":0.333,"y":0},"t":12,"s":[{"i":[[0.5,52],[5.249,-20.651],[-1.769,-9.85],[-34.192,12.259],[-0.803,9.766],[1.263,5.992],[0.316,5.528]],"o":[[0,0],[-2.67,10.503],[0,0],[14.337,-0.839],[0.398,-4.833],[-1.142,-5.419],[-1.694,-29.59]],"v":[[-119.345,-140.156],[-149.973,-113.388],[-154.588,-74.478],[-134.243,-0.612],[-114.969,-10.087],[-117.928,-23.965],[-122.903,-40.04]],"c":true}]},{"i":{"x":0.833,"y":0.833},"o":{"x":0.333,"y":0},"t":15,"s":[{"i":[[0.5,52],[5.249,-20.651],[1.587,-11.131],[-27.693,-3.154],[-0.803,9.766],[-1.137,6.017],[-0.713,5.491]],"o":[[0,0],[-2.67,10.503],[0,0],[8.875,3.482],[0.398,-4.833],[1.229,-6.503],[4.047,-31.158]],"v":[[-57.272,-145.651],[-89.573,-123.741],[-95.726,-88.566],[-95.604,-11.998],[-75.256,-13.983],[-72.323,-38.671],[-69.565,-56.573]],"c":true}]},{"i":{"x":0.833,"y":0.833},"o":{"x":0.167,"y":0.167},"t":16,"s":[{"i":[[-1.831,52.773],[5.454,-21.067],[2.962,-10.673],[-28.779,-6.261],[-2.728,8.613],[-1.718,5.782],[-1.101,5.384]],"o":[[0,0],[-2.713,10.491],[-1.786,2.428],[7.722,4.659],[2.12,-4.76],[1.958,-6.402],[6.608,-31.375]],"v":[[-32.369,-152.326],[-67.027,-127.621],[-73.432,-89.464],[-78.639,-18.457],[-59.515,-17.652],[-50.508,-42.365],[-46.327,-58.605]],"c":true}]},{"i":{"x":0.667,"y":1},"o":{"x":0.167,"y":0.167},"t":17,"s":[{"i":[[-6.074,54.179],[5.828,-21.825],[5.465,-9.84],[-30.756,-11.917],[-6.232,6.516],[-2.775,5.353],[-1.807,5.189]],"o":[[0,0],[-2.793,10.47],[-5.038,6.848],[5.622,6.8],[5.255,-4.628],[3.286,-6.219],[16.51,-31.722]],"v":[[15.717,-166.296],[-25.989,-134.684],[-32.852,-91.099],[-47.759,-30.214],[-30.864,-24.33],[-16.329,-49.05],[-7.931,-63.497]],"c":true}]},{"i":{"x":0.667,"y":1},"o":{"x":0.333,"y":0},"t":18,"s":[{"i":[[-8.491,54.981],[6.04,-22.257],[6.891,-9.366],[-31.883,-15.14],[-8.229,5.321],[-3.377,5.108],[-2.21,5.077]],"o":[[0,0],[-2.838,10.458],[-6.891,9.366],[4.425,8.02],[7.041,-4.553],[4.042,-6.115],[13.925,-31.994]],"v":[[40.823,-155.017],[-2.61,-138.708],[-9.734,-92.03],[-30.166,-36.911],[-14.541,-28.134],[3.142,-52.859],[10.411,-66.273]],"c":true}]},{"i":{"x":0.667,"y":1},"o":{"x":0.333,"y":0},"t":20,"s":[{"i":[[-0.835,54.066],[6.04,-22.257],[5.778,-21.884],[-22.846,-10.041],[-2.971,1.683],[-1.26,5.993],[-0.215,5.533]],"o":[[0,0],[-2.838,10.458],[-5.778,21.884],[9.404,2.209],[7.296,-4.132],[1.596,-7.593],[1.327,-34.179]],"v":[[50.323,-161.267],[8.515,-143.958],[12.766,-91.28],[28.834,-44.161],[45.709,-39.134],[50.142,-66.859],[50.911,-87.273]],"c":true}]},{"i":{"x":0.667,"y":1},"o":{"x":0.333,"y":0},"t":21,"s":[{"i":[[3.415,35.343],[6.255,-22.197],[-18.403,-23.269],[-13.596,-8.118],[-3.971,0.21],[1.596,5.08],[9.952,14.598]],"o":[[0,0],[-2.558,9.124],[11.097,16.731],[10.54,4.506],[6.273,-0.331],[1.944,-7.337],[-21.048,-23.902]],"v":[[81.448,-160.642],[65.015,-137.458],[78.641,-96.655],[109.834,-62.161],[123.459,-58.009],[139.142,-77.859],[116.286,-102.023]],"c":true}]},{"i":{"x":0.667,"y":1},"o":{"x":0.333,"y":0},"t":22,"s":[{"i":[[58.915,82.19],[6.471,-22.136],[-15.028,-17.547],[-10.346,0.743],[-8.229,5.321],[0.11,6.123],[1.062,5.435]],"o":[[0,0],[-2.277,7.789],[12.939,15.109],[16.654,0.993],[7.041,-4.553],[-0.154,-8.56],[-6.673,-34.146]],"v":[[128.323,-159.267],[115.015,-124.458],[129.766,-90.03],[193.834,-78.911],[229.209,-82.634],[236.142,-96.359],[234.661,-115.273]],"c":true}]},{"i":{"x":0.667,"y":1},"o":{"x":0.333,"y":0},"t":23,"s":[{"i":[[75.415,47.922],[4.973,-25.388],[-34.107,-0.3],[-10.346,1.355],[-8.229,5.321],[0.11,6.123],[1.634,5.291]],"o":[[0,0],[-1.56,7.964],[20.972,0.185],[19.154,-1.895],[7.041,-4.553],[-0.154,-8.56],[-9.673,-31.323]],"v":[[144.323,-153.767],[136.515,-114.708],[185.266,-84.28],[227.834,-86.411],[281.709,-97.634],[288.642,-111.359],[282.911,-142.773]],"c":true}]},{"i":{"x":0.667,"y":1},"o":{"x":0.333,"y":0},"t":26,"s":[{"i":[[104.165,-3.816],[-13.277,-18.875],[-21.528,-1.553],[-9.096,4.689],[-7.221,7.912],[0.11,6.123],[9.827,2.3]],"o":[[0,0],[4.669,6.637],[19.611,1.415],[18.904,-7.811],[5.652,-6.193],[-0.154,-8.56],[-33.982,-7.955]],"v":[[160.073,-65.767],[160.015,-24.708],[187.266,-16.03],[238.834,-35.911],[294.709,-76.384],[303.892,-94.609],[276.911,-120.023]],"c":true}]},{"i":{"x":0.667,"y":1},"o":{"x":0.333,"y":0},"t":28,"s":[{"i":[[90.165,6.767],[-1.777,-21.792],[-11.528,1.03],[-9.096,4.689],[-4.686,9.632],[0.11,6.123],[10.577,-3.477]],"o":[[0,0],[0.659,8.088],[25.911,-2.316],[18.904,-7.811],[1.029,-2.116],[-0.154,-8.56],[-7.448,2.449]],"v":[[138.073,-34.267],[141.515,2.792],[164.766,14.97],[217.834,2.089],[280.209,-39.884],[283.642,-51.359],[256.161,-78.273]],"c":true}]},{"i":{"x":0.667,"y":1},"o":{"x":0.333,"y":0},"t":30,"s":[{"i":[[60.665,26.725],[6.471,-22.136],[-12.772,-12.034],[-14.429,1.898],[-4.686,9.632],[0.11,6.123],[16.243,-0.084]],"o":[[0,0],[-2.277,7.789],[8.894,8.242],[18.237,-4.602],[1.029,-2.116],[-0.154,-8.56],[-7.691,0.376]],"v":[[106.073,-39.434],[95.848,-24.208],[102.266,5.636],[172.834,13.089],[235.209,-7.718],[240.475,-19.859],[220.995,-44.773]],"c":true}]},{"i":{"x":0.667,"y":1},"o":{"x":0.333,"y":0},"t":31,"s":[{"i":[[66.665,32.082],[4.223,-9.478],[0.972,-14.879],[-17.096,0.502],[-4.686,9.632],[0.11,6.123],[19.077,1.613]],"o":[[0,0],[-7.027,14.772],[3.472,27.871],[20.404,-1.274],[1.029,-2.116],[-0.154,-8.56],[-7.812,-0.661]],"v":[[90.698,-40.267],[84.765,-25.458],[79.516,0.97],[150.584,15.089],[215.959,7.616],[222.142,-4.859],[207.161,-30.773]],"c":true}]},{"i":{"x":0.667,"y":1},"o":{"x":0.333,"y":0},"t":33,"s":[{"i":[[79.415,36.59],[2.598,-6.345],[0.597,-19.398],[-17.096,0.502],[-4.686,9.632],[0.11,6.123],[19.077,1.613]],"o":[[0,0],[-0.152,0.28],[1.972,14.422],[19.904,1.233],[1.029,-2.116],[-0.154,-8.56],[-7.812,-0.661]],"v":[[12.323,-36.767],[7.765,-27.708],[5.766,-2.53],[68.834,18.589],[134.459,13.616],[140.642,1.141],[125.661,-24.773]],"c":true}]},{"t":38,"s":[{"i":[[39.128,31.941],[0,0],[-7.639,0],[0,0],[-0.803,9.766],[1.263,5.992],[5.277,-1.678]],"o":[[0,0],[1.039,7.568],[0,0],[9.799,0],[0.398,-4.833],[-1.142,-5.419],[-22.346,7.106]],"v":[[-66.262,-30],[-73.075,7.792],[-53.93,23.5],[45.289,25.5],[64.177,8.281],[63.174,-8.132],[51.108,-15.082]],"c":true}]}],"ix":2},"nm":"Path 1","mn":"ADBE Vector Shape - Group","hd":false},{"ty":"fl","c":{"a":0,"k":[0.082352941176,0.317647058824,0.521568627451,1],"ix":4},"o":{"a":0,"k":100,"ix":5},"r":1,"bm":0,"nm":"Fill 1","mn":"ADBE Vector Graphic - Fill","hd":false},{"ty":"tr","p":{"a":0,"k":[64.825,25.75],"ix":2},"a":{"a":0,"k":[0,0],"ix":1},"s":{"a":0,"k":[100,100],"ix":3},"r":{"a":0,"k":0,"ix":6},"o":{"a":0,"k":100,"ix":7},"sk":{"a":0,"k":0,"ix":4},"sa":{"a":0,"k":0,"ix":5},"nm":"Transform"}],"nm":"Group 1","np":2,"cix":2,"bm":0,"ix":1,"mn":"ADBE Vector Group","hd":false}],"ip":0,"op":600,"st":0,"ct":1,"bm":0},{"ddd":0,"ind":11,"ty":4,"nm":"right leg Outlines","parent":9,"sr":1,"ks":{"o":{"a":0,"k":100,"ix":11},"r":{"a":0,"k":0,"ix":10},"p":{"a":0,"k":[83.51,261.727,0],"ix":2,"l":2},"a":{"a":0,"k":[168.408,140,0],"ix":1,"l":2},"s":{"a":0,"k":[100,100,100],"ix":6,"l":2}},"ao":0,"shapes":[{"ty":"gr","it":[{"ind":0,"ty":"sh","ix":1,"ks":{"a":1,"k":[{"i":{"x":0.667,"y":1},"o":{"x":0.333,"y":0},"t":0,"s":[{"i":[[0,0],[34,-120]],"o":[[0,0],[0,0]],"v":[[11,-124],[-17,124]],"c":false}]},{"i":{"x":0.667,"y":1},"o":{"x":0.333,"y":0},"t":3,"s":[{"i":[[0,0],[57,-141]],"o":[[0,0],[0,0]],"v":[[11,-124],[-32,136]],"c":false}]},{"i":{"x":0.667,"y":1},"o":{"x":0.333,"y":0},"t":6,"s":[{"i":[[0,0],[117,-124]],"o":[[0,0],[0,0]],"v":[[11,-124],[-84,112]],"c":false}]},{"i":{"x":0.667,"y":1},"o":{"x":0.333,"y":0},"t":9,"s":[{"i":[[0,0],[140,-131]],"o":[[0,0],[0,0]],"v":[[11,-124],[-97,98]],"c":false}]},{"i":{"x":0.667,"y":1},"o":{"x":0.333,"y":0},"t":12,"s":[{"i":[[0,0],[176,-70]],"o":[[0,0],[0,0]],"v":[[11,-124],[-101,39]],"c":false}]},{"i":{"x":0.667,"y":1},"o":{"x":0.333,"y":0},"t":15,"s":[{"i":[[0,0],[198,-73.428]],"o":[[0,0],[0,0]],"v":[[11,-124],[-37,33]],"c":false}]},{"i":{"x":0.667,"y":1},"o":{"x":0.333,"y":0},"t":18,"s":[{"i":[[0,0],[171,-138.858]],"o":[[0,0],[0,0]],"v":[[14,-138],[58,12]],"c":false}]},{"i":{"x":0.667,"y":1},"o":{"x":0.333,"y":0},"t":20,"s":[{"i":[[0,0],[157,-156]],"o":[[0,0],[0,0]],"v":[[14,-138],[67,14]],"c":false}]},{"i":{"x":0.667,"y":1},"o":{"x":0.333,"y":0},"t":22,"s":[{"i":[[0,0],[27,-170]],"o":[[0,0],[0,0]],"v":[[14,-138],[171,9]],"c":false}]},{"i":{"x":0.667,"y":1},"o":{"x":0.333,"y":0},"t":23,"s":[{"i":[[0,0],[2,-161]],"o":[[0,0],[0,0]],"v":[[14,-138],[190,16]],"c":false}]},{"i":{"x":0.667,"y":1},"o":{"x":0.333,"y":0},"t":26,"s":[{"i":[[0,0],[-40,-117]],"o":[[0,0],[0,0]],"v":[[10,-124],[209,89]],"c":false}]},{"i":{"x":0.667,"y":1},"o":{"x":0.333,"y":0},"t":28,"s":[{"i":[[0,0],[-31,-118]],"o":[[0,0],[0,0]],"v":[[10,-124],[190,128]],"c":false}]},{"i":{"x":0.667,"y":1},"o":{"x":0.333,"y":0},"t":31,"s":[{"i":[[0,0],[15,-177]],"o":[[0,0],[0,0]],"v":[[10,-124],[137,130]],"c":false}]},{"i":{"x":0.667,"y":1},"o":{"x":0.333,"y":0},"t":33,"s":[{"i":[[0,0],[15,-177]],"o":[[0,0],[0,0]],"v":[[10,-124],[58,134]],"c":false}]},{"t":38,"s":[{"i":[[0,0],[34,-120]],"o":[[0,0],[0,0]],"v":[[11,-124],[-17,124]],"c":false}]}],"ix":2},"nm":"Path 1","mn":"ADBE Vector Shape - Group","hd":false},{"ty":"st","c":{"a":0,"k":[0.160784313725,0.160784313725,0.254901960784,1],"ix":3},"o":{"a":0,"k":100,"ix":4},"w":{"a":0,"k":56,"ix":5},"lc":2,"lj":1,"ml":10,"bm":0,"nm":"Stroke 1","mn":"ADBE Vector Graphic - Stroke","hd":false},{"ty":"tr","p":{"a":0,"k":[157,264],"ix":2},"a":{"a":0,"k":[0,0],"ix":1},"s":{"a":0,"k":[100,100],"ix":3},"r":{"a":0,"k":0,"ix":6},"o":{"a":0,"k":100,"ix":7},"sk":{"a":0,"k":0,"ix":4},"sa":{"a":0,"k":0,"ix":5},"nm":"Transform"}],"nm":"Group 1","np":2,"cix":2,"bm":0,"ix":1,"mn":"ADBE Vector Group","hd":false}],"ip":0,"op":600,"st":0,"ct":1,"bm":0},{"ddd":0,"ind":12,"ty":4,"nm":"hand Outlines","parent":13,"sr":1,"ks":{"o":{"a":0,"k":100,"ix":11},"r":{"a":1,"k":[{"i":{"x":[0.667],"y":[1]},"o":{"x":[0.333],"y":[0]},"t":4,"s":[0]},{"i":{"x":[0.667],"y":[1]},"o":{"x":[0.333],"y":[0]},"t":6,"s":[8]},{"i":{"x":[0.667],"y":[1]},"o":{"x":[0.333],"y":[0]},"t":9,"s":[11]},{"i":{"x":[0.667],"y":[1]},"o":{"x":[0.333],"y":[0]},"t":17,"s":[0]},{"i":{"x":[0.667],"y":[1]},"o":{"x":[0.333],"y":[0]},"t":26,"s":[8]},{"t":38,"s":[0]}],"ix":10},"p":{"a":1,"k":[{"i":{"x":0.667,"y":1},"o":{"x":0.333,"y":0},"t":4,"s":[202,77,0],"to":[0.083,0.042,0],"ti":[-11.083,-4.917,0]},{"i":{"x":0.667,"y":0.667},"o":{"x":0.333,"y":0.333},"t":6,"s":[220.5,84,0],"to":[0,0,0],"ti":[0,0,0]},{"i":{"x":0.667,"y":1},"o":{"x":0.333,"y":0},"t":9,"s":[220.5,84,0],"to":[-3.083,-1.167,0],"ti":[0,-0.875,0]},{"i":{"x":0.667,"y":1},"o":{"x":0.333,"y":0},"t":17,"s":[202,77,0],"to":[0,0.875,0],"ti":[0,0,0]},{"i":{"x":0.667,"y":1},"o":{"x":0.333,"y":0},"t":26,"s":[220.5,89.25,0],"to":[0,0,0],"ti":[3.083,2.042,0]},{"t":38,"s":[202,77,0]}],"ix":2,"l":2},"a":{"a":0,"k":[25.315,84.25,0],"ix":1,"l":2},"s":{"a":0,"k":[100,100,100],"ix":6,"l":2}},"ao":0,"shapes":[{"ty":"gr","it":[{"ind":0,"ty":"sh","ix":1,"ks":{"a":0,"k":{"i":[[0,0],[20,-14],[-5.549,17.91],[-1.962,0.86]],"o":[[0,0],[0,0],[0.634,-2.047],[0,0]],"v":[[7.884,-16.083],[3.884,0.917],[-18.335,-1.827],[-14.216,-6.392]],"c":true},"ix":2},"nm":"Path 1","mn":"ADBE Vector Shape - Group","hd":false},{"ty":"fl","c":{"a":0,"k":[0.976470588235,0.635294117647,0.525490196078,1],"ix":4},"o":{"a":0,"k":100,"ix":5},"r":1,"bm":0,"nm":"Fill 1","mn":"ADBE Vector Graphic - Fill","hd":false},{"ty":"tr","p":{"a":0,"k":[65.431,80.333],"ix":2},"a":{"a":0,"k":[0,0],"ix":1},"s":{"a":0,"k":[100,100],"ix":3},"r":{"a":0,"k":0,"ix":6},"o":{"a":0,"k":100,"ix":7},"sk":{"a":0,"k":0,"ix":4},"sa":{"a":0,"k":0,"ix":5},"nm":"Transform"}],"nm":"Group 1","np":2,"cix":2,"bm":0,"ix":1,"mn":"ADBE Vector Group","hd":false},{"ty":"gr","it":[{"ind":0,"ty":"sh","ix":1,"ks":{"a":0,"k":{"i":[[0,0],[18,-15],[16,-1],[-15,10.728]],"o":[[0,0],[0,0],[0,0],[0,0]],"v":[[6.5,-13.5],[10.5,4.5],[-13.5,13.5],[-13.5,-2.772]],"c":true},"ix":2},"nm":"Path 1","mn":"ADBE Vector Shape - Group","hd":false},{"ty":"fl","c":{"a":0,"k":[0.976470588235,0.635294117647,0.525490196078,1],"ix":4},"o":{"a":0,"k":100,"ix":5},"r":1,"bm":0,"nm":"Fill 1","mn":"ADBE Vector Graphic - Fill","hd":false},{"ty":"tr","p":{"a":0,"k":[65.815,59.75],"ix":2},"a":{"a":0,"k":[0,0],"ix":1},"s":{"a":0,"k":[100,100],"ix":3},"r":{"a":0,"k":0,"ix":6},"o":{"a":0,"k":100,"ix":7},"sk":{"a":0,"k":0,"ix":4},"sa":{"a":0,"k":0,"ix":5},"nm":"Transform"}],"nm":"Group 2","np":2,"cix":2,"bm":0,"ix":2,"mn":"ADBE Vector Group","hd":false},{"ty":"gr","it":[{"ind":0,"ty":"sh","ix":1,"ks":{"a":0,"k":{"i":[[0,0],[15.581,-15.93],[0.797,-0.894],[17.325,3.3],[-14,7]],"o":[[0,0],[-0.837,0.856],[-2.988,3.349],[0,0],[0,0]],"v":[[2.799,-13.707],[13.62,0.337],[11.164,2.963],[-19.201,12.293],[-15.201,-6.707]],"c":true},"ix":2},"nm":"Path 1","mn":"ADBE Vector Shape - Group","hd":false},{"ty":"fl","c":{"a":0,"k":[0.976470588235,0.635294117647,0.525490196078,1],"ix":4},"o":{"a":0,"k":100,"ix":5},"r":1,"bm":0,"nm":"Fill 1","mn":"ADBE Vector Graphic - Fill","hd":false},{"ty":"tr","p":{"a":0,"k":[62.516,42.957],"ix":2},"a":{"a":0,"k":[0,0],"ix":1},"s":{"a":0,"k":[100,100],"ix":3},"r":{"a":0,"k":0,"ix":6},"o":{"a":0,"k":100,"ix":7},"sk":{"a":0,"k":0,"ix":4},"sa":{"a":0,"k":0,"ix":5},"nm":"Transform"}],"nm":"Group 3","np":2,"cix":2,"bm":0,"ix":3,"mn":"ADBE Vector Group","hd":false},{"ty":"gr","it":[{"ind":0,"ty":"sh","ix":1,"ks":{"a":0,"k":{"i":[[-1.35,0.976],[11.164,5.666],[6.261,-2.26],[0,0],[1.56,-2.951],[-5.3,-3.655],[-3.687,0.964],[0,0]],"o":[[4.465,-3.229],[-5.935,-3.012],[0,0],[-3.139,1.134],[-1.994,3.774],[3.138,2.164],[0,0],[1.611,-0.422]],"v":[[12.317,6.16],[14.029,-10.398],[-5.133,-11.388],[-14.68,-7.942],[-22.028,-1.632],[-19.893,10.961],[-9.078,12.683],[7.835,8.261]],"c":true},"ix":2},"nm":"Path 1","mn":"ADBE Vector Shape - Group","hd":false},{"ty":"fl","c":{"a":0,"k":[0.976470588235,0.635294117647,0.525490196078,1],"ix":4},"o":{"a":0,"k":100,"ix":5},"r":1,"bm":0,"nm":"Fill 1","mn":"ADBE Vector Graphic - Fill","hd":false},{"ty":"tr","p":{"a":0,"k":[54.829,23.701],"ix":2},"a":{"a":0,"k":[0,0],"ix":1},"s":{"a":0,"k":[100,100],"ix":3},"r":{"a":0,"k":0,"ix":6},"o":{"a":0,"k":100,"ix":7},"sk":{"a":0,"k":0,"ix":4},"sa":{"a":0,"k":0,"ix":5},"nm":"Transform"}],"nm":"Group 4","np":2,"cix":2,"bm":0,"ix":4,"mn":"ADBE Vector Group","hd":false},{"ty":"gr","it":[{"ind":0,"ty":"sh","ix":1,"ks":{"a":0,"k":{"i":[[-8.663,17.062],[0,0],[10,-2],[0,0],[28,-15],[-0.412,-29.491],[-7.873,-9.486]],"o":[[0,0],[0,0],[0,0],[0,0],[0,0],[0.172,12.326],[7.453,8.981]],"v":[[0.783,32.719],[37.783,18.719],[22.283,-22.781],[-9.717,-14.781],[-31.717,-34.781],[-37.371,1.533],[-25.236,35.4]],"c":true},"ix":2},"nm":"Path 1","mn":"ADBE Vector Shape - Group","hd":false},{"ty":"fl","c":{"a":0,"k":[0.976470588235,0.635294117647,0.525490196078,1],"ix":4},"o":{"a":0,"k":100,"ix":5},"r":1,"bm":0,"nm":"Fill 1","mn":"ADBE Vector Graphic - Fill","hd":false},{"ty":"tr","p":{"a":0,"k":[38.033,50.031],"ix":2},"a":{"a":0,"k":[0,0],"ix":1},"s":{"a":0,"k":[100,100],"ix":3},"r":{"a":0,"k":0,"ix":6},"o":{"a":0,"k":100,"ix":7},"sk":{"a":0,"k":0,"ix":4},"sa":{"a":0,"k":0,"ix":5},"nm":"Transform"}],"nm":"Group 5","np":2,"cix":2,"bm":0,"ix":5,"mn":"ADBE Vector Group","hd":false}],"ip":0,"op":600,"st":0,"ct":1,"bm":0},{"ddd":0,"ind":13,"ty":4,"nm":"left arm Outlines","parent":9,"sr":1,"ks":{"o":{"a":0,"k":100,"ix":11},"r":{"a":0,"k":0,"ix":10},"p":{"a":0,"k":[208.102,124.227,0],"ix":2,"l":2},"a":{"a":0,"k":[138,173.5,0],"ix":1,"l":2},"s":{"a":0,"k":[100,100,100],"ix":6,"l":2}},"ao":0,"shapes":[{"ty":"gr","it":[{"ind":0,"ty":"sh","ix":1,"ks":{"a":1,"k":[{"i":{"x":0.667,"y":1},"o":{"x":0.333,"y":0},"t":4,"s":[{"i":[[0,0],[-45,187]],"o":[[0,0],[0,0]],"v":[[-60.5,-96],[60.5,-91]],"c":false}]},{"i":{"x":0.667,"y":1},"o":{"x":0.333,"y":0},"t":6,"s":[{"i":[[0,0],[-45,187]],"o":[[0,0],[0,0]],"v":[[-60.5,-96],[78.5,-84]],"c":false}]},{"i":{"x":0.667,"y":1},"o":{"x":0.333,"y":0},"t":9,"s":[{"i":[[0,0],[-30.5,171]],"o":[[0,0],[0,0]],"v":[[-60.5,-96],[82,-86.5]],"c":false}]},{"i":{"x":0.667,"y":1},"o":{"x":0.333,"y":0},"t":17,"s":[{"i":[[0,0],[-45,187]],"o":[[0,0],[0,0]],"v":[[-60.5,-96],[60.5,-91]],"c":false}]},{"i":{"x":0.667,"y":1},"o":{"x":0.333,"y":0},"t":26,"s":[{"i":[[0,0],[-45,187]],"o":[[0,0],[0,0]],"v":[[-60.5,-96],[78.5,-84]],"c":false}]},{"t":38,"s":[{"i":[[0,0],[-45,187]],"o":[[0,0],[0,0]],"v":[[-60.5,-96],[60.5,-91]],"c":false}]}],"ix":2},"nm":"Path 1","mn":"ADBE Vector Shape - Group","hd":false},{"ty":"st","c":{"a":0,"k":[0.976470588235,0.635294117647,0.525490196078,1],"ix":3},"o":{"a":0,"k":100,"ix":4},"w":{"a":0,"k":31,"ix":5},"lc":2,"lj":1,"ml":10,"bm":0,"nm":"Stroke 1","mn":"ADBE Vector Graphic - Stroke","hd":false},{"ty":"tr","p":{"a":0,"k":[138,173.5],"ix":2},"a":{"a":0,"k":[0,0],"ix":1},"s":{"a":0,"k":[100,100],"ix":3},"r":{"a":0,"k":0,"ix":6},"o":{"a":0,"k":100,"ix":7},"sk":{"a":0,"k":0,"ix":4},"sa":{"a":0,"k":0,"ix":5},"nm":"Transform"}],"nm":"Group 1","np":2,"cix":2,"bm":0,"ix":1,"mn":"ADBE Vector Group","hd":false}],"ip":0,"op":600,"st":0,"ct":1,"bm":0},{"ddd":0,"ind":14,"ty":4,"nm":"left foot Outlines","parent":15,"sr":1,"ks":{"o":{"a":0,"k":100,"ix":11},"r":{"a":0,"k":0,"ix":10},"p":{"a":0,"k":[154.23,311.78,0],"ix":2,"l":2},"a":{"a":0,"k":[23.027,16.778,0],"ix":1,"l":2},"s":{"a":0,"k":[100,100,100],"ix":6,"l":2}},"ao":0,"shapes":[{"ty":"gr","it":[{"ind":0,"ty":"sh","ix":1,"ks":{"a":1,"k":[{"i":{"x":0.667,"y":1},"o":{"x":0.333,"y":0},"t":0,"s":[{"i":[[41.519,28.764],[0,0],[-7.616,0.601],[0,0],[-0.032,9.799],[1.73,5.874],[5.129,-2.089]],"o":[[0,0],[1.631,7.463],[0,0],[9.769,-0.77],[0.017,-4.849],[-1.564,-5.312],[-21.718,8.841]],"v":[[-63.373,-19.672],[-64.027,12.951],[-47.89,24.927],[46.535,17.475],[64.01,-1.177],[61.719,-17.46],[49.144,-23.439]],"c":true}]},{"i":{"x":0.667,"y":1},"o":{"x":0.333,"y":0},"t":3,"s":[{"i":[[41.519,28.764],[0,0],[-8.483,-0.348],[0,0],[-0.032,9.799],[1.73,5.874],[5.129,-2.089]],"o":[[0,0],[1.631,7.463],[66.017,3.652],[9.769,-0.77],[0.017,-4.849],[-1.564,-5.312],[-21.718,8.841]],"v":[[34.127,-6.672],[33.473,25.951],[46.36,39.177],[150.035,25.225],[170.26,7.323],[166.469,-10.46],[152.644,-15.689]],"c":true}]},{"i":{"x":0.667,"y":1},"o":{"x":0.333,"y":0},"t":6,"s":[{"i":[[35.25,31.75],[0,0],[-8.483,-0.348],[0,0],[-0.032,9.799],[3.908,3.538],[3.396,-4.375]],"o":[[0,0],[1.631,7.463],[58.517,1.152],[9.342,-9.646],[0.017,-4.849],[-4.105,-3.716],[-13.017,16.767]],"v":[[85.377,50.578],[89.223,82.701],[100.61,95.177],[189.535,57.975],[206.76,33.073],[195.844,16.165],[178.894,11.811]],"c":true}]},{"i":{"x":0.667,"y":1},"o":{"x":0.333,"y":0},"t":9,"s":[{"i":[[62.75,43],[0,0],[-8.483,-0.348],[0,0],[-0.032,9.799],[3.908,3.538],[0.777,-5.483]],"o":[[0,0],[1.631,7.463],[58.517,1.152],[7.092,-13.396],[0.017,-4.849],[-4.105,-3.716],[-2.767,19.517]],"v":[[75.377,88.829],[82.223,121.201],[93.61,130.427],[172.785,76.225],[180.51,48.073],[169.094,34.165],[145.144,33.811]],"c":true}]},{"i":{"x":0.667,"y":1},"o":{"x":0.333,"y":0},"t":12,"s":[{"i":[[56.227,10.26],[0,0],[-8.483,-0.348],[0,0],[-6.486,10.27],[6.621,4.892],[5.5,-0.65]],"o":[[0,0],[1.631,7.463],[58.517,1.152],[22.155,-1.37],[2.589,-4.1],[-7.592,-5.609],[-23.882,2.823]],"v":[[-27.564,93.126],[-20.718,125.498],[-9.331,134.724],[80.91,134.337],[112.579,124.27],[112.711,98.659],[94.514,98.455]],"c":true}]},{"i":{"x":0.667,"y":1},"o":{"x":0.333,"y":0},"t":19,"s":[{"i":[[56.227,10.26],[0,0],[-8.483,-0.348],[0,0],[-6.486,10.27],[6.621,4.892],[5.5,-0.65]],"o":[[0,0],[1.631,7.463],[57.958,-0.145],[21.467,-0.008],[2.589,-4.1],[-7.592,-5.609],[-23.882,2.823]],"v":[[-149.564,119.626],[-141.468,150.498],[-131.081,160.224],[-42.09,163.587],[-10.921,154.02],[-11.664,126.409],[-31.735,127.08]],"c":true}]},{"i":{"x":0.667,"y":1},"o":{"x":0.333,"y":0},"t":23,"s":[{"i":[[38.941,22.647],[-0.405,-13.6],[-8.483,-0.348],[0,0],[-6.486,10.27],[6.621,4.892],[5.5,-0.65]],"o":[[0,0],[0.22,5.65],[41.958,13.049],[21.467,-0.008],[2.589,-4.1],[-7.592,-5.609],[-23.882,2.823]],"v":[[-168.564,101.376],[-178.718,129.123],[-167.831,142.974],[-78.84,154.587],[-47.671,145.02],[-48.414,117.409],[-68.485,118.08]],"c":true}]},{"i":{"x":0.667,"y":1},"o":{"x":0.333,"y":0},"t":26,"s":[{"i":[[14.191,27.481],[-0.405,-13.6],[-8.792,-8.867],[0,0],[-6.486,10.27],[6.621,4.892],[5.5,-0.65]],"o":[[0,0],[0.22,5.65],[9.958,16.883],[21.467,-0.008],[2.589,-4.1],[-7.592,-5.609],[-23.882,2.823]],"v":[[-177.564,81.876],[-201.718,108.123],[-191.831,128.974],[-101.59,144.337],[-70.421,134.77],[-71.164,107.159],[-91.235,107.83]],"c":true}]},{"i":{"x":0.667,"y":1},"o":{"x":0.333,"y":0},"t":27,"s":[{"i":[[8.066,33.092],[-0.405,-13.6],[-8.792,-8.867],[0,0],[-6.486,10.27],[6.621,4.892],[5.5,-0.65]],"o":[[0,0],[0.22,5.65],[9.958,16.883],[21.467,-0.008],[2.589,-4.1],[-7.592,-5.609],[-23.882,2.823]],"v":[[-184.564,71.626],[-208.968,96.373],[-196.831,122.974],[-121.84,142.587],[-90.671,133.02],[-91.414,105.409],[-111.485,106.08]],"c":true}]},{"i":{"x":0.667,"y":1},"o":{"x":0.333,"y":0},"t":28,"s":[{"i":[[1.941,38.703],[-0.405,-13.6],[-8.542,-4.145],[0,0],[-6.486,10.27],[6.621,4.892],[5.5,-0.65]],"o":[[0,0],[0.22,5.65],[15.458,13.855],[21.467,-0.008],[2.589,-4.1],[-7.592,-5.609],[-23.882,2.823]],"v":[[-190.564,58.376],[-221.718,92.123],[-205.331,118.474],[-141.09,137.837],[-109.921,128.27],[-110.664,100.659],[-130.735,101.33]],"c":true}]},{"i":{"x":0.667,"y":1},"o":{"x":0.333,"y":0},"t":29,"s":[{"i":[[1.941,38.703],[-0.405,-13.6],[-5.876,-7.327],[0,0],[-8.372,6.768],[6.621,4.892],[4.069,1.368]],"o":[[0,0],[0.22,5.65],[11.041,15.839],[16.467,9.393],[6.242,-2.646],[-7.592,-5.609],[-19.138,-11.556]],"v":[[-183.897,48.542],[-212.884,78.789],[-201.914,108.807],[-158.756,138.17],[-128.004,139.52],[-124.081,114.993],[-142.235,104.163]],"c":true}]},{"i":{"x":0.667,"y":1},"o":{"x":0.333,"y":0},"t":30,"s":[{"i":[[1.941,38.703],[-0.405,-13.6],[-3.209,-10.51],[0,0],[-10.258,3.267],[7.792,2.657],[4.612,6.638]],"o":[[0,0],[0.22,5.65],[6.624,17.824],[17.55,14.381],[9.964,-2.885],[-8.626,-2.941],[-7.638,-13.612]],"v":[[-173.105,33.334],[-201.051,57.456],[-195.497,91.14],[-172.923,127.753],[-138.587,137.52],[-129.997,116.076],[-149.235,96.497]],"c":true}]},{"i":{"x":0.667,"y":1},"o":{"x":0.333,"y":0},"t":31,"s":[{"i":[[1.941,38.703],[1.595,-14.703],[-0.542,-13.692],[0,0],[-11.465,4.01],[6.621,4.892],[1.208,5.405]],"o":[[0,0],[0.22,5.65],[2.208,19.808],[6.467,28.195],[15.298,-5.35],[-7.592,-5.609],[-2.638,-11.798]],"v":[[-161.814,17.126],[-189.218,39.623],[-189.831,71.224],[-182.34,104.087],[-152.171,133.52],[-139.664,106.409],[-152.61,82.58]],"c":true}]},{"i":{"x":0.667,"y":1},"o":{"x":0.333,"y":0},"t":33,"s":[{"i":[[1.941,38.703],[-0.405,-13.6],[-0.542,-13.692],[0,0],[-12.144,-0.235],[6.621,4.892],[1.619,5.296]],"o":[[0,0],[0.22,5.65],[2.208,19.808],[6.467,28.195],[13.548,0.262],[-7.592,-5.609],[-2.138,-6.993]],"v":[[-111.564,-22.374],[-151.218,3.623],[-134.831,35.224],[-127.59,68.837],[-97.671,92.02],[-84.414,73.659],[-101.485,39.58]],"c":true}]},{"i":{"x":0.667,"y":1},"o":{"x":0.333,"y":0},"t":35,"s":[{"i":[[21.73,33.733],[-0.203,-6.8],[-4.079,-6.545],[0,0],[-6.088,4.782],[0.725,7.921],[19.048,4.201]],"o":[[0,0],[0.925,6.556],[8.487,8.196],[17.154,5.616],[6.782,-2.293],[0.225,-7.329],[-11.928,0.924]],"v":[[-87.468,-21.023],[-107.622,8.287],[-91.36,30.075],[-46.527,48.656],[-16.83,45.421],[-8.848,26.6],[-26.171,8.071]],"c":true}]},{"i":{"x":0.667,"y":1},"o":{"x":0.333,"y":0},"t":36,"s":[{"i":[[30.548,34.898],[4.202,-15.068],[-5.848,-2.972],[0,0],[-3.06,7.29],[1.227,6.898],[12.088,1.056]],"o":[[0,0],[-1.798,12.182],[4.244,4.098],[13.462,2.423],[3.4,-3.571],[-0.67,-6.32],[-16.823,4.882]],"v":[[-73.421,-38.347],[-88.075,-15.381],[-77.125,12.501],[0.004,33.065],[23.59,22.122],[26.436,4.57],[11.487,-7.684]],"c":true}]},{"t":38,"s":[{"i":[[41.519,28.764],[0,0],[-7.616,0.601],[0,0],[-0.032,9.799],[1.73,5.874],[5.129,-2.089]],"o":[[0,0],[1.631,7.463],[0,0],[9.769,-0.77],[0.017,-4.849],[-1.564,-5.312],[-21.718,8.841]],"v":[[-63.373,-19.672],[-64.027,12.951],[-47.89,24.927],[46.535,17.475],[64.01,-1.177],[61.719,-17.46],[49.144,-23.439]],"c":true}]}],"ix":2},"nm":"Path 1","mn":"ADBE Vector Shape - Group","hd":false},{"ty":"fl","c":{"a":0,"k":[0.082352941176,0.317647058824,0.521568627451,1],"ix":4},"o":{"a":0,"k":100,"ix":5},"r":1,"bm":0,"nm":"Fill 1","mn":"ADBE Vector Graphic - Fill","hd":false},{"ty":"tr","p":{"a":0,"k":[64.277,25.778],"ix":2},"a":{"a":0,"k":[0,0],"ix":1},"s":{"a":0,"k":[100,100],"ix":3},"r":{"a":0,"k":0,"ix":6},"o":{"a":0,"k":100,"ix":7},"sk":{"a":0,"k":0,"ix":4},"sa":{"a":0,"k":0,"ix":5},"nm":"Transform"}],"nm":"Group 1","np":2,"cix":2,"bm":0,"ix":1,"mn":"ADBE Vector Group","hd":false}],"ip":0,"op":600,"st":0,"ct":1,"bm":0},{"ddd":0,"ind":15,"ty":4,"nm":"left leg Outlines","parent":9,"sr":1,"ks":{"o":{"a":0,"k":100,"ix":11},"r":{"a":0,"k":0,"ix":10},"p":{"a":0,"k":[155.02,215.704,0],"ix":2,"l":2},"a":{"a":0,"k":[144.026,141.085,0],"ix":1,"l":2},"s":{"a":0,"k":[100,100,100],"ix":6,"l":2}},"ao":0,"shapes":[{"ty":"gr","it":[{"ind":0,"ty":"sh","ix":1,"ks":{"a":1,"k":[{"i":{"x":0.667,"y":1},"o":{"x":0.333,"y":0},"t":0,"s":[{"i":[[0,0],[133.774,-120.892]],"o":[[-4.107,-1.108],[0,0]],"v":[[-72.833,-78.446],[-56.833,79.554]],"c":false}]},{"i":{"x":0.667,"y":1},"o":{"x":0.333,"y":0},"t":3,"s":[{"i":[[0,0],[30,-117]],"o":[[-4.107,-1.108],[0,0]],"v":[[-72.833,-78.446],[39.166,90.554]],"c":false}]},{"i":{"x":0.667,"y":1},"o":{"x":0.333,"y":0},"t":6,"s":[{"i":[[0,0],[-45,-113]],"o":[[-4.107,-1.108],[0,0]],"v":[[-72.833,-78.446],[91.166,145.554]],"c":false}]},{"i":{"x":0.667,"y":1},"o":{"x":0.333,"y":0},"t":9,"s":[{"i":[[0,0],[-45,-113]],"o":[[-4.107,-1.108],[0,0]],"v":[[-72.833,-78.446],[82.166,181.554]],"c":false}]},{"i":{"x":0.667,"y":1},"o":{"x":0.333,"y":0},"t":12,"s":[{"i":[[0,0],[31,-137]],"o":[[-4.107,-1.108],[0,0]],"v":[[-72.833,-78.446],[-22.834,190.554]],"c":false}]},{"i":{"x":0.667,"y":1},"o":{"x":0.333,"y":0},"t":19,"s":[{"i":[[0,0],[34,-143]],"o":[[-4.107,-1.108],[0,0]],"v":[[-72.833,-78.446],[-138.834,220.554]],"c":false}]},{"i":{"x":0.667,"y":1},"o":{"x":0.333,"y":0},"t":23,"s":[{"i":[[0,0],[91,-154]],"o":[[-4.107,-1.108],[0,0]],"v":[[-72.833,-78.446],[-167.834,219.554]],"c":false}]},{"i":{"x":0.667,"y":1},"o":{"x":0.333,"y":0},"t":26,"s":[{"i":[[0,0],[133,-150]],"o":[[-4.107,-1.108],[0,0]],"v":[[-72.833,-78.446],[-185.834,211.554]],"c":false}]},{"i":{"x":0.667,"y":1},"o":{"x":0.333,"y":0},"t":28,"s":[{"i":[[0,0],[171,-148]],"o":[[-4.107,-1.108],[0,0]],"v":[[-72.833,-78.446],[-201.834,194.554]],"c":false}]},{"i":{"x":0.667,"y":1},"o":{"x":0.333,"y":0},"t":31,"s":[{"i":[[0,0],[191,-92]],"o":[[-4.107,-1.108],[0,0]],"v":[[-72.833,-78.446],[-173.834,147.554]],"c":false}]},{"i":{"x":0.667,"y":1},"o":{"x":0.333,"y":0},"t":33,"s":[{"i":[[0,0],[160,-30]],"o":[[-4.107,-1.108],[0,0]],"v":[[-72.833,-78.446],[-131.834,110.554]],"c":false}]},{"t":38,"s":[{"i":[[0,0],[133.774,-120.892]],"o":[[-4.107,-1.108],[0,0]],"v":[[-72.833,-78.446],[-56.833,79.554]],"c":false}]}],"ix":2},"nm":"Path 1","mn":"ADBE Vector Shape - Group","hd":false},{"ty":"st","c":{"a":0,"k":[0.160784313725,0.160784313725,0.254901960784,1],"ix":3},"o":{"a":0,"k":100,"ix":4},"w":{"a":0,"k":56,"ix":5},"lc":2,"lj":1,"ml":10,"bm":0,"nm":"Stroke 1","mn":"ADBE Vector Graphic - Stroke","hd":false},{"ty":"tr","p":{"a":0,"k":[216.94,219.554],"ix":2},"a":{"a":0,"k":[0,0],"ix":1},"s":{"a":0,"k":[100,100],"ix":3},"r":{"a":0,"k":0,"ix":6},"o":{"a":0,"k":100,"ix":7},"sk":{"a":0,"k":0,"ix":4},"sa":{"a":0,"k":0,"ix":5},"nm":"Transform"}],"nm":"Group 1","np":2,"cix":2,"bm":0,"ix":1,"mn":"ADBE Vector Group","hd":false}],"ip":0,"op":600,"st":0,"ct":1,"bm":0}],"markers":[]}