{"v":"5.5.7","meta":{"g":"LottieFiles AE 0.1.20","a":"","k":"","d":"","tc":""},"fr":60,"ip":0,"op":300,"w":600,"h":600,"nm":"Bee lounging","ddd":0,"assets":[],"layers":[{"ddd":0,"ind":1,"ty":4,"nm":"L eye target","parent":12,"sr":1,"ks":{"o":{"a":0,"k":100,"ix":11},"r":{"a":0,"k":0,"ix":10},"p":{"a":1,"k":[{"i":{"x":0.667,"y":1},"o":{"x":0.333,"y":0},"t":0,"s":[-16.828,-5.321,0],"to":[0.22,0.165,0],"ti":[0,0,0]},{"i":{"x":0.667,"y":1},"o":{"x":0.333,"y":0},"t":75,"s":[-15.511,-4.333,0],"to":[0,0,0],"ti":[0,0,0]},{"i":{"x":0.667,"y":1},"o":{"x":0.333,"y":0},"t":150,"s":[-16.828,-5.321,0],"to":[0,0,0],"ti":[0,0,0]},{"i":{"x":0.667,"y":1},"o":{"x":0.333,"y":0},"t":225,"s":[-15.511,-4.333,0],"to":[0,0,0],"ti":[0.22,0.165,0]},{"t":300,"s":[-16.828,-5.321,0]}],"ix":2},"a":{"a":0,"k":[-16.828,-5.321,0],"ix":1},"s":{"a":0,"k":[100,100,100],"ix":6}},"ao":0,"shapes":[{"ty":"gr","it":[{"ind":0,"ty":"sh","ix":1,"ks":{"a":0,"k":{"i":[[-11.562,0],[0,-11.562],[11.562,0],[0,11.562]],"o":[[11.562,0],[0,11.562],[-11.562,0],[0,-11.562]],"v":[[0,-20.936],[20.936,0],[0,20.936],[-20.936,0]],"c":true},"ix":2},"nm":"Path 1","mn":"ADBE Vector Shape - Group","hd":false},{"ind":1,"ty":"sh","ix":2,"ks":{"a":0,"k":{"i":[[10.472,0],[0,-10.472],[-10.472,0],[0,10.472]],"o":[[-10.472,0],[0,10.472],[10.472,0],[0,-10.472]],"v":[[-1.58,-18.961],[-20.541,0],[-1.58,18.961],[17.381,0]],"c":true},"ix":2},"nm":"Path 2","mn":"ADBE Vector Shape - Group","hd":false},{"ty":"fl","c":{"a":0,"k":[0,0,0,1],"ix":4},"o":{"a":0,"k":100,"ix":5},"r":1,"bm":0,"nm":"Fill 1","mn":"ADBE Vector Graphic - Fill","hd":false},{"ty":"tr","p":{"a":0,"k":[-16.828,-5.321],"ix":2},"a":{"a":0,"k":[0,0],"ix":1},"s":{"a":0,"k":[100,100],"ix":3},"r":{"a":0,"k":0,"ix":6},"o":{"a":0,"k":100,"ix":7},"sk":{"a":0,"k":0,"ix":4},"sa":{"a":0,"k":0,"ix":5},"nm":"Transform"}],"nm":"Group 1","np":3,"cix":2,"bm":0,"ix":1,"mn":"ADBE Vector Group","hd":false},{"ty":"gr","it":[{"ty":"gr","it":[{"ty":"gr","it":[{"ind":0,"ty":"sh","ix":1,"ks":{"a":1,"k":[{"i":{"x":0.667,"y":1},"o":{"x":0.333,"y":0},"t":25,"s":[{"i":[[-0.093,0],[-8.227,0],[0,0]],"o":[[0.093,0],[6.509,0],[0,0]],"v":[[-56.06,-22.429],[-45.205,-25.012],[-35.849,-22.306]],"c":false}]},{"i":{"x":0.667,"y":1},"o":{"x":0.333,"y":0},"t":29,"s":[{"i":[[-2.801,0.93],[-11.473,-0.491],[0,0]],"o":[[0.155,0.011],[11.084,0.474],[0,0]],"v":[[-61.74,-16.82],[-45.512,-17.912],[-29.46,-15.991]],"c":false}]},{"i":{"x":0.667,"y":1},"o":{"x":0.333,"y":0},"t":33,"s":[{"i":[[-0.093,0],[-14.45,0],[0,0]],"o":[[0.093,0],[8.189,0],[0,0]],"v":[[-64.045,-12.675],[-45.704,-13.652],[-27.652,-11.723]],"c":false}]},{"i":{"x":0.667,"y":1},"o":{"x":0.333,"y":0},"t":37,"s":[{"i":[[-0.093,0],[-11.2,-0.246],[0,0]],"o":[[0.093,0],[11.934,0.262],[0,0]],"v":[[-65.031,-9.705],[-45.687,-9.947],[-26.331,-8.501]],"c":false}]},{"i":{"x":0.667,"y":1},"o":{"x":0.333,"y":0},"t":40,"s":[{"i":[[-0.093,0],[-9.899,-0.031],[0,0]],"o":[[0.093,0],[9.899,0.031],[0,0]],"v":[[-65.465,-6.711],[-45.708,-6.572],[-25.93,-6.632]],"c":false}]},{"i":{"x":0.667,"y":1},"o":{"x":0.333,"y":0},"t":43,"s":[{"i":[[-0.093,0],[-9.899,-0.031],[0,0]],"o":[[0.093,0],[9.899,0.031],[0,0]],"v":[[-65.465,-6.711],[-45.708,-6.572],[-25.93,-6.632]],"c":false}]},{"i":{"x":0.667,"y":1},"o":{"x":0.333,"y":0},"t":46,"s":[{"i":[[-0.093,0],[-11.2,-0.246],[0,0]],"o":[[0.093,0],[11.934,0.262],[0,0]],"v":[[-65.031,-9.705],[-45.687,-9.947],[-26.331,-8.501]],"c":false}]},{"i":{"x":0.667,"y":1},"o":{"x":0.333,"y":0},"t":50,"s":[{"i":[[-0.093,0],[-14.45,0],[0,0]],"o":[[0.093,0],[8.189,0],[0,0]],"v":[[-64.045,-12.675],[-45.704,-13.652],[-27.652,-11.723]],"c":false}]},{"i":{"x":0.667,"y":1},"o":{"x":0.333,"y":0},"t":54,"s":[{"i":[[-2.801,0.93],[-11.473,-0.491],[0,0]],"o":[[0.155,0.011],[11.084,0.474],[0,0]],"v":[[-61.74,-16.82],[-45.512,-17.912],[-29.46,-15.991]],"c":false}]},{"i":{"x":0.833,"y":1},"o":{"x":0.167,"y":0},"t":58,"s":[{"i":[[-0.093,0],[-8.227,0],[0,0]],"o":[[0.093,0],[6.509,0],[0,0]],"v":[[-56.06,-22.429],[-45.205,-25.012],[-35.849,-22.306]],"c":false}]},{"i":{"x":0.667,"y":1},"o":{"x":0.333,"y":0},"t":250,"s":[{"i":[[-0.093,0],[-8.227,0],[0,0]],"o":[[0.093,0],[6.509,0],[0,0]],"v":[[-56.06,-22.429],[-45.205,-25.012],[-35.849,-22.306]],"c":false}]},{"i":{"x":0.667,"y":1},"o":{"x":0.333,"y":0},"t":254,"s":[{"i":[[-2.801,0.93],[-11.473,-0.491],[0,0]],"o":[[0.155,0.011],[11.084,0.474],[0,0]],"v":[[-61.74,-16.82],[-45.512,-17.912],[-29.46,-15.991]],"c":false}]},{"i":{"x":0.667,"y":1},"o":{"x":0.333,"y":0},"t":258,"s":[{"i":[[-0.093,0],[-14.45,0],[0,0]],"o":[[0.093,0],[8.189,0],[0,0]],"v":[[-64.045,-12.675],[-45.704,-13.652],[-27.652,-11.723]],"c":false}]},{"i":{"x":0.667,"y":1},"o":{"x":0.333,"y":0},"t":262,"s":[{"i":[[-0.093,0],[-11.2,-0.246],[0,0]],"o":[[0.093,0],[11.934,0.262],[0,0]],"v":[[-65.031,-9.705],[-45.687,-9.947],[-26.331,-8.501]],"c":false}]},{"i":{"x":0.667,"y":1},"o":{"x":0.333,"y":0},"t":265,"s":[{"i":[[-0.093,0],[-9.899,-0.031],[0,0]],"o":[[0.093,0],[9.899,0.031],[0,0]],"v":[[-65.465,-6.711],[-45.708,-6.572],[-25.93,-6.632]],"c":false}]},{"i":{"x":0.667,"y":1},"o":{"x":0.333,"y":0},"t":268,"s":[{"i":[[-0.093,0],[-9.899,-0.031],[0,0]],"o":[[0.093,0],[9.899,0.031],[0,0]],"v":[[-65.465,-6.711],[-45.708,-6.572],[-25.93,-6.632]],"c":false}]},{"i":{"x":0.667,"y":1},"o":{"x":0.333,"y":0},"t":271,"s":[{"i":[[-0.093,0],[-11.2,-0.246],[0,0]],"o":[[0.093,0],[11.934,0.262],[0,0]],"v":[[-65.031,-9.705],[-45.687,-9.947],[-26.331,-8.501]],"c":false}]},{"i":{"x":0.667,"y":1},"o":{"x":0.333,"y":0},"t":275,"s":[{"i":[[-0.093,0],[-14.45,0],[0,0]],"o":[[0.093,0],[8.189,0],[0,0]],"v":[[-64.045,-12.675],[-45.704,-13.652],[-27.652,-11.723]],"c":false}]},{"i":{"x":0.667,"y":1},"o":{"x":0.333,"y":0},"t":279,"s":[{"i":[[-2.801,0.93],[-11.473,-0.491],[0,0]],"o":[[0.155,0.011],[11.084,0.474],[0,0]],"v":[[-61.74,-16.82],[-45.512,-17.912],[-29.46,-15.991]],"c":false}]},{"t":283,"s":[{"i":[[-0.093,0],[-8.227,0],[0,0]],"o":[[0.093,0],[6.509,0],[0,0]],"v":[[-56.06,-22.429],[-45.205,-25.012],[-35.849,-22.306]],"c":false}]}],"ix":2},"nm":"Path","mn":"ADBE Vector Shape - Group","hd":false},{"ty":"st","c":{"a":0,"k":[0,0,0,1],"ix":3},"o":{"a":0,"k":100,"ix":4},"w":{"a":0,"k":0.75,"ix":5},"lc":1,"lj":1,"ml":4,"bm":0,"nm":"Stroke","mn":"ADBE Vector Graphic - Stroke","hd":false},{"ty":"tr","p":{"a":0,"k":[0,0],"ix":2},"a":{"a":0,"k":[0,0],"ix":1},"s":{"a":0,"k":[100,100],"ix":3},"r":{"a":0,"k":0,"ix":6},"o":{"a":0,"k":100,"ix":7},"sk":{"a":0,"k":0,"ix":4},"sa":{"a":0,"k":0,"ix":5},"nm":"Transform"}],"nm":"Line","np":2,"cix":2,"bm":0,"ix":1,"mn":"ADBE Vector Group","hd":false},{"ty":"gr","it":[{"ind":0,"ty":"sh","ix":1,"ks":{"a":1,"k":[{"i":{"x":0.667,"y":1},"o":{"x":0.333,"y":0},"t":25,"s":[{"i":[[6.085,0.103],[-0.093,0],[-6.691,-0.154],[0,0]],"o":[[-6.019,-0.102],[0.093,0],[7.099,0.164],[0,0]],"v":[[-45.234,-24.858],[-56.183,-22.368],[-45.135,-24.971],[-35.747,-22.388]],"c":true}]},{"i":{"x":0.667,"y":1},"o":{"x":0.333,"y":0},"t":29,"s":[{"i":[[11.743,0],[-0.093,0],[-12.508,0.003],[0,0]],"o":[[-10.69,0],[0.093,0],[9.348,-0.002],[0,0]],"v":[[-46.13,-25.105],[-61.719,-16.824],[-45.506,-17.912],[-29.614,-16.001]],"c":true}]},{"i":{"x":0.667,"y":1},"o":{"x":0.333,"y":0},"t":33,"s":[{"i":[[14.337,0],[-0.093,0],[-9.895,-0.293],[0,0]],"o":[[-13.364,0],[0.093,0],[10.481,0.31],[0,0]],"v":[[-46.254,-25.105],[-64.065,-12.706],[-45.732,-13.569],[-27.732,-11.595]],"c":true}]},{"i":{"x":0.667,"y":1},"o":{"x":0.333,"y":0},"t":37,"s":[{"i":[[17.455,0],[-0.093,0],[-10.358,-0.244],[0,0]],"o":[[-15.886,0],[0.093,0],[9.897,0.234],[0,0]],"v":[[-46.228,-25.187],[-65.022,-9.704],[-45.624,-9.99],[-26.43,-8.446]],"c":true}]},{"i":{"x":0.667,"y":1},"o":{"x":0.333,"y":0},"t":40,"s":[{"i":[[17.282,0],[-0.093,0],[-9.899,-0.031],[0,0]],"o":[[-18.075,0],[0.093,0],[9.899,0.031],[0,0]],"v":[[-46.286,-24.858],[-65.485,-6.694],[-45.708,-6.572],[-25.888,-6.611]],"c":true}]},{"i":{"x":0.667,"y":1},"o":{"x":0.333,"y":0},"t":43,"s":[{"i":[[17.282,0],[-0.093,0],[-9.899,-0.031],[0,0]],"o":[[-18.075,0],[0.093,0],[9.899,0.031],[0,0]],"v":[[-46.286,-24.858],[-65.485,-6.694],[-45.708,-6.572],[-25.888,-6.611]],"c":true}]},{"i":{"x":0.667,"y":1},"o":{"x":0.333,"y":0},"t":46,"s":[{"i":[[17.455,0],[-0.093,0],[-10.358,-0.244],[0,0]],"o":[[-15.886,0],[0.093,0],[9.897,0.234],[0,0]],"v":[[-46.228,-25.187],[-65.022,-9.704],[-45.624,-9.99],[-26.43,-8.446]],"c":true}]},{"i":{"x":0.667,"y":1},"o":{"x":0.333,"y":0},"t":50,"s":[{"i":[[14.337,0],[-0.093,0],[-9.895,-0.293],[0,0]],"o":[[-13.364,0],[0.093,0],[10.481,0.31],[0,0]],"v":[[-46.254,-25.105],[-64.065,-12.706],[-45.732,-13.569],[-27.732,-11.595]],"c":true}]},{"i":{"x":0.667,"y":1},"o":{"x":0.333,"y":0},"t":54,"s":[{"i":[[11.743,0],[-0.093,0],[-12.508,0.003],[0,0]],"o":[[-10.69,0],[0.093,0],[9.348,-0.002],[0,0]],"v":[[-46.13,-25.105],[-61.719,-16.824],[-45.506,-17.912],[-29.614,-16.001]],"c":true}]},{"i":{"x":0.833,"y":1},"o":{"x":0.167,"y":0},"t":58,"s":[{"i":[[6.085,0.103],[-0.093,0],[-6.691,-0.154],[0,0]],"o":[[-6.019,-0.102],[0.093,0],[7.099,0.164],[0,0]],"v":[[-45.234,-24.858],[-56.183,-22.368],[-45.135,-24.971],[-35.747,-22.388]],"c":true}]},{"i":{"x":0.667,"y":1},"o":{"x":0.333,"y":0},"t":250,"s":[{"i":[[6.085,0.103],[-0.093,0],[-6.691,-0.154],[0,0]],"o":[[-6.019,-0.102],[0.093,0],[7.099,0.164],[0,0]],"v":[[-45.234,-24.858],[-56.183,-22.368],[-45.135,-24.971],[-35.747,-22.388]],"c":true}]},{"i":{"x":0.667,"y":1},"o":{"x":0.333,"y":0},"t":254,"s":[{"i":[[11.743,0],[-0.093,0],[-12.508,0.003],[0,0]],"o":[[-10.69,0],[0.093,0],[9.348,-0.002],[0,0]],"v":[[-46.13,-25.105],[-61.719,-16.824],[-45.506,-17.912],[-29.614,-16.001]],"c":true}]},{"i":{"x":0.667,"y":1},"o":{"x":0.333,"y":0},"t":258,"s":[{"i":[[14.337,0],[-0.093,0],[-9.895,-0.293],[0,0]],"o":[[-13.364,0],[0.093,0],[10.481,0.31],[0,0]],"v":[[-46.254,-25.105],[-64.065,-12.706],[-45.732,-13.569],[-27.732,-11.595]],"c":true}]},{"i":{"x":0.667,"y":1},"o":{"x":0.333,"y":0},"t":262,"s":[{"i":[[17.455,0],[-0.093,0],[-10.358,-0.244],[0,0]],"o":[[-15.886,0],[0.093,0],[9.897,0.234],[0,0]],"v":[[-46.228,-25.187],[-65.022,-9.704],[-45.624,-9.99],[-26.43,-8.446]],"c":true}]},{"i":{"x":0.667,"y":1},"o":{"x":0.333,"y":0},"t":265,"s":[{"i":[[17.282,0],[-0.093,0],[-9.899,-0.031],[0,0]],"o":[[-18.075,0],[0.093,0],[9.899,0.031],[0,0]],"v":[[-46.286,-24.858],[-65.485,-6.694],[-45.708,-6.572],[-25.888,-6.611]],"c":true}]},{"i":{"x":0.667,"y":1},"o":{"x":0.333,"y":0},"t":268,"s":[{"i":[[17.282,0],[-0.093,0],[-9.899,-0.031],[0,0]],"o":[[-18.075,0],[0.093,0],[9.899,0.031],[0,0]],"v":[[-46.286,-24.858],[-65.485,-6.694],[-45.708,-6.572],[-25.888,-6.611]],"c":true}]},{"i":{"x":0.667,"y":1},"o":{"x":0.333,"y":0},"t":271,"s":[{"i":[[17.455,0],[-0.093,0],[-10.358,-0.244],[0,0]],"o":[[-15.886,0],[0.093,0],[9.897,0.234],[0,0]],"v":[[-46.228,-25.187],[-65.022,-9.704],[-45.624,-9.99],[-26.43,-8.446]],"c":true}]},{"i":{"x":0.667,"y":1},"o":{"x":0.333,"y":0},"t":275,"s":[{"i":[[14.337,0],[-0.093,0],[-9.895,-0.293],[0,0]],"o":[[-13.364,0],[0.093,0],[10.481,0.31],[0,0]],"v":[[-46.254,-25.105],[-64.065,-12.706],[-45.732,-13.569],[-27.732,-11.595]],"c":true}]},{"i":{"x":0.667,"y":1},"o":{"x":0.333,"y":0},"t":279,"s":[{"i":[[11.743,0],[-0.093,0],[-12.508,0.003],[0,0]],"o":[[-10.69,0],[0.093,0],[9.348,-0.002],[0,0]],"v":[[-46.13,-25.105],[-61.719,-16.824],[-45.506,-17.912],[-29.614,-16.001]],"c":true}]},{"t":283,"s":[{"i":[[6.085,0.103],[-0.093,0],[-6.691,-0.154],[0,0]],"o":[[-6.019,-0.102],[0.093,0],[7.099,0.164],[0,0]],"v":[[-45.234,-24.858],[-56.183,-22.368],[-45.135,-24.971],[-35.747,-22.388]],"c":true}]}],"ix":2},"nm":"Path","mn":"ADBE Vector Shape - Group","hd":false},{"ty":"fl","c":{"a":0,"k":[0.996078491211,0.796078491211,0,1],"ix":4},"o":{"a":0,"k":100,"ix":5},"r":1,"bm":0,"nm":"Fill","mn":"ADBE Vector Graphic - Fill","hd":false},{"ty":"tr","p":{"a":0,"k":[0,0],"ix":2},"a":{"a":0,"k":[0,0],"ix":1},"s":{"a":0,"k":[100,100],"ix":3},"r":{"a":0,"k":0,"ix":6},"o":{"a":0,"k":100,"ix":7},"sk":{"a":0,"k":0,"ix":4},"sa":{"a":0,"k":0,"ix":5},"nm":"Transform"}],"nm":"Fill","np":2,"cix":2,"bm":0,"ix":2,"mn":"ADBE Vector Group","hd":false},{"ty":"tr","p":{"a":0,"k":[-45.712,-13.373],"ix":2},"a":{"a":0,"k":[-45.712,-13.373],"ix":1},"s":{"a":0,"k":[100,100],"ix":3},"r":{"a":0,"k":0,"ix":6},"o":{"a":0,"k":100,"ix":7},"sk":{"a":0,"k":0,"ix":4},"sa":{"a":0,"k":0,"ix":5},"nm":"Transform"}],"nm":"upper eyelid","np":2,"cix":2,"bm":0,"ix":1,"mn":"ADBE Vector Group","hd":false},{"ty":"gr","it":[{"ty":"gr","it":[{"ind":0,"ty":"sh","ix":1,"ks":{"a":1,"k":[{"i":{"x":0.833,"y":0.833},"o":{"x":0.333,"y":0},"t":25,"s":[{"i":[[-0.181,0.018],[-5.569,0.214],[0,0]],"o":[[0.17,-0.046],[3.654,-0.14],[0,0]],"v":[[-54.981,-25.928],[-45.683,-27.935],[-37.414,-26.093]],"c":false}]},{"i":{"x":0.667,"y":1},"o":{"x":0.167,"y":0.167},"t":27,"s":[{"i":[[-1.491,0.474],[-9.63,-0.009],[0,0]],"o":[[0.162,-0.017],[8.81,0.048],[0,0]],"v":[[-61.612,-19.778],[-45.854,-24.755],[-31.59,-21.87]],"c":false}]},{"i":{"x":0.667,"y":1},"o":{"x":0.333,"y":0},"t":29,"s":[{"i":[[-2.801,0.93],[-13.692,-0.232],[0,0]],"o":[[0.155,0.011],[13.967,0.237],[0,0]],"v":[[-63.715,-16.18],[-46.026,-21.575],[-28.482,-17.651]],"c":false}]},{"i":{"x":0.667,"y":1},"o":{"x":0.333,"y":0},"t":33,"s":[{"i":[[-0.093,0],[-12.65,0.169],[0,0]],"o":[[0.093,0],[12.65,-0.169],[0,0]],"v":[[-65.177,-12.679],[-45.696,-15.874],[-26.734,-13.181]],"c":false}]},{"i":{"x":0.667,"y":1},"o":{"x":0.333,"y":0},"t":37,"s":[{"i":[[-0.093,0],[-10.754,-0.065],[0,0]],"o":[[0.093,0],[11.231,0.068],[0,0]],"v":[[-65.258,-10.088],[-46.051,-11.264],[-26.127,-9.779]],"c":false}]},{"i":{"x":0.667,"y":1},"o":{"x":0.333,"y":0},"t":40,"s":[{"i":[[0.137,-1.719],[-9.899,-0.031],[0,0]],"o":[[-0.007,0.092],[1.394,0.004],[0,0]],"v":[[-65.63,-6.768],[-45.79,-6.737],[-26.053,-6.685]],"c":false}]},{"i":{"x":0.667,"y":1},"o":{"x":0.333,"y":0},"t":43,"s":[{"i":[[0.137,-1.719],[-9.899,-0.031],[0,0]],"o":[[-0.007,0.092],[1.394,0.004],[0,0]],"v":[[-65.63,-6.768],[-45.79,-6.737],[-26.053,-6.685]],"c":false}]},{"i":{"x":0.667,"y":1},"o":{"x":0.333,"y":0},"t":46,"s":[{"i":[[-0.093,0],[-10.754,-0.065],[0,0]],"o":[[0.093,0],[11.231,0.068],[0,0]],"v":[[-65.258,-10.088],[-46.051,-11.264],[-26.127,-9.779]],"c":false}]},{"i":{"x":0.667,"y":1},"o":{"x":0.333,"y":0},"t":50,"s":[{"i":[[-0.093,0],[-12.65,0.169],[0,0]],"o":[[0.093,0],[12.65,-0.169],[0,0]],"v":[[-65.177,-12.679],[-45.696,-15.874],[-26.734,-13.181]],"c":false}]},{"i":{"x":0.833,"y":0.833},"o":{"x":0.333,"y":0},"t":54,"s":[{"i":[[-2.801,0.93],[-13.692,-0.232],[0,0]],"o":[[0.155,0.011],[13.967,0.237],[0,0]],"v":[[-63.715,-16.18],[-46.026,-21.575],[-28.482,-17.651]],"c":false}]},{"i":{"x":0.667,"y":1},"o":{"x":0.167,"y":0.167},"t":56,"s":[{"i":[[-1.491,0.474],[-9.63,-0.009],[0,0]],"o":[[0.162,-0.017],[8.81,0.048],[0,0]],"v":[[-61.612,-19.778],[-45.854,-24.755],[-31.59,-21.87]],"c":false}]},{"i":{"x":0.833,"y":1},"o":{"x":0.167,"y":0},"t":58,"s":[{"i":[[-0.181,0.018],[-5.569,0.214],[0,0]],"o":[[0.17,-0.046],[3.654,-0.14],[0,0]],"v":[[-54.981,-25.928],[-45.683,-27.935],[-37.414,-26.093]],"c":false}]},{"i":{"x":0.833,"y":0.833},"o":{"x":0.333,"y":0},"t":250,"s":[{"i":[[-0.181,0.018],[-5.569,0.214],[0,0]],"o":[[0.17,-0.046],[3.654,-0.14],[0,0]],"v":[[-54.981,-25.928],[-45.683,-27.935],[-37.414,-26.093]],"c":false}]},{"i":{"x":0.667,"y":1},"o":{"x":0.167,"y":0.167},"t":252,"s":[{"i":[[-1.491,0.474],[-9.63,-0.009],[0,0]],"o":[[0.162,-0.017],[8.81,0.048],[0,0]],"v":[[-61.612,-19.778],[-45.854,-24.755],[-31.59,-21.87]],"c":false}]},{"i":{"x":0.667,"y":1},"o":{"x":0.333,"y":0},"t":254,"s":[{"i":[[-2.801,0.93],[-13.692,-0.232],[0,0]],"o":[[0.155,0.011],[13.967,0.237],[0,0]],"v":[[-63.715,-16.18],[-46.026,-21.575],[-28.482,-17.651]],"c":false}]},{"i":{"x":0.667,"y":1},"o":{"x":0.333,"y":0},"t":258,"s":[{"i":[[-0.093,0],[-12.65,0.169],[0,0]],"o":[[0.093,0],[12.65,-0.169],[0,0]],"v":[[-65.177,-12.679],[-45.696,-15.874],[-26.734,-13.181]],"c":false}]},{"i":{"x":0.667,"y":1},"o":{"x":0.333,"y":0},"t":262,"s":[{"i":[[-0.093,0],[-10.754,-0.065],[0,0]],"o":[[0.093,0],[11.231,0.068],[0,0]],"v":[[-65.258,-10.088],[-46.051,-11.264],[-26.127,-9.779]],"c":false}]},{"i":{"x":0.667,"y":1},"o":{"x":0.333,"y":0},"t":265,"s":[{"i":[[0.137,-1.719],[-9.899,-0.031],[0,0]],"o":[[-0.007,0.092],[1.394,0.004],[0,0]],"v":[[-65.63,-6.768],[-45.79,-6.737],[-26.053,-6.685]],"c":false}]},{"i":{"x":0.667,"y":1},"o":{"x":0.333,"y":0},"t":268,"s":[{"i":[[0.137,-1.719],[-9.899,-0.031],[0,0]],"o":[[-0.007,0.092],[1.394,0.004],[0,0]],"v":[[-65.63,-6.768],[-45.79,-6.737],[-26.053,-6.685]],"c":false}]},{"i":{"x":0.667,"y":1},"o":{"x":0.333,"y":0},"t":271,"s":[{"i":[[-0.093,0],[-10.754,-0.065],[0,0]],"o":[[0.093,0],[11.231,0.068],[0,0]],"v":[[-65.258,-10.088],[-46.051,-11.264],[-26.127,-9.779]],"c":false}]},{"i":{"x":0.667,"y":1},"o":{"x":0.333,"y":0},"t":275,"s":[{"i":[[-0.093,0],[-12.65,0.169],[0,0]],"o":[[0.093,0],[12.65,-0.169],[0,0]],"v":[[-65.177,-12.679],[-45.696,-15.874],[-26.734,-13.181]],"c":false}]},{"i":{"x":0.833,"y":0.833},"o":{"x":0.333,"y":0},"t":279,"s":[{"i":[[-2.801,0.93],[-13.692,-0.232],[0,0]],"o":[[0.155,0.011],[13.967,0.237],[0,0]],"v":[[-63.715,-16.18],[-46.026,-21.575],[-28.482,-17.651]],"c":false}]},{"i":{"x":0.667,"y":1},"o":{"x":0.167,"y":0.167},"t":281,"s":[{"i":[[-1.491,0.474],[-9.63,-0.009],[0,0]],"o":[[0.162,-0.017],[8.81,0.048],[0,0]],"v":[[-61.612,-19.778],[-45.854,-24.755],[-31.59,-21.87]],"c":false}]},{"t":283,"s":[{"i":[[-0.181,0.018],[-5.569,0.214],[0,0]],"o":[[0.17,-0.046],[3.654,-0.14],[0,0]],"v":[[-54.981,-25.928],[-45.683,-27.935],[-37.414,-26.093]],"c":false}]}],"ix":2},"nm":"Path","mn":"ADBE Vector Shape - Group","hd":false},{"ty":"st","c":{"a":0,"k":[0,0,0,1],"ix":3},"o":{"a":0,"k":100,"ix":4},"w":{"a":0,"k":0.75,"ix":5},"lc":1,"lj":1,"ml":4,"bm":0,"nm":"Stroke","mn":"ADBE Vector Graphic - Stroke","hd":false},{"ty":"tr","p":{"a":0,"k":[0,0],"ix":2},"a":{"a":0,"k":[0,0],"ix":1},"s":{"a":0,"k":[100,100],"ix":3},"r":{"a":0,"k":0,"ix":6},"o":{"a":0,"k":100,"ix":7},"sk":{"a":0,"k":0,"ix":4},"sa":{"a":0,"k":0,"ix":5},"nm":"Transform"}],"nm":"line","np":2,"cix":2,"bm":0,"ix":1,"mn":"ADBE Vector Group","hd":false},{"ty":"gr","it":[{"ind":0,"ty":"sh","ix":1,"ks":{"a":1,"k":[{"i":{"x":0.833,"y":0.833},"o":{"x":0.333,"y":0},"t":25,"s":[{"i":[[3.667,-0.067],[-0.093,0],[-2.669,0.588],[-0.005,0],[-2.191,-0.419],[0,0]],"o":[[-2.239,0.041],[0.061,0],[1.357,-0.299],[0.006,0],[1.972,0.377],[0,0]],"v":[[-45.769,-27.904],[-54.866,-25.825],[-48.172,-27.287],[-45.789,-27.811],[-41.278,-26.951],[-37.434,-26.216]],"c":true}]},{"i":{"x":0.667,"y":1},"o":{"x":0.167,"y":0.167},"t":27,"s":[{"i":[[8.139,-0.257],[-0.093,0],[-3.868,1.085],[-0.012,0],[-3.336,-0.676],[0,0]],"o":[[-6.998,0.229],[0.059,0],[2.296,-0.654],[0.014,0],[3.079,0.624],[0,0]],"v":[[-45.939,-27.863],[-59.301,-20.989],[-51.874,-23.916],[-46,-24.705],[-38.944,-23.819],[-31.775,-22.117]],"c":true}]},{"i":{"x":0.667,"y":1},"o":{"x":0.333,"y":0},"t":29,"s":[{"i":[[12.612,-0.447],[-0.093,0],[-5.066,1.581],[-0.02,0],[-4.481,-0.933],[0,0]],"o":[[-11.757,0.416],[0.056,0],[3.235,-1.01],[0.022,0],[4.187,0.872],[0,0]],"v":[[-46.108,-27.821],[-63.736,-16.152],[-55.575,-20.545],[-46.211,-21.599],[-36.611,-20.687],[-28.831,-17.984]],"c":true}]},{"i":{"x":0.667,"y":1},"o":{"x":0.333,"y":0},"t":33,"s":[{"i":[[16.807,0.624],[-0.093,0],[-5.733,0.966],[-3.451,0.084],[-3.482,-0.725],[0,0]],"o":[[-15.397,-0.571],[0.061,0],[2.914,-0.491],[5.389,-0.131],[3.134,0.652],[0,0]],"v":[[-46.272,-27.863],[-65.177,-12.654],[-55.294,-14.944],[-45.59,-15.917],[-31.768,-14.589],[-26.691,-13.292]],"c":true}]},{"i":{"x":0.667,"y":1},"o":{"x":0.333,"y":0},"t":37,"s":[{"i":[[19.541,0.439],[-0.093,0],[-5.596,0.333],[-4.077,-0.034],[-3.524,-0.426],[0,0]],"o":[[-16.225,-0.364],[0.061,0],[2.844,-0.169],[6.367,0.052],[3.172,0.383],[0,0]],"v":[[-46.181,-27.574],[-65.218,-10.143],[-56.479,-11.012],[-46.064,-11.265],[-30.945,-10.324],[-25.981,-9.587]],"c":true}]},{"i":{"x":0.667,"y":1},"o":{"x":0.333,"y":0},"t":40,"s":[{"i":[[16.744,0.709],[-0.093,0],[-5.864,0.018],[-0.009,0],[-5.167,-0.009],[-0.032,-0.029]],"o":[[-19.963,-0.846],[0.061,0],[2.981,-0.009],[0.012,0],[4.651,0.008],[0.961,-4.547]],"v":[[-45.088,-27.821],[-65.65,-6.718],[-51.026,-6.762],[-45.787,-6.778],[-35.161,-6.769],[-26.053,-6.718]],"c":true}]},{"i":{"x":0.667,"y":1},"o":{"x":0.333,"y":0},"t":43,"s":[{"i":[[16.744,0.709],[-0.093,0],[-5.864,0.018],[-0.009,0],[-5.167,-0.009],[-0.032,-0.029]],"o":[[-19.963,-0.846],[0.061,0],[2.981,-0.009],[0.012,0],[4.651,0.008],[0.961,-4.547]],"v":[[-45.088,-27.821],[-65.65,-6.718],[-51.026,-6.762],[-45.787,-6.778],[-35.161,-6.769],[-26.053,-6.718]],"c":true}]},{"i":{"x":0.667,"y":1},"o":{"x":0.333,"y":0},"t":46,"s":[{"i":[[19.541,0.439],[-0.093,0],[-5.596,0.333],[-4.077,-0.034],[-3.524,-0.426],[0,0]],"o":[[-16.225,-0.364],[0.061,0],[2.844,-0.169],[6.367,0.052],[3.172,0.383],[0,0]],"v":[[-46.181,-27.574],[-65.218,-10.143],[-56.479,-11.012],[-46.064,-11.265],[-30.945,-10.324],[-25.981,-9.587]],"c":true}]},{"i":{"x":0.667,"y":1},"o":{"x":0.333,"y":0},"t":50,"s":[{"i":[[16.807,0.624],[-0.093,0],[-5.733,0.966],[-3.451,0.084],[-3.482,-0.725],[0,0]],"o":[[-15.397,-0.571],[0.061,0],[2.914,-0.491],[5.389,-0.131],[3.134,0.652],[0,0]],"v":[[-46.272,-27.863],[-65.177,-12.654],[-55.294,-14.944],[-45.59,-15.917],[-31.768,-14.589],[-26.691,-13.292]],"c":true}]},{"i":{"x":0.833,"y":0.833},"o":{"x":0.333,"y":0},"t":54,"s":[{"i":[[12.612,-0.447],[-0.093,0],[-5.066,1.581],[-0.02,0],[-4.481,-0.933],[0,0]],"o":[[-11.757,0.416],[0.056,0],[3.235,-1.01],[0.022,0],[4.187,0.872],[0,0]],"v":[[-46.108,-27.821],[-63.736,-16.152],[-55.575,-20.545],[-46.211,-21.599],[-36.611,-20.687],[-28.831,-17.984]],"c":true}]},{"i":{"x":0.667,"y":1},"o":{"x":0.167,"y":0.167},"t":56,"s":[{"i":[[8.139,-0.257],[-0.093,0],[-3.868,1.085],[-0.012,0],[-3.336,-0.676],[0,0]],"o":[[-6.998,0.229],[0.059,0],[2.296,-0.654],[0.014,0],[3.079,0.624],[0,0]],"v":[[-45.939,-27.863],[-59.301,-20.989],[-51.874,-23.916],[-46,-24.705],[-38.944,-23.819],[-31.775,-22.117]],"c":true}]},{"i":{"x":0.833,"y":1},"o":{"x":0.167,"y":0},"t":58,"s":[{"i":[[3.667,-0.067],[-0.093,0],[-2.669,0.588],[-0.005,0],[-2.191,-0.419],[0,0]],"o":[[-2.239,0.041],[0.061,0],[1.357,-0.299],[0.006,0],[1.972,0.377],[0,0]],"v":[[-45.769,-27.904],[-54.866,-25.825],[-48.172,-27.287],[-45.789,-27.811],[-41.278,-26.951],[-37.434,-26.216]],"c":true}]},{"i":{"x":0.833,"y":0.833},"o":{"x":0.333,"y":0},"t":250,"s":[{"i":[[3.667,-0.067],[-0.093,0],[-2.669,0.588],[-0.005,0],[-2.191,-0.419],[0,0]],"o":[[-2.239,0.041],[0.061,0],[1.357,-0.299],[0.006,0],[1.972,0.377],[0,0]],"v":[[-45.769,-27.904],[-54.866,-25.825],[-48.172,-27.287],[-45.789,-27.811],[-41.278,-26.951],[-37.434,-26.216]],"c":true}]},{"i":{"x":0.667,"y":1},"o":{"x":0.167,"y":0.167},"t":252,"s":[{"i":[[8.139,-0.257],[-0.093,0],[-3.868,1.085],[-0.012,0],[-3.336,-0.676],[0,0]],"o":[[-6.998,0.229],[0.059,0],[2.296,-0.654],[0.014,0],[3.079,0.624],[0,0]],"v":[[-45.939,-27.863],[-59.301,-20.989],[-51.874,-23.916],[-46,-24.705],[-38.944,-23.819],[-31.775,-22.117]],"c":true}]},{"i":{"x":0.667,"y":1},"o":{"x":0.333,"y":0},"t":254,"s":[{"i":[[12.612,-0.447],[-0.093,0],[-5.066,1.581],[-0.02,0],[-4.481,-0.933],[0,0]],"o":[[-11.757,0.416],[0.056,0],[3.235,-1.01],[0.022,0],[4.187,0.872],[0,0]],"v":[[-46.108,-27.821],[-63.736,-16.152],[-55.575,-20.545],[-46.211,-21.599],[-36.611,-20.687],[-28.831,-17.984]],"c":true}]},{"i":{"x":0.667,"y":1},"o":{"x":0.333,"y":0},"t":258,"s":[{"i":[[16.807,0.624],[-0.093,0],[-5.733,0.966],[-3.451,0.084],[-3.482,-0.725],[0,0]],"o":[[-15.397,-0.571],[0.061,0],[2.914,-0.491],[5.389,-0.131],[3.134,0.652],[0,0]],"v":[[-46.272,-27.863],[-65.177,-12.654],[-55.294,-14.944],[-45.59,-15.917],[-31.768,-14.589],[-26.691,-13.292]],"c":true}]},{"i":{"x":0.667,"y":1},"o":{"x":0.333,"y":0},"t":262,"s":[{"i":[[19.541,0.439],[-0.093,0],[-5.596,0.333],[-4.077,-0.034],[-3.524,-0.426],[0,0]],"o":[[-16.225,-0.364],[0.061,0],[2.844,-0.169],[6.367,0.052],[3.172,0.383],[0,0]],"v":[[-46.181,-27.574],[-65.218,-10.143],[-56.479,-11.012],[-46.064,-11.265],[-30.945,-10.324],[-25.981,-9.587]],"c":true}]},{"i":{"x":0.667,"y":1},"o":{"x":0.333,"y":0},"t":265,"s":[{"i":[[16.744,0.709],[-0.093,0],[-5.864,0.018],[-0.009,0],[-5.167,-0.009],[-0.032,-0.029]],"o":[[-19.963,-0.846],[0.061,0],[2.981,-0.009],[0.012,0],[4.651,0.008],[0.961,-4.547]],"v":[[-45.088,-27.821],[-65.65,-6.718],[-51.026,-6.762],[-45.787,-6.778],[-35.161,-6.769],[-26.053,-6.718]],"c":true}]},{"i":{"x":0.667,"y":1},"o":{"x":0.333,"y":0},"t":268,"s":[{"i":[[16.744,0.709],[-0.093,0],[-5.864,0.018],[-0.009,0],[-5.167,-0.009],[-0.032,-0.029]],"o":[[-19.963,-0.846],[0.061,0],[2.981,-0.009],[0.012,0],[4.651,0.008],[0.961,-4.547]],"v":[[-45.088,-27.821],[-65.65,-6.718],[-51.026,-6.762],[-45.787,-6.778],[-35.161,-6.769],[-26.053,-6.718]],"c":true}]},{"i":{"x":0.667,"y":1},"o":{"x":0.333,"y":0},"t":271,"s":[{"i":[[19.541,0.439],[-0.093,0],[-5.596,0.333],[-4.077,-0.034],[-3.524,-0.426],[0,0]],"o":[[-16.225,-0.364],[0.061,0],[2.844,-0.169],[6.367,0.052],[3.172,0.383],[0,0]],"v":[[-46.181,-27.574],[-65.218,-10.143],[-56.479,-11.012],[-46.064,-11.265],[-30.945,-10.324],[-25.981,-9.587]],"c":true}]},{"i":{"x":0.667,"y":1},"o":{"x":0.333,"y":0},"t":275,"s":[{"i":[[16.807,0.624],[-0.093,0],[-5.733,0.966],[-3.451,0.084],[-3.482,-0.725],[0,0]],"o":[[-15.397,-0.571],[0.061,0],[2.914,-0.491],[5.389,-0.131],[3.134,0.652],[0,0]],"v":[[-46.272,-27.863],[-65.177,-12.654],[-55.294,-14.944],[-45.59,-15.917],[-31.768,-14.589],[-26.691,-13.292]],"c":true}]},{"i":{"x":0.833,"y":0.833},"o":{"x":0.333,"y":0},"t":279,"s":[{"i":[[12.612,-0.447],[-0.093,0],[-5.066,1.581],[-0.02,0],[-4.481,-0.933],[0,0]],"o":[[-11.757,0.416],[0.056,0],[3.235,-1.01],[0.022,0],[4.187,0.872],[0,0]],"v":[[-46.108,-27.821],[-63.736,-16.152],[-55.575,-20.545],[-46.211,-21.599],[-36.611,-20.687],[-28.831,-17.984]],"c":true}]},{"i":{"x":0.667,"y":1},"o":{"x":0.167,"y":0.167},"t":281,"s":[{"i":[[8.139,-0.257],[-0.093,0],[-3.868,1.085],[-0.012,0],[-3.336,-0.676],[0,0]],"o":[[-6.998,0.229],[0.059,0],[2.296,-0.654],[0.014,0],[3.079,0.624],[0,0]],"v":[[-45.939,-27.863],[-59.301,-20.989],[-51.874,-23.916],[-46,-24.705],[-38.944,-23.819],[-31.775,-22.117]],"c":true}]},{"t":283,"s":[{"i":[[3.667,-0.067],[-0.093,0],[-2.669,0.588],[-0.005,0],[-2.191,-0.419],[0,0]],"o":[[-2.239,0.041],[0.061,0],[1.357,-0.299],[0.006,0],[1.972,0.377],[0,0]],"v":[[-45.769,-27.904],[-54.866,-25.825],[-48.172,-27.287],[-45.789,-27.811],[-41.278,-26.951],[-37.434,-26.216]],"c":true}]}],"ix":2},"nm":"Pat","mn":"ADBE Vector Shape - Group","hd":false},{"ty":"fl","c":{"a":0,"k":[0.996078491211,0.796078491211,0,1],"ix":4},"o":{"a":0,"k":100,"ix":5},"r":1,"bm":0,"nm":"Fill","mn":"ADBE Vector Graphic - Fill","hd":false},{"ty":"tr","p":{"a":0,"k":[0,0],"ix":2},"a":{"a":0,"k":[0,0],"ix":1},"s":{"a":0,"k":[100,100],"ix":3},"r":{"a":0,"k":0,"ix":6},"o":{"a":0,"k":100,"ix":7},"sk":{"a":0,"k":0,"ix":4},"sa":{"a":0,"k":0,"ix":5},"nm":"Transform"}],"nm":"Fill","np":2,"cix":2,"bm":0,"ix":2,"mn":"ADBE Vector Group","hd":false},{"ty":"tr","p":{"a":0,"k":[-45.8,0],"ix":2},"a":{"a":0,"k":[-45.712,-13.373],"ix":1},"s":{"a":0,"k":[100,100],"ix":3},"r":{"a":0,"k":180,"ix":6},"o":{"a":0,"k":100,"ix":7},"sk":{"a":0,"k":0,"ix":4},"sa":{"a":0,"k":0,"ix":5},"nm":"Transform"}],"nm":"lower eyelid ","np":2,"cix":2,"bm":0,"ix":2,"mn":"ADBE Vector Group","hd":false},{"ty":"tr","p":{"a":0,"k":[-17.756,-6.686],"ix":2},"a":{"a":0,"k":[-45.756,-6.686],"ix":1},"s":{"a":0,"k":[100,100],"ix":3},"r":{"a":0,"k":0,"ix":6},"o":{"a":0,"k":100,"ix":7},"sk":{"a":0,"k":0,"ix":4},"sa":{"a":0,"k":0,"ix":5},"nm":"Transform"}],"nm":"Eyelids","np":2,"cix":2,"bm":0,"ix":2,"mn":"ADBE Vector Group","hd":false}],"ip":0,"op":301,"st":0,"bm":0},{"ddd":0,"ind":2,"ty":4,"nm":"L iris target","parent":1,"sr":1,"ks":{"o":{"a":0,"k":100,"ix":11},"r":{"a":0,"k":-1.576,"ix":10},"p":{"a":1,"k":[{"i":{"x":0.667,"y":1},"o":{"x":0.167,"y":0},"t":33,"s":[-23.39,-6.37,0],"to":[0.727,1.454,0],"ti":[-0.727,-1.454,0]},{"i":{"x":0.703,"y":0.703},"o":{"x":0.184,"y":0.184},"t":75,"s":[-19.027,2.356,0],"to":[0,0,0],"ti":[0,0,0]},{"i":{"x":0.667,"y":1},"o":{"x":0.167,"y":0},"t":110,"s":[-19.027,2.356,0],"to":[-1.276,-0.384,0],"ti":[1.276,0.384,0]},{"i":{"x":0.667,"y":0.667},"o":{"x":0.167,"y":0.167},"t":150,"s":[-26.683,0.051,0],"to":[0,0,0],"ti":[0,0,0]},{"i":{"x":0.667,"y":1},"o":{"x":0.167,"y":0},"t":181,"s":[-26.683,0.051,0],"to":[1.955,-1.07,0],"ti":[-1.955,1.07,0]},{"i":{"x":0.667,"y":0.667},"o":{"x":0.167,"y":0.167},"t":212,"s":[-14.952,-6.37,0],"to":[0,0,0],"ti":[0,0,0]},{"i":{"x":0.667,"y":1},"o":{"x":0.167,"y":0},"t":267,"s":[-14.952,-6.37,0],"to":[-1.406,0,0],"ti":[1.406,0,0]},{"t":288,"s":[-23.39,-6.37,0]}],"ix":2},"a":{"a":0,"k":[-23.39,-6.37,0],"ix":1},"s":{"a":0,"k":[100,100,100],"ix":6}},"ao":0,"shapes":[{"ty":"gr","it":[{"d":1,"ty":"el","s":{"a":0,"k":[5.662,5.662],"ix":2},"p":{"a":0,"k":[0,0],"ix":3},"nm":"Ellipse Path","mn":"ADBE Vector Shape - Ellipse","hd":false},{"ty":"fl","c":{"a":0,"k":[0,0,0,1],"ix":4},"o":{"a":0,"k":100,"ix":5},"r":1,"bm":0,"nm":"Fill","mn":"ADBE Vector Graphic - Fill","hd":false},{"ty":"tr","p":{"a":0,"k":[-23.39,-6.37],"ix":2},"a":{"a":0,"k":[0,0],"ix":1},"s":{"a":0,"k":[100,100],"ix":3},"r":{"a":0,"k":0,"ix":6},"o":{"a":0,"k":100,"ix":7},"sk":{"a":0,"k":0,"ix":4},"sa":{"a":0,"k":0,"ix":5},"nm":"Transform"}],"nm":"Group","np":2,"cix":2,"bm":0,"ix":1,"mn":"ADBE Vector Group","hd":false}],"ip":0,"op":301,"st":0,"bm":0},{"ddd":0,"ind":3,"ty":4,"nm":"L eye back","parent":1,"sr":1,"ks":{"o":{"a":0,"k":100,"ix":11},"r":{"a":0,"k":0,"ix":10},"p":{"a":0,"k":[-16.635,-5.176,0],"ix":2},"a":{"a":0,"k":[-16.828,-5.321,0],"ix":1},"s":{"a":0,"k":[100,100,100],"ix":6}},"ao":0,"shapes":[{"ty":"gr","it":[{"d":1,"ty":"el","s":{"a":0,"k":[40,40],"ix":2},"p":{"a":0,"k":[0,0],"ix":3},"nm":"Ellipse Path","mn":"ADBE Vector Shape - Ellipse","hd":false},{"ty":"fl","c":{"a":0,"k":[1,1,1,1],"ix":4},"o":{"a":0,"k":100,"ix":5},"r":1,"bm":0,"nm":"Fill","mn":"ADBE Vector Graphic - Fill","hd":false},{"ty":"tr","p":{"a":0,"k":[-17.75,-5.321],"ix":2},"a":{"a":0,"k":[0,0],"ix":1},"s":{"a":0,"k":[100,100],"ix":3},"r":{"a":0,"k":0,"ix":6},"o":{"a":0,"k":100,"ix":7},"sk":{"a":0,"k":0,"ix":4},"sa":{"a":0,"k":0,"ix":5},"nm":"Transform"}],"nm":"Group","np":2,"cix":2,"bm":0,"ix":1,"mn":"ADBE Vector Group","hd":false}],"ip":0,"op":301,"st":0,"bm":0},{"ddd":0,"ind":4,"ty":4,"nm":"R eye","parent":1,"sr":1,"ks":{"o":{"a":0,"k":100,"ix":11},"r":{"a":0,"k":0,"ix":10},"p":{"a":0,"k":[-45.203,-6.769,0],"ix":2},"a":{"a":0,"k":[-45.203,-6.769,0],"ix":1},"s":{"a":0,"k":[100,100,100],"ix":6}},"ao":0,"shapes":[{"ty":"gr","it":[{"ind":0,"ty":"sh","ix":1,"ks":{"a":0,"k":{"i":[[-7.89,0],[0,-7.89],[7.89,0],[0,7.89]],"o":[[7.89,0],[0,7.89],[-7.89,0],[0,-7.89]],"v":[[0,-14.286],[14.286,0],[0,14.286],[-14.286,0]],"c":true},"ix":2},"nm":"Path 1","mn":"ADBE Vector Shape - Group","hd":false},{"ind":1,"ty":"sh","ix":2,"ks":{"a":0,"k":{"i":[[6.981,0],[0,-6.981],[-6.981,0],[0,6.981]],"o":[[-6.981,0],[0,6.981],[6.981,0],[0,-6.981]],"v":[[-1.053,-12.64],[-13.694,0],[-1.053,12.64],[11.587,0]],"c":true},"ix":2},"nm":"Path 2","mn":"ADBE Vector Shape - Group","hd":false},{"ty":"fl","c":{"a":0,"k":[0,0,0,1],"ix":4},"o":{"a":0,"k":100,"ix":5},"r":1,"bm":0,"nm":"Fill","mn":"ADBE Vector Graphic - Fill","hd":false},{"ty":"tr","p":{"a":0,"k":[-45.203,-6.769],"ix":2},"a":{"a":0,"k":[0,0],"ix":1},"s":{"a":0,"k":[100,100],"ix":3},"r":{"a":0,"k":0,"ix":6},"o":{"a":0,"k":100,"ix":7},"sk":{"a":0,"k":0,"ix":4},"sa":{"a":0,"k":0,"ix":5},"nm":"Transform"}],"nm":"Group","np":3,"cix":2,"bm":0,"ix":1,"mn":"ADBE Vector Group","hd":false},{"ty":"gr","it":[{"ty":"gr","it":[{"ty":"gr","it":[{"ind":0,"ty":"sh","ix":1,"ks":{"a":1,"k":[{"i":{"x":0.667,"y":1},"o":{"x":0.333,"y":0},"t":25,"s":[{"i":[[-0.093,0],[-2.832,-0.05],[0,0]],"o":[[0.093,0],[2.889,0.051],[0,0]],"v":[[-49.885,-19.466],[-45.691,-20.155],[-40.871,-19.425]],"c":false}]},{"i":{"x":0.667,"y":1},"o":{"x":0.333,"y":0},"t":29,"s":[{"i":[[-2.801,0.93],[-6.403,-0.18],[0,0]],"o":[[0.155,0.011],[5.969,0.168],[0,0]],"v":[[-54.331,-16.829],[-44.689,-17.665],[-36.046,-16.003]],"c":false}]},{"i":{"x":0.667,"y":1},"o":{"x":0.333,"y":0},"t":33,"s":[{"i":[[-0.093,0],[-6.601,-0.04],[0,0]],"o":[[0.093,0],[6.628,0.04],[0,0]],"v":[[-57.871,-12.679],[-45.704,-13.652],[-33.978,-12.594]],"c":false}]},{"i":{"x":0.667,"y":1},"o":{"x":0.333,"y":0},"t":37,"s":[{"i":[[-0.093,0],[-8.486,-0.035],[0,0]],"o":[[0.093,0],[8.497,0.035],[0,0]],"v":[[-58.878,-9.265],[-45.687,-9.947],[-33.001,-9.182]],"c":false}]},{"i":{"x":0.667,"y":1},"o":{"x":0.333,"y":0},"t":40,"s":[{"i":[[-0.093,0],[-9.899,-0.031],[0,0]],"o":[[0.093,0],[9.899,0.031],[0,0]],"v":[[-59.147,-6.706],[-45.708,-6.572],[-32.268,-6.623]],"c":false}]},{"i":{"x":0.667,"y":1},"o":{"x":0.333,"y":0},"t":43,"s":[{"i":[[-0.093,0],[-9.899,-0.031],[0,0]],"o":[[0.093,0],[9.899,0.031],[0,0]],"v":[[-59.147,-6.706],[-45.708,-6.572],[-32.268,-6.623]],"c":false}]},{"i":{"x":0.667,"y":1},"o":{"x":0.333,"y":0},"t":46,"s":[{"i":[[-0.093,0],[-8.486,-0.035],[0,0]],"o":[[0.093,0],[8.497,0.035],[0,0]],"v":[[-58.878,-9.265],[-45.687,-9.947],[-33.001,-9.182]],"c":false}]},{"i":{"x":0.667,"y":1},"o":{"x":0.333,"y":0},"t":50,"s":[{"i":[[-0.093,0],[-6.601,-0.04],[0,0]],"o":[[0.093,0],[6.628,0.04],[0,0]],"v":[[-57.871,-12.679],[-45.704,-13.652],[-33.978,-12.594]],"c":false}]},{"i":{"x":0.667,"y":1},"o":{"x":0.333,"y":0},"t":54,"s":[{"i":[[-2.801,0.93],[-6.403,-0.18],[0,0]],"o":[[0.155,0.011],[5.969,0.168],[0,0]],"v":[[-54.331,-16.829],[-44.689,-17.665],[-36.046,-16.003]],"c":false}]},{"i":{"x":0.833,"y":1},"o":{"x":0.167,"y":0},"t":58,"s":[{"i":[[-0.093,0],[-2.832,-0.05],[0,0]],"o":[[0.093,0],[2.889,0.051],[0,0]],"v":[[-49.885,-19.466],[-45.691,-20.155],[-40.871,-19.425]],"c":false}]},{"i":{"x":0.667,"y":1},"o":{"x":0.333,"y":0},"t":250,"s":[{"i":[[-0.093,0],[-2.832,-0.05],[0,0]],"o":[[0.093,0],[2.889,0.051],[0,0]],"v":[[-49.885,-19.466],[-45.691,-20.155],[-40.871,-19.425]],"c":false}]},{"i":{"x":0.667,"y":1},"o":{"x":0.333,"y":0},"t":254,"s":[{"i":[[-2.801,0.93],[-6.403,-0.18],[0,0]],"o":[[0.155,0.011],[5.969,0.168],[0,0]],"v":[[-54.331,-16.829],[-44.689,-17.665],[-36.046,-16.003]],"c":false}]},{"i":{"x":0.667,"y":1},"o":{"x":0.333,"y":0},"t":258,"s":[{"i":[[-0.093,0],[-6.601,-0.04],[0,0]],"o":[[0.093,0],[6.628,0.04],[0,0]],"v":[[-57.871,-12.679],[-45.704,-13.652],[-33.978,-12.594]],"c":false}]},{"i":{"x":0.667,"y":1},"o":{"x":0.333,"y":0},"t":262,"s":[{"i":[[-0.093,0],[-8.486,-0.035],[0,0]],"o":[[0.093,0],[8.497,0.035],[0,0]],"v":[[-58.878,-9.265],[-45.687,-9.947],[-33.001,-9.182]],"c":false}]},{"i":{"x":0.667,"y":1},"o":{"x":0.333,"y":0},"t":265,"s":[{"i":[[-0.093,0],[-9.899,-0.031],[0,0]],"o":[[0.093,0],[9.899,0.031],[0,0]],"v":[[-59.147,-6.706],[-45.708,-6.572],[-32.268,-6.623]],"c":false}]},{"i":{"x":0.667,"y":1},"o":{"x":0.333,"y":0},"t":268,"s":[{"i":[[-0.093,0],[-9.899,-0.031],[0,0]],"o":[[0.093,0],[9.899,0.031],[0,0]],"v":[[-59.147,-6.706],[-45.708,-6.572],[-32.268,-6.623]],"c":false}]},{"i":{"x":0.667,"y":1},"o":{"x":0.333,"y":0},"t":271,"s":[{"i":[[-0.093,0],[-8.486,-0.035],[0,0]],"o":[[0.093,0],[8.497,0.035],[0,0]],"v":[[-58.878,-9.265],[-45.687,-9.947],[-33.001,-9.182]],"c":false}]},{"i":{"x":0.667,"y":1},"o":{"x":0.333,"y":0},"t":275,"s":[{"i":[[-0.093,0],[-6.601,-0.04],[0,0]],"o":[[0.093,0],[6.628,0.04],[0,0]],"v":[[-57.871,-12.679],[-45.704,-13.652],[-33.978,-12.594]],"c":false}]},{"i":{"x":0.667,"y":1},"o":{"x":0.333,"y":0},"t":279,"s":[{"i":[[-2.801,0.93],[-6.403,-0.18],[0,0]],"o":[[0.155,0.011],[5.969,0.168],[0,0]],"v":[[-54.331,-16.829],[-44.689,-17.665],[-36.046,-16.003]],"c":false}]},{"t":283,"s":[{"i":[[-0.093,0],[-2.832,-0.05],[0,0]],"o":[[0.093,0],[2.889,0.051],[0,0]],"v":[[-49.885,-19.466],[-45.691,-20.155],[-40.871,-19.425]],"c":false}]}],"ix":2},"nm":"Path","mn":"ADBE Vector Shape - Group","hd":false},{"ty":"st","c":{"a":0,"k":[0,0,0,1],"ix":3},"o":{"a":0,"k":100,"ix":4},"w":{"a":0,"k":0.75,"ix":5},"lc":1,"lj":1,"ml":4,"bm":0,"nm":"Stroke","mn":"ADBE Vector Graphic - Stroke","hd":false},{"ty":"tr","p":{"a":0,"k":[0,0],"ix":2},"a":{"a":0,"k":[0,0],"ix":1},"s":{"a":0,"k":[100,100],"ix":3},"r":{"a":0,"k":0,"ix":6},"o":{"a":0,"k":100,"ix":7},"sk":{"a":0,"k":0,"ix":4},"sa":{"a":0,"k":0,"ix":5},"nm":"Transform"}],"nm":"Line","np":2,"cix":2,"bm":0,"ix":1,"mn":"ADBE Vector Group","hd":false},{"ty":"gr","it":[{"ind":0,"ty":"sh","ix":1,"ks":{"a":1,"k":[{"i":{"x":0.667,"y":1},"o":{"x":0.333,"y":0},"t":25,"s":[{"i":[[3.667,-0.067],[-0.093,0],[-3.47,-0.031],[0,0]],"o":[[-2.239,0.041],[0.093,0],[3.404,0.03],[0,0]],"v":[[-46.14,-20.165],[-49.927,-19.486],[-45.629,-20.114],[-40.851,-19.425]],"c":true}]},{"i":{"x":0.667,"y":1},"o":{"x":0.333,"y":0},"t":29,"s":[{"i":[[6.288,0],[-0.093,0],[-7.538,0],[0,0]],"o":[[-5.113,0],[0.093,0],[6.621,0],[0,0]],"v":[[-46.14,-20.165],[-54.269,-16.811],[-44.538,-17.562],[-36.076,-16.008]],"c":true}]},{"i":{"x":0.667,"y":1},"o":{"x":0.333,"y":0},"t":33,"s":[{"i":[[8.516,-0.261],[-0.093,0],[-9.899,-0.031],[0,0]],"o":[[-9.105,0.279],[0.093,0],[9.899,0.031],[0,0]],"v":[[-46.263,-20.165],[-57.809,-12.695],[-45.732,-13.569],[-34.141,-12.509]],"c":true}]},{"i":{"x":0.667,"y":1},"o":{"x":0.333,"y":0},"t":37,"s":[{"i":[[11.573,-0.318],[-0.093,0],[-9.899,-0.031],[0,0]],"o":[[-11.208,0.308],[0.093,0],[9.899,0.031],[0,0]],"v":[[-46.263,-20.165],[-58.838,-9.237],[-45.714,-9.906],[-33.03,-9.217]],"c":true}]},{"i":{"x":0.667,"y":1},"o":{"x":0.333,"y":0},"t":40,"s":[{"i":[[13.166,-0.538],[-0.093,0],[-9.899,-0.031],[0,0]],"o":[[-12.591,0.515],[0.093,0],[9.899,0.031],[0,0]],"v":[[-46.263,-20.165],[-59.147,-6.706],[-45.708,-6.572],[-32.268,-6.623]],"c":true}]},{"i":{"x":0.667,"y":1},"o":{"x":0.333,"y":0},"t":43,"s":[{"i":[[13.166,-0.538],[-0.093,0],[-9.899,-0.031],[0,0]],"o":[[-12.591,0.515],[0.093,0],[9.899,0.031],[0,0]],"v":[[-46.263,-20.165],[-59.147,-6.706],[-45.708,-6.572],[-32.268,-6.623]],"c":true}]},{"i":{"x":0.667,"y":1},"o":{"x":0.333,"y":0},"t":46,"s":[{"i":[[11.573,-0.318],[-0.093,0],[-9.899,-0.031],[0,0]],"o":[[-11.208,0.308],[0.093,0],[9.899,0.031],[0,0]],"v":[[-46.263,-20.165],[-58.838,-9.237],[-45.714,-9.906],[-33.03,-9.217]],"c":true}]},{"i":{"x":0.667,"y":1},"o":{"x":0.333,"y":0},"t":50,"s":[{"i":[[8.516,-0.261],[-0.093,0],[-9.899,-0.031],[0,0]],"o":[[-9.105,0.279],[0.093,0],[9.899,0.031],[0,0]],"v":[[-46.263,-20.165],[-57.809,-12.695],[-45.732,-13.569],[-34.141,-12.509]],"c":true}]},{"i":{"x":0.667,"y":1},"o":{"x":0.333,"y":0},"t":54,"s":[{"i":[[6.288,0],[-0.093,0],[-7.538,0],[0,0]],"o":[[-5.113,0],[0.093,0],[6.621,0],[0,0]],"v":[[-46.14,-20.165],[-54.269,-16.811],[-44.538,-17.562],[-36.076,-16.008]],"c":true}]},{"i":{"x":0.833,"y":1},"o":{"x":0.167,"y":0},"t":58,"s":[{"i":[[3.667,-0.067],[-0.093,0],[-3.47,-0.031],[0,0]],"o":[[-2.239,0.041],[0.093,0],[3.404,0.03],[0,0]],"v":[[-46.14,-20.165],[-49.927,-19.486],[-45.629,-20.114],[-40.851,-19.425]],"c":true}]},{"i":{"x":0.667,"y":1},"o":{"x":0.333,"y":0},"t":250,"s":[{"i":[[3.667,-0.067],[-0.093,0],[-3.47,-0.031],[0,0]],"o":[[-2.239,0.041],[0.093,0],[3.404,0.03],[0,0]],"v":[[-46.14,-20.165],[-49.927,-19.486],[-45.629,-20.114],[-40.851,-19.425]],"c":true}]},{"i":{"x":0.667,"y":1},"o":{"x":0.333,"y":0},"t":254,"s":[{"i":[[6.288,0],[-0.093,0],[-7.538,0],[0,0]],"o":[[-5.113,0],[0.093,0],[6.621,0],[0,0]],"v":[[-46.14,-20.165],[-54.269,-16.811],[-44.538,-17.562],[-36.076,-16.008]],"c":true}]},{"i":{"x":0.667,"y":1},"o":{"x":0.333,"y":0},"t":258,"s":[{"i":[[8.516,-0.261],[-0.093,0],[-9.899,-0.031],[0,0]],"o":[[-9.105,0.279],[0.093,0],[9.899,0.031],[0,0]],"v":[[-46.263,-20.165],[-57.809,-12.695],[-45.732,-13.569],[-34.141,-12.509]],"c":true}]},{"i":{"x":0.667,"y":1},"o":{"x":0.333,"y":0},"t":262,"s":[{"i":[[11.573,-0.318],[-0.093,0],[-9.899,-0.031],[0,0]],"o":[[-11.208,0.308],[0.093,0],[9.899,0.031],[0,0]],"v":[[-46.263,-20.165],[-58.838,-9.237],[-45.714,-9.906],[-33.03,-9.217]],"c":true}]},{"i":{"x":0.667,"y":1},"o":{"x":0.333,"y":0},"t":265,"s":[{"i":[[13.166,-0.538],[-0.093,0],[-9.899,-0.031],[0,0]],"o":[[-12.591,0.515],[0.093,0],[9.899,0.031],[0,0]],"v":[[-46.263,-20.165],[-59.147,-6.706],[-45.708,-6.572],[-32.268,-6.623]],"c":true}]},{"i":{"x":0.667,"y":1},"o":{"x":0.333,"y":0},"t":268,"s":[{"i":[[13.166,-0.538],[-0.093,0],[-9.899,-0.031],[0,0]],"o":[[-12.591,0.515],[0.093,0],[9.899,0.031],[0,0]],"v":[[-46.263,-20.165],[-59.147,-6.706],[-45.708,-6.572],[-32.268,-6.623]],"c":true}]},{"i":{"x":0.667,"y":1},"o":{"x":0.333,"y":0},"t":271,"s":[{"i":[[11.573,-0.318],[-0.093,0],[-9.899,-0.031],[0,0]],"o":[[-11.208,0.308],[0.093,0],[9.899,0.031],[0,0]],"v":[[-46.263,-20.165],[-58.838,-9.237],[-45.714,-9.906],[-33.03,-9.217]],"c":true}]},{"i":{"x":0.667,"y":1},"o":{"x":0.333,"y":0},"t":275,"s":[{"i":[[8.516,-0.261],[-0.093,0],[-9.899,-0.031],[0,0]],"o":[[-9.105,0.279],[0.093,0],[9.899,0.031],[0,0]],"v":[[-46.263,-20.165],[-57.809,-12.695],[-45.732,-13.569],[-34.141,-12.509]],"c":true}]},{"i":{"x":0.667,"y":1},"o":{"x":0.333,"y":0},"t":279,"s":[{"i":[[6.288,0],[-0.093,0],[-7.538,0],[0,0]],"o":[[-5.113,0],[0.093,0],[6.621,0],[0,0]],"v":[[-46.14,-20.165],[-54.269,-16.811],[-44.538,-17.562],[-36.076,-16.008]],"c":true}]},{"t":283,"s":[{"i":[[3.667,-0.067],[-0.093,0],[-3.47,-0.031],[0,0]],"o":[[-2.239,0.041],[0.093,0],[3.404,0.03],[0,0]],"v":[[-46.14,-20.165],[-49.927,-19.486],[-45.629,-20.114],[-40.851,-19.425]],"c":true}]}],"ix":2},"nm":"Path","mn":"ADBE Vector Shape - Group","hd":false},{"ty":"fl","c":{"a":0,"k":[0.996078491211,0.796078491211,0,1],"ix":4},"o":{"a":0,"k":100,"ix":5},"r":1,"bm":0,"nm":"Fill","mn":"ADBE Vector Graphic - Fill","hd":false},{"ty":"tr","p":{"a":0,"k":[0,0],"ix":2},"a":{"a":0,"k":[0,0],"ix":1},"s":{"a":0,"k":[100,100],"ix":3},"r":{"a":0,"k":0,"ix":6},"o":{"a":0,"k":100,"ix":7},"sk":{"a":0,"k":0,"ix":4},"sa":{"a":0,"k":0,"ix":5},"nm":"Transform"}],"nm":"Fill","np":2,"cix":2,"bm":0,"ix":2,"mn":"ADBE Vector Group","hd":false},{"ty":"tr","p":{"a":0,"k":[-45.712,-13.373],"ix":2},"a":{"a":0,"k":[-45.712,-13.373],"ix":1},"s":{"a":0,"k":[100,100],"ix":3},"r":{"a":0,"k":0,"ix":6},"o":{"a":0,"k":100,"ix":7},"sk":{"a":0,"k":0,"ix":4},"sa":{"a":0,"k":0,"ix":5},"nm":"Transform"}],"nm":"upper eyelid","np":2,"cix":2,"bm":0,"ix":1,"mn":"ADBE Vector Group","hd":false},{"ty":"gr","it":[{"ty":"gr","it":[{"ind":0,"ty":"sh","ix":1,"ks":{"a":1,"k":[{"i":{"x":0.667,"y":1},"o":{"x":0.333,"y":0},"t":25,"s":[{"i":[[-0.093,0],[-2.832,-0.05],[0,0]],"o":[[0.093,0],[0.407,0.007],[0,0]],"v":[[-49.885,-19.466],[-45.691,-20.155],[-40.871,-19.425]],"c":false}]},{"i":{"x":0.667,"y":1},"o":{"x":0.333,"y":0},"t":29,"s":[{"i":[[-2.801,0.93],[-6.642,-0.024],[0,0]],"o":[[0.155,0.011],[4.142,0.015],[0,0]],"v":[[-54.331,-16.829],[-44.586,-17.521],[-36.046,-16.003]],"c":false}]},{"i":{"x":0.667,"y":1},"o":{"x":0.333,"y":0},"t":33,"s":[{"i":[[-0.093,0],[-6.601,-0.04],[0,0]],"o":[[0.093,0],[0.933,0.006],[0,0]],"v":[[-57.644,-12.597],[-45.477,-13.569],[-33.752,-12.512]],"c":false}]},{"i":{"x":0.667,"y":1},"o":{"x":0.333,"y":0},"t":37,"s":[{"i":[[-0.093,0],[-4.271,0.016],[0,0]],"o":[[0.093,0],[6.647,-0.024],[0,0]],"v":[[-58.878,-9.265],[-45.687,-9.947],[-32.692,-9.121]],"c":false}]},{"i":{"x":0.667,"y":1},"o":{"x":0.333,"y":0},"t":40,"s":[{"i":[[-0.093,0],[-9.899,-0.031],[0,0]],"o":[[0.093,0],[1.394,0.004],[0,0]],"v":[[-59.147,-6.706],[-45.708,-6.572],[-32.268,-6.623]],"c":false}]},{"i":{"x":0.667,"y":1},"o":{"x":0.333,"y":0},"t":43,"s":[{"i":[[-0.093,0],[-9.899,-0.031],[0,0]],"o":[[0.093,0],[1.394,0.004],[0,0]],"v":[[-59.147,-6.706],[-45.708,-6.572],[-32.268,-6.623]],"c":false}]},{"i":{"x":0.667,"y":1},"o":{"x":0.333,"y":0},"t":46,"s":[{"i":[[-0.093,0],[-4.271,0.016],[0,0]],"o":[[0.093,0],[6.647,-0.024],[0,0]],"v":[[-58.878,-9.265],[-45.687,-9.947],[-32.692,-9.121]],"c":false}]},{"i":{"x":0.667,"y":1},"o":{"x":0.333,"y":0},"t":50,"s":[{"i":[[-0.093,0],[-6.601,-0.04],[0,0]],"o":[[0.093,0],[0.933,0.006],[0,0]],"v":[[-57.644,-12.597],[-45.477,-13.569],[-33.752,-12.512]],"c":false}]},{"i":{"x":0.667,"y":1},"o":{"x":0.333,"y":0},"t":54,"s":[{"i":[[-2.801,0.93],[-6.403,-0.18],[0,0]],"o":[[0.155,0.011],[0.84,0.024],[0,0]],"v":[[-54.331,-16.829],[-44.689,-17.665],[-36.046,-16.003]],"c":false}]},{"i":{"x":0.833,"y":1},"o":{"x":0.167,"y":0},"t":58,"s":[{"i":[[-0.093,0],[-2.832,-0.05],[0,0]],"o":[[0.093,0],[0.407,0.007],[0,0]],"v":[[-49.885,-19.466],[-45.691,-20.155],[-40.871,-19.425]],"c":false}]},{"i":{"x":0.667,"y":1},"o":{"x":0.333,"y":0},"t":250,"s":[{"i":[[-0.093,0],[-2.832,-0.05],[0,0]],"o":[[0.093,0],[0.407,0.007],[0,0]],"v":[[-49.885,-19.466],[-45.691,-20.155],[-40.871,-19.425]],"c":false}]},{"i":{"x":0.667,"y":1},"o":{"x":0.333,"y":0},"t":254,"s":[{"i":[[-2.801,0.93],[-6.642,-0.024],[0,0]],"o":[[0.155,0.011],[4.142,0.015],[0,0]],"v":[[-54.331,-16.829],[-44.586,-17.521],[-36.046,-16.003]],"c":false}]},{"i":{"x":0.667,"y":1},"o":{"x":0.333,"y":0},"t":258,"s":[{"i":[[-0.093,0],[-6.601,-0.04],[0,0]],"o":[[0.093,0],[0.933,0.006],[0,0]],"v":[[-57.644,-12.597],[-45.477,-13.569],[-33.752,-12.512]],"c":false}]},{"i":{"x":0.667,"y":1},"o":{"x":0.333,"y":0},"t":262,"s":[{"i":[[-0.093,0],[-4.271,0.016],[0,0]],"o":[[0.093,0],[6.647,-0.024],[0,0]],"v":[[-58.878,-9.265],[-45.687,-9.947],[-32.692,-9.121]],"c":false}]},{"i":{"x":0.667,"y":1},"o":{"x":0.333,"y":0},"t":265,"s":[{"i":[[-0.093,0],[-9.899,-0.031],[0,0]],"o":[[0.093,0],[1.394,0.004],[0,0]],"v":[[-59.147,-6.706],[-45.708,-6.572],[-32.268,-6.623]],"c":false}]},{"i":{"x":0.667,"y":1},"o":{"x":0.333,"y":0},"t":268,"s":[{"i":[[-0.093,0],[-9.899,-0.031],[0,0]],"o":[[0.093,0],[1.394,0.004],[0,0]],"v":[[-59.147,-6.706],[-45.708,-6.572],[-32.268,-6.623]],"c":false}]},{"i":{"x":0.667,"y":1},"o":{"x":0.333,"y":0},"t":271,"s":[{"i":[[-0.093,0],[-4.271,0.016],[0,0]],"o":[[0.093,0],[6.647,-0.024],[0,0]],"v":[[-58.878,-9.265],[-45.687,-9.947],[-32.692,-9.121]],"c":false}]},{"i":{"x":0.667,"y":1},"o":{"x":0.333,"y":0},"t":275,"s":[{"i":[[-0.093,0],[-6.601,-0.04],[0,0]],"o":[[0.093,0],[0.933,0.006],[0,0]],"v":[[-57.644,-12.597],[-45.477,-13.569],[-33.752,-12.512]],"c":false}]},{"i":{"x":0.667,"y":1},"o":{"x":0.333,"y":0},"t":279,"s":[{"i":[[-2.801,0.93],[-6.403,-0.18],[0,0]],"o":[[0.155,0.011],[0.84,0.024],[0,0]],"v":[[-54.331,-16.829],[-44.689,-17.665],[-36.046,-16.003]],"c":false}]},{"t":283,"s":[{"i":[[-0.093,0],[-2.832,-0.05],[0,0]],"o":[[0.093,0],[0.407,0.007],[0,0]],"v":[[-49.885,-19.466],[-45.691,-20.155],[-40.871,-19.425]],"c":false}]}],"ix":2},"nm":"Path","mn":"ADBE Vector Shape - Group","hd":false},{"ty":"st","c":{"a":0,"k":[0,0,0,1],"ix":3},"o":{"a":0,"k":100,"ix":4},"w":{"a":0,"k":0.75,"ix":5},"lc":1,"lj":1,"ml":4,"bm":0,"nm":"Stroke","mn":"ADBE Vector Graphic - Stroke","hd":false},{"ty":"tr","p":{"a":0,"k":[0,0],"ix":2},"a":{"a":0,"k":[0,0],"ix":1},"s":{"a":0,"k":[100,100],"ix":3},"r":{"a":0,"k":0,"ix":6},"o":{"a":0,"k":100,"ix":7},"sk":{"a":0,"k":0,"ix":4},"sa":{"a":0,"k":0,"ix":5},"nm":"Transform"}],"nm":"line","np":2,"cix":2,"bm":0,"ix":1,"mn":"ADBE Vector Group","hd":false},{"ty":"gr","it":[{"ind":0,"ty":"sh","ix":1,"ks":{"a":1,"k":[{"i":{"x":0.667,"y":1},"o":{"x":0.333,"y":0},"t":25,"s":[{"i":[[3.667,-0.067],[-0.093,0],[-3.47,-0.031],[0,0]],"o":[[-2.239,0.041],[0.093,0],[2.723,0.024],[0,0]],"v":[[-46.14,-20.165],[-49.927,-19.486],[-45.629,-20.114],[-40.851,-19.425]],"c":true}]},{"i":{"x":0.667,"y":1},"o":{"x":0.333,"y":0},"t":29,"s":[{"i":[[6.288,0],[-0.093,0],[-7.538,0],[0,0]],"o":[[-5.113,0],[0.093,0],[5.297,0],[0,0]],"v":[[-46.14,-20.165],[-54.269,-16.811],[-44.538,-17.562],[-36.076,-16.008]],"c":true}]},{"i":{"x":0.667,"y":1},"o":{"x":0.333,"y":0},"t":33,"s":[{"i":[[8.516,-0.261],[-0.093,0],[-9.899,-0.031],[0,0]],"o":[[-9.105,0.279],[0.093,0],[7.92,0.025],[0,0]],"v":[[-46.263,-20.165],[-57.809,-12.695],[-45.732,-13.569],[-34.141,-12.509]],"c":true}]},{"i":{"x":0.667,"y":1},"o":{"x":0.333,"y":0},"t":37,"s":[{"i":[[11.573,-0.318],[-0.093,0],[-9.899,-0.031],[0,0]],"o":[[-11.208,0.308],[0.093,0],[5.044,0.016],[0,0]],"v":[[-46.263,-20.165],[-58.838,-9.237],[-45.714,-9.906],[-32.701,-9.103]],"c":true}]},{"i":{"x":0.667,"y":1},"o":{"x":0.333,"y":0},"t":40,"s":[{"i":[[13.166,-0.538],[-0.093,0],[-9.899,-0.031],[0,0]],"o":[[-12.591,0.515],[0.093,0],[7.92,0.025],[0,0]],"v":[[-46.263,-20.165],[-59.147,-6.706],[-45.708,-6.572],[-32.268,-6.623]],"c":true}]},{"i":{"x":0.667,"y":1},"o":{"x":0.333,"y":0},"t":43,"s":[{"i":[[13.166,-0.538],[-0.093,0],[-9.899,-0.031],[0,0]],"o":[[-12.591,0.515],[0.093,0],[7.92,0.025],[0,0]],"v":[[-46.263,-20.165],[-59.147,-6.706],[-45.708,-6.572],[-32.268,-6.623]],"c":true}]},{"i":{"x":0.667,"y":1},"o":{"x":0.333,"y":0},"t":46,"s":[{"i":[[11.573,-0.318],[-0.093,0],[-9.899,-0.031],[0,0]],"o":[[-11.208,0.308],[0.093,0],[5.044,0.016],[0,0]],"v":[[-46.263,-20.165],[-58.838,-9.237],[-45.714,-9.906],[-32.701,-9.103]],"c":true}]},{"i":{"x":0.667,"y":1},"o":{"x":0.333,"y":0},"t":50,"s":[{"i":[[8.516,-0.261],[-0.093,0],[-9.899,-0.031],[0,0]],"o":[[-9.105,0.279],[0.093,0],[7.92,0.025],[0,0]],"v":[[-46.263,-20.165],[-57.809,-12.695],[-45.732,-13.569],[-34.141,-12.509]],"c":true}]},{"i":{"x":0.667,"y":1},"o":{"x":0.333,"y":0},"t":54,"s":[{"i":[[6.288,0],[-0.093,0],[-7.538,0],[0,0]],"o":[[-5.113,0],[0.093,0],[5.297,0],[0,0]],"v":[[-46.14,-20.165],[-54.269,-16.811],[-44.538,-17.562],[-36.076,-16.008]],"c":true}]},{"i":{"x":0.833,"y":1},"o":{"x":0.167,"y":0},"t":58,"s":[{"i":[[3.667,-0.067],[-0.093,0],[-3.47,-0.031],[0,0]],"o":[[-2.239,0.041],[0.093,0],[2.723,0.024],[0,0]],"v":[[-46.14,-20.165],[-49.927,-19.486],[-45.629,-20.114],[-40.851,-19.425]],"c":true}]},{"i":{"x":0.667,"y":1},"o":{"x":0.333,"y":0},"t":250,"s":[{"i":[[3.667,-0.067],[-0.093,0],[-3.47,-0.031],[0,0]],"o":[[-2.239,0.041],[0.093,0],[2.723,0.024],[0,0]],"v":[[-46.14,-20.165],[-49.927,-19.486],[-45.629,-20.114],[-40.851,-19.425]],"c":true}]},{"i":{"x":0.667,"y":1},"o":{"x":0.333,"y":0},"t":254,"s":[{"i":[[6.288,0],[-0.093,0],[-7.538,0],[0,0]],"o":[[-5.113,0],[0.093,0],[5.297,0],[0,0]],"v":[[-46.14,-20.165],[-54.269,-16.811],[-44.538,-17.562],[-36.076,-16.008]],"c":true}]},{"i":{"x":0.667,"y":1},"o":{"x":0.333,"y":0},"t":258,"s":[{"i":[[8.516,-0.261],[-0.093,0],[-9.899,-0.031],[0,0]],"o":[[-9.105,0.279],[0.093,0],[7.92,0.025],[0,0]],"v":[[-46.263,-20.165],[-57.809,-12.695],[-45.732,-13.569],[-34.141,-12.509]],"c":true}]},{"i":{"x":0.667,"y":1},"o":{"x":0.333,"y":0},"t":262,"s":[{"i":[[11.573,-0.318],[-0.093,0],[-9.899,-0.031],[0,0]],"o":[[-11.208,0.308],[0.093,0],[5.044,0.016],[0,0]],"v":[[-46.263,-20.165],[-58.838,-9.237],[-45.714,-9.906],[-32.701,-9.103]],"c":true}]},{"i":{"x":0.667,"y":1},"o":{"x":0.333,"y":0},"t":265,"s":[{"i":[[13.166,-0.538],[-0.093,0],[-9.899,-0.031],[0,0]],"o":[[-12.591,0.515],[0.093,0],[7.92,0.025],[0,0]],"v":[[-46.263,-20.165],[-59.147,-6.706],[-45.708,-6.572],[-32.268,-6.623]],"c":true}]},{"i":{"x":0.667,"y":1},"o":{"x":0.333,"y":0},"t":268,"s":[{"i":[[13.166,-0.538],[-0.093,0],[-9.899,-0.031],[0,0]],"o":[[-12.591,0.515],[0.093,0],[7.92,0.025],[0,0]],"v":[[-46.263,-20.165],[-59.147,-6.706],[-45.708,-6.572],[-32.268,-6.623]],"c":true}]},{"i":{"x":0.667,"y":1},"o":{"x":0.333,"y":0},"t":271,"s":[{"i":[[11.573,-0.318],[-0.093,0],[-9.899,-0.031],[0,0]],"o":[[-11.208,0.308],[0.093,0],[5.044,0.016],[0,0]],"v":[[-46.263,-20.165],[-58.838,-9.237],[-45.714,-9.906],[-32.701,-9.103]],"c":true}]},{"i":{"x":0.667,"y":1},"o":{"x":0.333,"y":0},"t":275,"s":[{"i":[[8.516,-0.261],[-0.093,0],[-9.899,-0.031],[0,0]],"o":[[-9.105,0.279],[0.093,0],[7.92,0.025],[0,0]],"v":[[-46.263,-20.165],[-57.809,-12.695],[-45.732,-13.569],[-34.141,-12.509]],"c":true}]},{"i":{"x":0.667,"y":1},"o":{"x":0.333,"y":0},"t":279,"s":[{"i":[[6.288,0],[-0.093,0],[-7.538,0],[0,0]],"o":[[-5.113,0],[0.093,0],[5.297,0],[0,0]],"v":[[-46.14,-20.165],[-54.269,-16.811],[-44.538,-17.562],[-36.076,-16.008]],"c":true}]},{"t":283,"s":[{"i":[[3.667,-0.067],[-0.093,0],[-3.47,-0.031],[0,0]],"o":[[-2.239,0.041],[0.093,0],[2.723,0.024],[0,0]],"v":[[-46.14,-20.165],[-49.927,-19.486],[-45.629,-20.114],[-40.851,-19.425]],"c":true}]}],"ix":2},"nm":"Pat","mn":"ADBE Vector Shape - Group","hd":false},{"ty":"fl","c":{"a":0,"k":[0.996078491211,0.796078491211,0,1],"ix":4},"o":{"a":0,"k":100,"ix":5},"r":1,"bm":0,"nm":"Fill","mn":"ADBE Vector Graphic - Fill","hd":false},{"ty":"tr","p":{"a":0,"k":[0,0],"ix":2},"a":{"a":0,"k":[0,0],"ix":1},"s":{"a":0,"k":[100,100],"ix":3},"r":{"a":0,"k":0,"ix":6},"o":{"a":0,"k":100,"ix":7},"sk":{"a":0,"k":0,"ix":4},"sa":{"a":0,"k":0,"ix":5},"nm":"Transform"}],"nm":"Fill","np":2,"cix":2,"bm":0,"ix":2,"mn":"ADBE Vector Group","hd":false},{"ty":"tr","p":{"a":0,"k":[-45.8,0],"ix":2},"a":{"a":0,"k":[-45.712,-13.373],"ix":1},"s":{"a":0,"k":[100,100],"ix":3},"r":{"a":0,"k":180,"ix":6},"o":{"a":0,"k":100,"ix":7},"sk":{"a":0,"k":0,"ix":4},"sa":{"a":0,"k":0,"ix":5},"nm":"Transform"}],"nm":"lower eyelid ","np":2,"cix":2,"bm":0,"ix":2,"mn":"ADBE Vector Group","hd":false},{"ty":"tr","p":{"a":0,"k":[-45.756,-6.686],"ix":2},"a":{"a":0,"k":[-45.756,-6.686],"ix":1},"s":{"a":0,"k":[100,100],"ix":3},"r":{"a":0,"k":0,"ix":6},"o":{"a":0,"k":100,"ix":7},"sk":{"a":0,"k":0,"ix":4},"sa":{"a":0,"k":0,"ix":5},"nm":"Transform"}],"nm":"Eyelids","np":2,"cix":2,"bm":0,"ix":2,"mn":"ADBE Vector Group","hd":false}],"ip":0,"op":301,"st":0,"bm":0},{"ddd":0,"ind":5,"ty":4,"nm":"R iris","parent":2,"sr":1,"ks":{"o":{"a":0,"k":100,"ix":11},"r":{"a":0,"k":0,"ix":10},"p":{"a":0,"k":[-49.306,-7.362,0],"ix":2},"a":{"a":0,"k":[-49.306,-7.362,0],"ix":1},"s":{"a":0,"k":[100,100,100],"ix":6}},"ao":0,"shapes":[{"ty":"gr","it":[{"d":1,"ty":"el","s":{"a":0,"k":[5.267,5.267],"ix":2},"p":{"a":0,"k":[0,0],"ix":3},"nm":"Ellipse Path","mn":"ADBE Vector Shape - Ellipse","hd":false},{"ty":"fl","c":{"a":0,"k":[0,0,0,1],"ix":4},"o":{"a":0,"k":100,"ix":5},"r":1,"bm":0,"nm":"Fill","mn":"ADBE Vector Graphic - Fill","hd":false},{"ty":"tr","p":{"a":0,"k":[-49.306,-7.362],"ix":2},"a":{"a":0,"k":[0,0],"ix":1},"s":{"a":0,"k":[100,100],"ix":3},"r":{"a":0,"k":0,"ix":6},"o":{"a":0,"k":100,"ix":7},"sk":{"a":0,"k":0,"ix":4},"sa":{"a":0,"k":0,"ix":5},"nm":"Transform"}],"nm":"Group","np":2,"cix":2,"bm":0,"ix":1,"mn":"ADBE Vector Group","hd":false}],"ip":0,"op":301,"st":0,"bm":0},{"ddd":0,"ind":6,"ty":4,"nm":"R eye back","parent":1,"sr":1,"ks":{"o":{"a":0,"k":100,"ix":11},"r":{"a":0,"k":0,"ix":10},"p":{"a":0,"k":[-45.203,-6.769,0],"ix":2},"a":{"a":0,"k":[-45.203,-6.769,0],"ix":1},"s":{"a":0,"k":[100,100,100],"ix":6}},"ao":0,"shapes":[{"ty":"gr","it":[{"ind":0,"ty":"sh","ix":1,"ks":{"a":0,"k":{"i":[[-7.502,0],[0,-7.502],[7.502,0],[0,7.502]],"o":[[7.502,0],[0,7.502],[-7.502,0],[0,-7.502]],"v":[[-0.418,-13.268],[13.165,0.315],[-0.418,13.898],[-14.001,0.315]],"c":true},"ix":2},"nm":"Path","mn":"ADBE Vector Shape - Group","hd":false},{"ty":"fl","c":{"a":0,"k":[1,1,1,1],"ix":4},"o":{"a":0,"k":100,"ix":5},"r":1,"bm":0,"nm":"Fill","mn":"ADBE Vector Graphic - Fill","hd":false},{"ty":"tr","p":{"a":0,"k":[-45.203,-6.769],"ix":2},"a":{"a":0,"k":[0,0],"ix":1},"s":{"a":0,"k":[100,100],"ix":3},"r":{"a":0,"k":0,"ix":6},"o":{"a":0,"k":100,"ix":7},"sk":{"a":0,"k":0,"ix":4},"sa":{"a":0,"k":0,"ix":5},"nm":"Transform"}],"nm":"Group","np":2,"cix":2,"bm":0,"ix":1,"mn":"ADBE Vector Group","hd":false}],"ip":0,"op":301,"st":0,"bm":0},{"ddd":0,"ind":7,"ty":4,"nm":"L eyebrow","parent":1,"sr":1,"ks":{"o":{"a":0,"k":100,"ix":11},"r":{"a":1,"k":[{"i":{"x":[0.833],"y":[1]},"o":{"x":[0.167],"y":[0]},"t":33,"s":[18.254]},{"i":{"x":[0.833],"y":[1]},"o":{"x":[0.167],"y":[0]},"t":75,"s":[18.254]},{"i":{"x":[0.833],"y":[1]},"o":{"x":[0.167],"y":[0]},"t":150,"s":[18.254]},{"i":{"x":[0.833],"y":[1]},"o":{"x":[0.167],"y":[0]},"t":190,"s":[18.254]},{"i":{"x":[0.833],"y":[1]},"o":{"x":[0.167],"y":[0]},"t":225,"s":[18.254]},{"i":{"x":[0.833],"y":[1]},"o":{"x":[0.167],"y":[0]},"t":250,"s":[18.254]},{"i":{"x":[0.833],"y":[1]},"o":{"x":[0.167],"y":[0]},"t":268,"s":[18.254]},{"t":290,"s":[18.254]}],"ix":10},"p":{"a":1,"k":[{"i":{"x":0.667,"y":1},"o":{"x":0.333,"y":0.076},"t":33,"s":[-8.626,-33.548,0],"to":[0.049,-0.019,0],"ti":[-0.796,0.302,0]},{"i":{"x":0.667,"y":0.872},"o":{"x":0.333,"y":0},"t":75,"s":[-7.614,-34.772,0],"to":[0,0,0],"ti":[-0.459,0.174,0]},{"i":{"x":0.667,"y":1},"o":{"x":0.333,"y":0.075},"t":150,"s":[-8.626,-33.548,0],"to":[0.049,-0.019,0],"ti":[-0.077,0.029,0]},{"i":{"x":0.667,"y":0.94},"o":{"x":0.333,"y":0},"t":190,"s":[-7.614,-34.772,0],"to":[0,0,0],"ti":[-0.459,0.174,0]},{"i":{"x":0.667,"y":0.823},"o":{"x":0.333,"y":0.177},"t":225,"s":[-8.626,-33.548,0],"to":[0.049,-0.019,0],"ti":[-0.459,0.174,0]},{"i":{"x":0.667,"y":0.985},"o":{"x":0.333,"y":0.015},"t":250,"s":[-8.626,-33.548,0],"to":[0.049,-0.019,0],"ti":[-0.459,0.174,0]},{"i":{"x":0.667,"y":0.982},"o":{"x":0.333,"y":0.018},"t":268,"s":[-11.425,-31.325,0],"to":[0.049,-0.019,0],"ti":[-0.459,0.174,0]},{"t":290,"s":[-8.626,-33.548,0]}],"ix":2},"a":{"a":0,"k":[-17.328,-34.937,0],"ix":1},"s":{"a":0,"k":[100,100,100],"ix":6}},"ao":0,"shapes":[{"ty":"gr","it":[{"ind":0,"ty":"sh","ix":1,"ks":{"a":0,"k":{"i":[[-0.747,-1.504],[-0.647,0.079],[0.596,1.804],[3.26,-0.661]],"o":[[0,0],[0.647,-0.079],[-0.596,-1.804],[-3.26,0.661]],"v":[[-23.463,-34.063],[-13.576,-33.02],[-11.145,-34.931],[-18.685,-36.58]],"c":true},"ix":2},"nm":"Path 1","mn":"ADBE Vector Shape - Group","hd":false},{"ty":"fl","c":{"a":0,"k":[0,0,0,1],"ix":4},"o":{"a":0,"k":100,"ix":5},"r":1,"bm":0,"nm":"Fill 1","mn":"ADBE Vector Graphic - Fill","hd":false},{"ty":"tr","p":{"a":0,"k":[0,0],"ix":2},"a":{"a":0,"k":[0,0],"ix":1},"s":{"a":0,"k":[100,100],"ix":3},"r":{"a":0,"k":0,"ix":6},"o":{"a":0,"k":100,"ix":7},"sk":{"a":0,"k":0,"ix":4},"sa":{"a":0,"k":0,"ix":5},"nm":"Transform"}],"nm":"Group 1","np":2,"cix":2,"bm":0,"ix":1,"mn":"ADBE Vector Group","hd":false}],"ip":0,"op":301,"st":0,"bm":0},{"ddd":0,"ind":8,"ty":4,"nm":"R eyebrow","parent":1,"sr":1,"ks":{"o":{"a":0,"k":100,"ix":11},"r":{"a":1,"k":[{"i":{"x":[0.833],"y":[1]},"o":{"x":[0.162],"y":[0]},"t":33,"s":[0.745]},{"i":{"x":[0.833],"y":[1]},"o":{"x":[0.167],"y":[0]},"t":75,"s":[-8.23]},{"i":{"x":[0.833],"y":[1]},"o":{"x":[0.167],"y":[0]},"t":150,"s":[0.745]},{"i":{"x":[0.833],"y":[1]},"o":{"x":[0.167],"y":[0]},"t":190,"s":[-8.23]},{"i":{"x":[0.833],"y":[1]},"o":{"x":[0.162],"y":[0]},"t":225,"s":[0.745]},{"i":{"x":[0.827],"y":[1]},"o":{"x":[0.162],"y":[0]},"t":250,"s":[0.745]},{"i":{"x":[0.833],"y":[1]},"o":{"x":[0.167],"y":[0]},"t":268,"s":[0.745]},{"t":290,"s":[0.745]}],"ix":10},"p":{"a":1,"k":[{"i":{"x":0.667,"y":1},"o":{"x":0.333,"y":0.031},"t":33,"s":[-50.518,-32.074,0],"to":[-0.004,-0.014,0],"ti":[0.11,0.412,0]},{"i":{"x":0.667,"y":0.946},"o":{"x":0.333,"y":0},"t":75,"s":[-51.532,-33.818,0],"to":[0,0,0],"ti":[0.063,0.238,0]},{"i":{"x":0.667,"y":1},"o":{"x":0.333,"y":0.03},"t":150,"s":[-50.518,-32.074,0],"to":[-0.007,-0.026,0],"ti":[0.011,0.04,0]},{"i":{"x":0.667,"y":0.975},"o":{"x":0.333,"y":0},"t":190,"s":[-51.532,-33.818,0],"to":[0,0,0],"ti":[0.063,0.238,0]},{"i":{"x":0.667,"y":0.825},"o":{"x":0.333,"y":0.175},"t":225,"s":[-50.518,-32.074,0],"to":[-0.004,-0.014,0],"ti":[0.063,0.238,0]},{"i":{"x":0.667,"y":0.985},"o":{"x":0.333,"y":0.015},"t":250,"s":[-50.518,-32.074,0],"to":[-0.004,-0.014,0],"ti":[0.028,0.106,0]},{"i":{"x":0.667,"y":0.981},"o":{"x":0.333,"y":0.019},"t":268,"s":[-49.777,-30.509,0],"to":[-0.007,-0.026,0],"ti":[0.063,0.238,0]},{"t":290,"s":[-50.518,-32.074,0]}],"ix":2},"a":{"a":0,"k":[-50.873,-31.348,0],"ix":1},"s":{"a":0,"k":[100,100,100],"ix":6}},"ao":0,"shapes":[{"ty":"gr","it":[{"ind":0,"ty":"sh","ix":1,"ks":{"a":0,"k":{"i":[[0,0],[-3.501,0.995],[2.428,0.585],[0.414,-0.563]],"o":[[0.173,-0.473],[3.227,-0.917],[-3.885,-0.935],[-2.617,3.557]],"v":[[-54.959,-27.786],[-50.796,-32.049],[-47.49,-34.362],[-55.793,-32.135]],"c":true},"ix":2},"nm":"Path 1","mn":"ADBE Vector Shape - Group","hd":false},{"ty":"fl","c":{"a":0,"k":[0,0,0,1],"ix":4},"o":{"a":0,"k":100,"ix":5},"r":1,"bm":0,"nm":"Fill 1","mn":"ADBE Vector Graphic - Fill","hd":false},{"ty":"tr","p":{"a":0,"k":[0,0],"ix":2},"a":{"a":0,"k":[0,0],"ix":1},"s":{"a":0,"k":[100,100],"ix":3},"r":{"a":0,"k":0,"ix":6},"o":{"a":0,"k":100,"ix":7},"sk":{"a":0,"k":0,"ix":4},"sa":{"a":0,"k":0,"ix":5},"nm":"Transform"}],"nm":"Group 1","np":2,"cix":2,"bm":0,"ix":1,"mn":"ADBE Vector Group","hd":false}],"ip":0,"op":301,"st":0,"bm":0},{"ddd":0,"ind":9,"ty":4,"nm":"L arm","parent":15,"sr":1,"ks":{"o":{"a":0,"k":100,"ix":11},"r":{"a":1,"k":[{"i":{"x":[0.667],"y":[1]},"o":{"x":[0.333],"y":[0]},"t":0,"s":[-5.457]},{"i":{"x":[0.667],"y":[1]},"o":{"x":[0.333],"y":[0]},"t":75,"s":[-4.672]},{"i":{"x":[0.667],"y":[1]},"o":{"x":[0.333],"y":[0]},"t":150,"s":[-5.457]},{"i":{"x":[0.667],"y":[1]},"o":{"x":[0.333],"y":[0]},"t":225,"s":[-4.672]},{"t":300,"s":[-5.457]}],"ix":10},"p":{"a":0,"k":[3.534,42.765,0],"ix":2},"a":{"a":0,"k":[3.534,42.765,0],"ix":1},"s":{"a":0,"k":[100,100,100],"ix":6}},"ao":0,"shapes":[{"ty":"gr","it":[{"ind":0,"ty":"sh","ix":1,"ks":{"a":1,"k":[{"i":{"x":0.667,"y":1},"o":{"x":0.333,"y":0},"t":0,"s":[{"i":[[0,0],[-2.107,-9.129],[0,0]],"o":[[0,0],[2.107,9.129],[0,0]],"v":[[3.486,42.765],[3.486,77.526],[12.483,74.103]],"c":false}]},{"i":{"x":0.667,"y":1},"o":{"x":0.333,"y":0},"t":75,"s":[{"i":[[0,0],[-3.692,-8.611],[0,0]],"o":[[0,0],[4.07,9.493],[0,0]],"v":[[3.486,42.765],[3.606,75.719],[12.984,74.04]],"c":false}]},{"i":{"x":0.667,"y":1},"o":{"x":0.333,"y":0},"t":150,"s":[{"i":[[0,0],[-2.107,-9.129],[0,0]],"o":[[0,0],[2.107,9.129],[0,0]],"v":[[3.486,42.765],[3.486,77.526],[12.483,74.103]],"c":false}]},{"i":{"x":0.667,"y":1},"o":{"x":0.333,"y":0},"t":225,"s":[{"i":[[0,0],[-3.692,-8.611],[0,0]],"o":[[0,0],[4.07,9.493],[0,0]],"v":[[3.486,42.765],[3.606,75.719],[12.984,74.04]],"c":false}]},{"t":300,"s":[{"i":[[0,0],[-2.107,-9.129],[0,0]],"o":[[0,0],[2.107,9.129],[0,0]],"v":[[3.486,42.765],[3.486,77.526],[12.483,74.103]],"c":false}]}],"ix":2},"nm":"Path 1","mn":"ADBE Vector Shape - Group","hd":false},{"ty":"st","c":{"a":0,"k":[0,0,0,1],"ix":3},"o":{"a":0,"k":100,"ix":4},"w":{"a":0,"k":2,"ix":5},"lc":2,"lj":1,"ml":10,"bm":0,"nm":"Stroke 1","mn":"ADBE Vector Graphic - Stroke","hd":false},{"ty":"tr","p":{"a":0,"k":[0,0],"ix":2},"a":{"a":0,"k":[0,0],"ix":1},"s":{"a":0,"k":[100,100],"ix":3},"r":{"a":0,"k":0,"ix":6},"o":{"a":0,"k":100,"ix":7},"sk":{"a":0,"k":0,"ix":4},"sa":{"a":0,"k":0,"ix":5},"nm":"Transform"}],"nm":"Group 1","np":2,"cix":2,"bm":0,"ix":1,"mn":"ADBE Vector Group","hd":false}],"ip":0,"op":301,"st":0,"bm":0},{"ddd":0,"ind":10,"ty":4,"nm":"R arm","parent":15,"sr":1,"ks":{"o":{"a":0,"k":100,"ix":11},"r":{"a":1,"k":[{"i":{"x":[0.667],"y":[1]},"o":{"x":[0.333],"y":[0]},"t":0,"s":[-5.457]},{"i":{"x":[0.667],"y":[1]},"o":{"x":[0.333],"y":[0]},"t":75,"s":[-4.933]},{"i":{"x":[0.667],"y":[1]},"o":{"x":[0.333],"y":[0]},"t":150,"s":[-5.457]},{"i":{"x":[0.667],"y":[1]},"o":{"x":[0.333],"y":[0]},"t":225,"s":[-4.933]},{"t":300,"s":[-5.457]}],"ix":10},"p":{"a":0,"k":[-12.863,40.642,0],"ix":2},"a":{"a":0,"k":[-12.863,42.618,0],"ix":1},"s":{"a":0,"k":[100,100,100],"ix":6}},"ao":0,"shapes":[{"ty":"gr","it":[{"ind":0,"ty":"sh","ix":1,"ks":{"a":1,"k":[{"i":{"x":0.667,"y":1},"o":{"x":0.333,"y":0},"t":0,"s":[{"i":[[0,0],[-2.107,-9.129],[0,0]],"o":[[0,0],[2.107,9.129],[0,0]],"v":[[-12.763,42.765],[-12.763,77.526],[-3.766,74.103]],"c":false}]},{"i":{"x":0.667,"y":1},"o":{"x":0.333,"y":0},"t":75,"s":[{"i":[[0,0],[-3.222,-8.798],[0,0]],"o":[[0,0],[3.213,8.775],[0,0]],"v":[[-12.763,42.765],[-12.403,76.152],[-5.602,74.34]],"c":false}]},{"i":{"x":0.667,"y":1},"o":{"x":0.333,"y":0},"t":150,"s":[{"i":[[0,0],[-2.107,-9.129],[0,0]],"o":[[0,0],[2.107,9.129],[0,0]],"v":[[-12.763,42.765],[-12.763,77.526],[-3.766,74.103]],"c":false}]},{"i":{"x":0.667,"y":1},"o":{"x":0.333,"y":0},"t":225,"s":[{"i":[[0,0],[-3.222,-8.798],[0,0]],"o":[[0,0],[3.213,8.775],[0,0]],"v":[[-12.763,42.765],[-12.403,76.152],[-5.602,74.34]],"c":false}]},{"t":300,"s":[{"i":[[0,0],[-2.107,-9.129],[0,0]],"o":[[0,0],[2.107,9.129],[0,0]],"v":[[-12.763,42.765],[-12.763,77.526],[-3.766,74.103]],"c":false}]}],"ix":2},"nm":"Path 1","mn":"ADBE Vector Shape - Group","hd":false},{"ty":"st","c":{"a":0,"k":[0,0,0,1],"ix":3},"o":{"a":0,"k":100,"ix":4},"w":{"a":0,"k":2,"ix":5},"lc":2,"lj":1,"ml":10,"bm":0,"nm":"Stroke 1","mn":"ADBE Vector Graphic - Stroke","hd":false},{"ty":"tr","p":{"a":0,"k":[0,0],"ix":2},"a":{"a":0,"k":[0,0],"ix":1},"s":{"a":0,"k":[100,100],"ix":3},"r":{"a":0,"k":0,"ix":6},"o":{"a":0,"k":100,"ix":7},"sk":{"a":0,"k":0,"ix":4},"sa":{"a":0,"k":0,"ix":5},"nm":"Transform"}],"nm":"Group 1","np":2,"cix":2,"bm":0,"ix":1,"mn":"ADBE Vector Group","hd":false}],"ip":0,"op":301,"st":0,"bm":0},{"ddd":0,"ind":11,"ty":4,"nm":"Mouth","parent":1,"sr":1,"ks":{"o":{"a":0,"k":100,"ix":11},"r":{"a":0,"k":0,"ix":10},"p":{"a":0,"k":[-37.917,14.141,0],"ix":2},"a":{"a":0,"k":[-38.164,13.894,0],"ix":1},"s":{"a":0,"k":[100,100,100],"ix":6}},"ao":0,"shapes":[{"ty":"gr","it":[{"ind":0,"ty":"sh","ix":1,"ks":{"a":0,"k":{"i":[[-0.349,0.734],[-1.887,-0.132],[-0.008,-0.547],[0.966,0.088]],"o":[[0,0],[1.887,0.132],[-0.229,0.485],[-0.966,-0.088]],"v":[[-40.195,13.666],[-38.256,13.49],[-36.333,14.412],[-38.256,14.606]],"c":true},"ix":2},"nm":"Path 1","mn":"ADBE Vector Shape - Group","hd":false},{"ty":"fl","c":{"a":0,"k":[0,0,0,1],"ix":4},"o":{"a":0,"k":100,"ix":5},"r":1,"bm":0,"nm":"Fill 1","mn":"ADBE Vector Graphic - Fill","hd":false},{"ty":"tr","p":{"a":0,"k":[0,0],"ix":2},"a":{"a":0,"k":[0,0],"ix":1},"s":{"a":0,"k":[100,100],"ix":3},"r":{"a":0,"k":0,"ix":6},"o":{"a":0,"k":100,"ix":7},"sk":{"a":0,"k":0,"ix":4},"sa":{"a":0,"k":0,"ix":5},"nm":"Transform"}],"nm":"Group 1","np":2,"cix":2,"bm":0,"ix":1,"mn":"ADBE Vector Group","hd":false}],"ip":0,"op":301,"st":0,"bm":0},{"ddd":0,"ind":12,"ty":4,"nm":"Body 5 Head","parent":13,"sr":1,"ks":{"o":{"a":0,"k":100,"ix":11},"r":{"a":0,"k":0,"ix":10},"p":{"a":1,"k":[{"i":{"x":0.667,"y":1},"o":{"x":0.333,"y":0},"t":0,"s":[-13.55,-8.502,0],"to":[0.055,0.11,0],"ti":[0,0,0]},{"i":{"x":0.667,"y":1},"o":{"x":0.333,"y":0},"t":75,"s":[-13.22,-7.844,0],"to":[0,0,0],"ti":[0,0,0]},{"i":{"x":0.667,"y":1},"o":{"x":0.333,"y":0},"t":150,"s":[-13.55,-8.502,0],"to":[0,0,0],"ti":[0,0,0]},{"i":{"x":0.667,"y":1},"o":{"x":0.333,"y":0},"t":225,"s":[-13.22,-7.844,0],"to":[0,0,0],"ti":[0.055,0.11,0]},{"t":300,"s":[-13.55,-8.502,0]}],"ix":2},"a":{"a":0,"k":[-15.615,-8.06,0],"ix":1},"s":{"a":0,"k":[101,101,100],"ix":6}},"ao":0,"shapes":[{"ty":"gr","it":[{"d":1,"ty":"el","s":{"a":0,"k":[79.266,75.316],"ix":2},"p":{"a":0,"k":[0,0],"ix":3},"nm":"Ellipse Path 1","mn":"ADBE Vector Shape - Ellipse","hd":false},{"ty":"st","c":{"a":0,"k":[0,0,0,1],"ix":3},"o":{"a":0,"k":100,"ix":4},"w":{"a":0,"k":1,"ix":5},"lc":1,"lj":1,"ml":10,"bm":0,"nm":"Stroke 1","mn":"ADBE Vector Graphic - Stroke","hd":false},{"ty":"fl","c":{"a":0,"k":[0.996078431606,0.796078443527,0,1],"ix":4},"o":{"a":0,"k":100,"ix":5},"r":1,"bm":0,"nm":"Fill 1","mn":"ADBE Vector Graphic - Fill","hd":false},{"ty":"tr","p":{"a":0,"k":[-15.615,-8.06],"ix":2},"a":{"a":0,"k":[0,0],"ix":1},"s":{"a":0,"k":[100,100],"ix":3},"r":{"a":0,"k":0,"ix":6},"o":{"a":0,"k":100,"ix":7},"sk":{"a":0,"k":0,"ix":4},"sa":{"a":0,"k":0,"ix":5},"nm":"Transform"}],"nm":"Group 1","np":3,"cix":2,"bm":0,"ix":1,"mn":"ADBE Vector Group","hd":false}],"ip":0,"op":301,"st":0,"bm":0},{"ddd":0,"ind":13,"ty":4,"nm":"Body 4","parent":14,"sr":1,"ks":{"o":{"a":0,"k":100,"ix":11},"r":{"a":0,"k":0,"ix":10},"p":{"a":1,"k":[{"i":{"x":0.667,"y":1},"o":{"x":0.333,"y":0},"t":0,"s":[-8.532,-8.002,0],"to":[0,0.162,0],"ti":[-0.059,0,0]},{"i":{"x":0.667,"y":1},"o":{"x":0.333,"y":0},"t":75,"s":[-8.18,-7.343,0],"to":[0.059,0,0],"ti":[0,-0.165,0]},{"i":{"x":0.667,"y":1},"o":{"x":0.333,"y":0},"t":150,"s":[-8.532,-8.002,0],"to":[0,0.162,0],"ti":[-0.059,0,0]},{"i":{"x":0.667,"y":1},"o":{"x":0.333,"y":0},"t":225,"s":[-8.18,-7.343,0],"to":[0.059,0,0],"ti":[0,-0.165,0]},{"t":300,"s":[-8.532,-8.002,0]}],"ix":2},"a":{"a":0,"k":[-5.649,-7.559,0],"ix":1},"s":{"a":0,"k":[105.931,99,100],"ix":6}},"ao":0,"shapes":[{"ty":"gr","it":[{"d":1,"ty":"el","s":{"a":0,"k":[89.448,84.991],"ix":2},"p":{"a":0,"k":[0,0],"ix":3},"nm":"Ellipse Path 1","mn":"ADBE Vector Shape - Ellipse","hd":false},{"ty":"fl","c":{"a":0,"k":[0,0,0,1],"ix":4},"o":{"a":0,"k":100,"ix":5},"r":1,"bm":0,"nm":"Fill 1","mn":"ADBE Vector Graphic - Fill","hd":false},{"ty":"tr","p":{"a":0,"k":[-5.649,-7.559],"ix":2},"a":{"a":0,"k":[0,0],"ix":1},"s":{"a":0,"k":[100,100],"ix":3},"r":{"a":0,"k":0,"ix":6},"o":{"a":0,"k":100,"ix":7},"sk":{"a":0,"k":0,"ix":4},"sa":{"a":0,"k":0,"ix":5},"nm":"Transform"}],"nm":"Group 1","np":2,"cix":2,"bm":0,"ix":1,"mn":"ADBE Vector Group","hd":false}],"ip":0,"op":301,"st":0,"bm":0},{"ddd":0,"ind":14,"ty":4,"nm":"Body 3 target","sr":1,"ks":{"o":{"a":0,"k":100,"ix":11},"r":{"a":0,"k":0,"ix":10},"p":{"a":1,"k":[{"i":{"x":0.667,"y":1},"o":{"x":0.333,"y":0},"t":0,"s":[304.478,293.963,0],"to":[0,-2,0],"ti":[0,-2,0]},{"i":{"x":0.667,"y":1},"o":{"x":0.333,"y":0},"t":75,"s":[304.478,281.963,0],"to":[0,2,0],"ti":[0,0,0]},{"i":{"x":0.667,"y":1},"o":{"x":0.333,"y":0},"t":150,"s":[304.478,305.963,0],"to":[0,0,0],"ti":[0,2,0]},{"i":{"x":0.667,"y":1},"o":{"x":0.333,"y":0},"t":225,"s":[304.478,281.963,0],"to":[0,-2,0],"ti":[0,-2,0]},{"t":300,"s":[304.478,293.963,0]}],"ix":2},"a":{"a":0,"k":[-0.544,-5.236,0],"ix":1},"s":{"a":0,"k":[283.815,303.685,100],"ix":6}},"ao":0,"shapes":[{"ty":"gr","it":[{"d":1,"ty":"el","s":{"a":0,"k":[100.653,84.991],"ix":2},"p":{"a":0,"k":[0,0],"ix":3},"nm":"Ellipse Path 1","mn":"ADBE Vector Shape - Ellipse","hd":false},{"ty":"st","c":{"a":0,"k":[0,0,0,1],"ix":3},"o":{"a":0,"k":100,"ix":4},"w":{"a":0,"k":1,"ix":5},"lc":1,"lj":1,"ml":10,"bm":0,"nm":"Stroke 1","mn":"ADBE Vector Graphic - Stroke","hd":false},{"ty":"fl","c":{"a":0,"k":[0.996078431606,0.796078443527,0,1],"ix":4},"o":{"a":0,"k":100,"ix":5},"r":1,"bm":0,"nm":"Fill 1","mn":"ADBE Vector Graphic - Fill","hd":false},{"ty":"tr","p":{"a":0,"k":[-0.544,-5.236],"ix":2},"a":{"a":0,"k":[0,0],"ix":1},"s":{"a":0,"k":[100,100],"ix":3},"r":{"a":0,"k":0,"ix":6},"o":{"a":0,"k":100,"ix":7},"sk":{"a":0,"k":0,"ix":4},"sa":{"a":0,"k":0,"ix":5},"nm":"Transform"}],"nm":"Group 1","np":3,"cix":2,"bm":0,"ix":1,"mn":"ADBE Vector Group","hd":false}],"ip":0,"op":301,"st":0,"bm":0},{"ddd":0,"ind":15,"ty":4,"nm":"Body 2","parent":14,"sr":1,"ks":{"o":{"a":0,"k":100,"ix":11},"r":{"a":0,"k":0,"ix":10},"p":{"a":1,"k":[{"i":{"x":0.667,"y":1},"o":{"x":0.333,"y":0},"t":0,"s":[9.542,2.508,0],"to":[-0.117,0.165,0],"ti":[0,0,0]},{"i":{"x":0.667,"y":1},"o":{"x":0.333,"y":0},"t":75,"s":[8.837,3.496,0],"to":[0,0,0],"ti":[0,0,0]},{"i":{"x":0.667,"y":1},"o":{"x":0.333,"y":0},"t":150,"s":[9.542,2.508,0],"to":[0,0,0],"ti":[0,0,0]},{"i":{"x":0.667,"y":1},"o":{"x":0.333,"y":0},"t":225,"s":[8.837,3.496,0],"to":[0,0,0],"ti":[-0.117,0.165,0]},{"t":300,"s":[9.542,2.508,0]}],"ix":2},"a":{"a":0,"k":[9.177,4.051,0],"ix":1},"s":{"a":0,"k":[107.001,100,100],"ix":6}},"ao":0,"shapes":[{"ty":"gr","it":[{"ind":0,"ty":"sh","ix":1,"ks":{"a":0,"k":{"i":[[-1.053,17.007],[25.985,0],[-7.487,-21.35],[-27.524,2.282]],"o":[[1.818,-29.347],[-25.985,0],[6.542,18.653],[25.897,-2.147]],"v":[[57.812,10.638],[6.872,-39.068],[-38.264,12.188],[11.907,46.979]],"c":true},"ix":2},"nm":"Path 1","mn":"ADBE Vector Shape - Group","hd":false},{"ty":"fl","c":{"a":0,"k":[0,0,0,1],"ix":4},"o":{"a":0,"k":100,"ix":5},"r":1,"bm":0,"nm":"Fill 1","mn":"ADBE Vector Graphic - Fill","hd":false},{"ty":"tr","p":{"a":0,"k":[0,0],"ix":2},"a":{"a":0,"k":[0,0],"ix":1},"s":{"a":0,"k":[100,100],"ix":3},"r":{"a":0,"k":0,"ix":6},"o":{"a":0,"k":100,"ix":7},"sk":{"a":0,"k":0,"ix":4},"sa":{"a":0,"k":0,"ix":5},"nm":"Transform"}],"nm":"Group 1","np":2,"cix":2,"bm":0,"ix":1,"mn":"ADBE Vector Group","hd":false}],"ip":0,"op":301,"st":0,"bm":0},{"ddd":0,"ind":16,"ty":4,"nm":"Body 1 pelvis","parent":15,"sr":1,"ks":{"o":{"a":0,"k":100,"ix":11},"r":{"a":0,"k":0,"ix":10},"p":{"a":1,"k":[{"i":{"x":0.667,"y":1},"o":{"x":0.333,"y":0},"t":0,"s":[14.494,14.666,0],"to":[-0.055,0.055,0],"ti":[0,0,0]},{"i":{"x":0.667,"y":1},"o":{"x":0.333,"y":0},"t":75,"s":[14.164,14.996,0],"to":[0,0,0],"ti":[0,0,0]},{"i":{"x":0.667,"y":1},"o":{"x":0.333,"y":0},"t":150,"s":[14.494,14.666,0],"to":[0,0,0],"ti":[0,0,0]},{"i":{"x":0.667,"y":1},"o":{"x":0.333,"y":0},"t":225,"s":[14.164,14.996,0],"to":[0,0,0],"ti":[-0.055,0.055,0]},{"t":300,"s":[14.494,14.666,0]}],"ix":2},"a":{"a":0,"k":[14.823,14.666,0],"ix":1},"s":{"a":0,"k":[100,100,100],"ix":6}},"ao":0,"shapes":[{"ty":"gr","it":[{"d":1,"ty":"el","s":{"a":0,"k":[88.175,84.991],"ix":2},"p":{"a":0,"k":[0,0],"ix":3},"nm":"Ellipse Path 1","mn":"ADBE Vector Shape - Ellipse","hd":false},{"ty":"st","c":{"a":0,"k":[0,0,0,1],"ix":3},"o":{"a":0,"k":100,"ix":4},"w":{"a":0,"k":1,"ix":5},"lc":1,"lj":1,"ml":10,"bm":0,"nm":"Stroke 1","mn":"ADBE Vector Graphic - Stroke","hd":false},{"ty":"fl","c":{"a":0,"k":[0.996078431606,0.796078443527,0,1],"ix":4},"o":{"a":0,"k":100,"ix":5},"r":1,"bm":0,"nm":"Fill 1","mn":"ADBE Vector Graphic - Fill","hd":false},{"ty":"tr","p":{"a":0,"k":[14.823,14.666],"ix":2},"a":{"a":0,"k":[0,0],"ix":1},"s":{"a":0,"k":[100,100],"ix":3},"r":{"a":0,"k":0,"ix":6},"o":{"a":0,"k":100,"ix":7},"sk":{"a":0,"k":0,"ix":4},"sa":{"a":0,"k":0,"ix":5},"nm":"Transform"}],"nm":"Group 1","np":3,"cix":2,"bm":0,"ix":1,"mn":"ADBE Vector Group","hd":false}],"ip":0,"op":301,"st":0,"bm":0},{"ddd":0,"ind":17,"ty":4,"nm":"sting ","parent":16,"sr":1,"ks":{"o":{"a":0,"k":100,"ix":11},"r":{"a":1,"k":[{"i":{"x":[0.667],"y":[1]},"o":{"x":[0.333],"y":[0]},"t":0,"s":[0]},{"i":{"x":[0.667],"y":[1]},"o":{"x":[0.333],"y":[0]},"t":75,"s":[5.825]},{"i":{"x":[0.667],"y":[1]},"o":{"x":[0.333],"y":[0]},"t":150,"s":[0]},{"i":{"x":[0.667],"y":[1]},"o":{"x":[0.333],"y":[0]},"t":225,"s":[5.825]},{"t":300,"s":[0]}],"ix":10},"p":{"a":0,"k":[51.36,28.674,0],"ix":2},"a":{"a":0,"k":[50.917,26.904,0],"ix":1},"s":{"a":0,"k":[100,100,100],"ix":6}},"ao":0,"shapes":[{"ty":"gr","it":[{"ind":0,"ty":"sh","ix":1,"ks":{"a":0,"k":{"i":[[-17.465,-0.359],[0,0],[0,0],[6.416,0.713]],"o":[[0,0],[0,0],[0,0],[-6.416,-0.713]],"v":[[54.47,21.606],[66.378,22.614],[55.843,30.266],[47.409,31.776]],"c":true},"ix":2},"nm":"Path 1","mn":"ADBE Vector Shape - Group","hd":false},{"ty":"fl","c":{"a":0,"k":[0,0,0,1],"ix":4},"o":{"a":0,"k":100,"ix":5},"r":1,"bm":0,"nm":"Fill 1","mn":"ADBE Vector Graphic - Fill","hd":false},{"ty":"tr","p":{"a":0,"k":[0,0],"ix":2},"a":{"a":0,"k":[0,0],"ix":1},"s":{"a":0,"k":[100,100],"ix":3},"r":{"a":0,"k":0,"ix":6},"o":{"a":0,"k":100,"ix":7},"sk":{"a":0,"k":0,"ix":4},"sa":{"a":0,"k":0,"ix":5},"nm":"Transform"}],"nm":"Group 1","np":2,"cix":2,"bm":0,"ix":1,"mn":"ADBE Vector Group","hd":false}],"ip":0,"op":301,"st":0,"bm":0},{"ddd":0,"ind":18,"ty":4,"nm":"R wing","parent":14,"sr":1,"ks":{"o":{"a":0,"k":100,"ix":11},"r":{"a":1,"k":[{"i":{"x":[0.667],"y":[1]},"o":{"x":[0.333],"y":[0]},"t":0,"s":[12.676]},{"i":{"x":[0.667],"y":[1]},"o":{"x":[0.333],"y":[0]},"t":5,"s":[-59.331]},{"i":{"x":[0.667],"y":[1]},"o":{"x":[0.333],"y":[0]},"t":10,"s":[12.676]},{"i":{"x":[0.667],"y":[1]},"o":{"x":[0.333],"y":[0]},"t":15,"s":[-59.331]},{"i":{"x":[0.667],"y":[1]},"o":{"x":[0.333],"y":[0]},"t":20,"s":[12.676]},{"i":{"x":[0.667],"y":[1]},"o":{"x":[0.333],"y":[0]},"t":25,"s":[-59.331]},{"i":{"x":[0.667],"y":[1]},"o":{"x":[0.333],"y":[0]},"t":30,"s":[12.676]},{"i":{"x":[0.667],"y":[1]},"o":{"x":[0.333],"y":[0]},"t":35,"s":[-59.331]},{"i":{"x":[0.667],"y":[1]},"o":{"x":[0.333],"y":[0]},"t":40,"s":[12.676]},{"i":{"x":[0.667],"y":[1]},"o":{"x":[0.333],"y":[0]},"t":45,"s":[-59.331]},{"i":{"x":[0.667],"y":[1]},"o":{"x":[0.333],"y":[0]},"t":50,"s":[12.676]},{"i":{"x":[0.667],"y":[1]},"o":{"x":[0.333],"y":[0]},"t":55,"s":[-59.331]},{"i":{"x":[0.667],"y":[1]},"o":{"x":[0.333],"y":[0]},"t":60,"s":[12.676]},{"i":{"x":[0.667],"y":[1]},"o":{"x":[0.333],"y":[0]},"t":65,"s":[-59.331]},{"i":{"x":[0.667],"y":[1]},"o":{"x":[0.333],"y":[0]},"t":70,"s":[12.676]},{"i":{"x":[0.667],"y":[1]},"o":{"x":[0.333],"y":[0]},"t":75,"s":[-59.331]},{"i":{"x":[0.667],"y":[1]},"o":{"x":[0.333],"y":[0]},"t":80,"s":[12.676]},{"i":{"x":[0.667],"y":[1]},"o":{"x":[0.333],"y":[0]},"t":85,"s":[-59.331]},{"i":{"x":[0.667],"y":[1]},"o":{"x":[0.333],"y":[0]},"t":90,"s":[12.676]},{"i":{"x":[0.667],"y":[1]},"o":{"x":[0.333],"y":[0]},"t":95,"s":[-59.331]},{"i":{"x":[0.667],"y":[1]},"o":{"x":[0.333],"y":[0]},"t":100,"s":[12.676]},{"i":{"x":[0.667],"y":[1]},"o":{"x":[0.333],"y":[0]},"t":105,"s":[-59.331]},{"i":{"x":[0.667],"y":[1]},"o":{"x":[0.333],"y":[0]},"t":110,"s":[12.676]},{"i":{"x":[0.667],"y":[1]},"o":{"x":[0.333],"y":[0]},"t":115,"s":[-59.331]},{"i":{"x":[0.667],"y":[1]},"o":{"x":[0.333],"y":[0]},"t":120,"s":[12.676]},{"i":{"x":[0.667],"y":[1]},"o":{"x":[0.333],"y":[0]},"t":125,"s":[-59.331]},{"i":{"x":[0.667],"y":[1]},"o":{"x":[0.333],"y":[0]},"t":130,"s":[12.676]},{"i":{"x":[0.667],"y":[1]},"o":{"x":[0.333],"y":[0]},"t":135,"s":[-59.331]},{"i":{"x":[0.667],"y":[1]},"o":{"x":[0.333],"y":[0]},"t":140,"s":[12.676]},{"i":{"x":[0.667],"y":[1]},"o":{"x":[0.333],"y":[0]},"t":145,"s":[-59.331]},{"i":{"x":[0.667],"y":[1]},"o":{"x":[0.333],"y":[0]},"t":150,"s":[12.676]},{"i":{"x":[0.667],"y":[1]},"o":{"x":[0.333],"y":[0]},"t":155,"s":[-59.331]},{"i":{"x":[0.667],"y":[1]},"o":{"x":[0.333],"y":[0]},"t":160,"s":[12.676]},{"i":{"x":[0.667],"y":[1]},"o":{"x":[0.333],"y":[0]},"t":165,"s":[-59.331]},{"i":{"x":[0.667],"y":[1]},"o":{"x":[0.333],"y":[0]},"t":170,"s":[12.676]},{"i":{"x":[0.667],"y":[1]},"o":{"x":[0.333],"y":[0]},"t":175,"s":[-59.331]},{"i":{"x":[0.667],"y":[1]},"o":{"x":[0.333],"y":[0]},"t":180,"s":[12.676]},{"i":{"x":[0.667],"y":[1]},"o":{"x":[0.333],"y":[0]},"t":185,"s":[-59.331]},{"i":{"x":[0.667],"y":[1]},"o":{"x":[0.333],"y":[0]},"t":190,"s":[12.676]},{"i":{"x":[0.667],"y":[1]},"o":{"x":[0.333],"y":[0]},"t":195,"s":[-59.331]},{"i":{"x":[0.667],"y":[1]},"o":{"x":[0.333],"y":[0]},"t":200,"s":[12.676]},{"i":{"x":[0.667],"y":[1]},"o":{"x":[0.333],"y":[0]},"t":205,"s":[-59.331]},{"i":{"x":[0.667],"y":[1]},"o":{"x":[0.333],"y":[0]},"t":210,"s":[12.676]},{"i":{"x":[0.667],"y":[1]},"o":{"x":[0.333],"y":[0]},"t":215,"s":[-59.331]},{"i":{"x":[0.667],"y":[1]},"o":{"x":[0.333],"y":[0]},"t":220,"s":[12.676]},{"i":{"x":[0.667],"y":[1]},"o":{"x":[0.333],"y":[0]},"t":225,"s":[-59.331]},{"i":{"x":[0.667],"y":[1]},"o":{"x":[0.333],"y":[0]},"t":230,"s":[12.676]},{"i":{"x":[0.667],"y":[1]},"o":{"x":[0.333],"y":[0]},"t":235,"s":[-59.331]},{"i":{"x":[0.667],"y":[1]},"o":{"x":[0.333],"y":[0]},"t":240,"s":[12.676]},{"i":{"x":[0.667],"y":[1]},"o":{"x":[0.333],"y":[0]},"t":245,"s":[-59.331]},{"i":{"x":[0.667],"y":[1]},"o":{"x":[0.333],"y":[0]},"t":250,"s":[12.676]},{"i":{"x":[0.667],"y":[1]},"o":{"x":[0.333],"y":[0]},"t":255,"s":[-59.331]},{"i":{"x":[0.667],"y":[1]},"o":{"x":[0.333],"y":[0]},"t":260,"s":[12.676]},{"i":{"x":[0.667],"y":[1]},"o":{"x":[0.333],"y":[0]},"t":265,"s":[-59.331]},{"i":{"x":[0.667],"y":[1]},"o":{"x":[0.333],"y":[0]},"t":270,"s":[12.676]},{"i":{"x":[0.667],"y":[1]},"o":{"x":[0.333],"y":[0]},"t":275,"s":[-59.331]},{"i":{"x":[0.667],"y":[1]},"o":{"x":[0.333],"y":[0]},"t":280,"s":[12.676]},{"i":{"x":[0.667],"y":[1]},"o":{"x":[0.333],"y":[0]},"t":285,"s":[-59.331]},{"i":{"x":[0.667],"y":[1]},"o":{"x":[0.333],"y":[0]},"t":290,"s":[12.676]},{"i":{"x":[0.667],"y":[1]},"o":{"x":[0.333],"y":[0]},"t":295,"s":[-59.331]},{"t":300,"s":[12.676]}],"ix":10},"p":{"a":0,"k":[18.064,-43.149,0],"ix":2},"a":{"a":0,"k":[17.142,-42.264,0],"ix":1},"s":{"a":0,"k":[106.675,100.306,100],"ix":6}},"ao":0,"shapes":[{"ty":"gr","it":[{"ind":0,"ty":"sh","ix":1,"ks":{"a":0,"k":{"i":[[-2.182,-2.012],[0,0],[2.776,7.818],[-0.997,0.033]],"o":[[8.534,7.87],[0,0],[-1.085,-3.056],[1.003,-0.093]],"v":[[9.388,-64.731],[18.305,-41.526],[1.675,-58.673],[3.062,-67.219]],"c":true},"ix":2},"nm":"Path 1","mn":"ADBE Vector Shape - Group","hd":false},{"ty":"st","c":{"a":0,"k":[0,0,0,1],"ix":3},"o":{"a":0,"k":100,"ix":4},"w":{"a":0,"k":1,"ix":5},"lc":1,"lj":1,"ml":10,"bm":0,"nm":"Stroke 1","mn":"ADBE Vector Graphic - Stroke","hd":false},{"ty":"fl","c":{"a":0,"k":[1,1,1,1],"ix":4},"o":{"a":0,"k":100,"ix":5},"r":1,"bm":0,"nm":"Fill 1","mn":"ADBE Vector Graphic - Fill","hd":false},{"ty":"tr","p":{"a":0,"k":[0,0],"ix":2},"a":{"a":0,"k":[0,0],"ix":1},"s":{"a":0,"k":[100,100],"ix":3},"r":{"a":0,"k":0,"ix":6},"o":{"a":0,"k":100,"ix":7},"sk":{"a":0,"k":0,"ix":4},"sa":{"a":0,"k":0,"ix":5},"nm":"Transform"}],"nm":"Group 1","np":3,"cix":2,"bm":0,"ix":1,"mn":"ADBE Vector Group","hd":false}],"ip":0,"op":301,"st":0,"bm":0},{"ddd":0,"ind":19,"ty":4,"nm":"L wing","parent":14,"sr":1,"ks":{"o":{"a":0,"k":100,"ix":11},"r":{"a":1,"k":[{"i":{"x":[0.667],"y":[1]},"o":{"x":[0.333],"y":[0]},"t":0,"s":[-10.367]},{"i":{"x":[0.667],"y":[1]},"o":{"x":[0.333],"y":[0]},"t":5,"s":[52.329]},{"i":{"x":[0.667],"y":[1]},"o":{"x":[0.333],"y":[0]},"t":10,"s":[-10.367]},{"i":{"x":[0.667],"y":[1]},"o":{"x":[0.333],"y":[0]},"t":15,"s":[52.329]},{"i":{"x":[0.667],"y":[1]},"o":{"x":[0.333],"y":[0]},"t":20,"s":[-10.367]},{"i":{"x":[0.667],"y":[1]},"o":{"x":[0.333],"y":[0]},"t":25,"s":[52.329]},{"i":{"x":[0.667],"y":[1]},"o":{"x":[0.333],"y":[0]},"t":30,"s":[-10.367]},{"i":{"x":[0.667],"y":[1]},"o":{"x":[0.333],"y":[0]},"t":35,"s":[52.329]},{"i":{"x":[0.667],"y":[1]},"o":{"x":[0.333],"y":[0]},"t":40,"s":[-10.367]},{"i":{"x":[0.667],"y":[1]},"o":{"x":[0.333],"y":[0]},"t":45,"s":[52.329]},{"i":{"x":[0.667],"y":[1]},"o":{"x":[0.333],"y":[0]},"t":50,"s":[-10.367]},{"i":{"x":[0.667],"y":[1]},"o":{"x":[0.333],"y":[0]},"t":55,"s":[52.329]},{"i":{"x":[0.667],"y":[1]},"o":{"x":[0.333],"y":[0]},"t":60,"s":[-10.367]},{"i":{"x":[0.667],"y":[1]},"o":{"x":[0.333],"y":[0]},"t":65,"s":[52.329]},{"i":{"x":[0.667],"y":[1]},"o":{"x":[0.333],"y":[0]},"t":70,"s":[-10.367]},{"i":{"x":[0.667],"y":[1]},"o":{"x":[0.333],"y":[0]},"t":75,"s":[52.329]},{"i":{"x":[0.667],"y":[1]},"o":{"x":[0.333],"y":[0]},"t":80,"s":[-10.367]},{"i":{"x":[0.667],"y":[1]},"o":{"x":[0.333],"y":[0]},"t":85,"s":[52.329]},{"i":{"x":[0.667],"y":[1]},"o":{"x":[0.333],"y":[0]},"t":90,"s":[-10.367]},{"i":{"x":[0.667],"y":[1]},"o":{"x":[0.333],"y":[0]},"t":95,"s":[52.329]},{"i":{"x":[0.667],"y":[1]},"o":{"x":[0.333],"y":[0]},"t":100,"s":[-10.367]},{"i":{"x":[0.667],"y":[1]},"o":{"x":[0.333],"y":[0]},"t":105,"s":[52.329]},{"i":{"x":[0.667],"y":[1]},"o":{"x":[0.333],"y":[0]},"t":110,"s":[-10.367]},{"i":{"x":[0.667],"y":[1]},"o":{"x":[0.333],"y":[0]},"t":115,"s":[52.329]},{"i":{"x":[0.667],"y":[1]},"o":{"x":[0.333],"y":[0]},"t":120,"s":[-10.367]},{"i":{"x":[0.667],"y":[1]},"o":{"x":[0.333],"y":[0]},"t":125,"s":[52.329]},{"i":{"x":[0.667],"y":[1]},"o":{"x":[0.333],"y":[0]},"t":130,"s":[-10.367]},{"i":{"x":[0.667],"y":[1]},"o":{"x":[0.333],"y":[0]},"t":135,"s":[52.329]},{"i":{"x":[0.667],"y":[1]},"o":{"x":[0.333],"y":[0]},"t":140,"s":[-10.367]},{"i":{"x":[0.667],"y":[1]},"o":{"x":[0.333],"y":[0]},"t":145,"s":[52.329]},{"i":{"x":[0.667],"y":[1]},"o":{"x":[0.333],"y":[0]},"t":150,"s":[-10.367]},{"i":{"x":[0.667],"y":[1]},"o":{"x":[0.333],"y":[0]},"t":155,"s":[52.329]},{"i":{"x":[0.667],"y":[1]},"o":{"x":[0.333],"y":[0]},"t":160,"s":[-10.367]},{"i":{"x":[0.667],"y":[1]},"o":{"x":[0.333],"y":[0]},"t":165,"s":[52.329]},{"i":{"x":[0.667],"y":[1]},"o":{"x":[0.333],"y":[0]},"t":170,"s":[-10.367]},{"i":{"x":[0.667],"y":[1]},"o":{"x":[0.333],"y":[0]},"t":175,"s":[52.329]},{"i":{"x":[0.667],"y":[1]},"o":{"x":[0.333],"y":[0]},"t":180,"s":[-10.367]},{"i":{"x":[0.667],"y":[1]},"o":{"x":[0.333],"y":[0]},"t":185,"s":[52.329]},{"i":{"x":[0.667],"y":[1]},"o":{"x":[0.333],"y":[0]},"t":190,"s":[-10.367]},{"i":{"x":[0.667],"y":[1]},"o":{"x":[0.333],"y":[0]},"t":195,"s":[52.329]},{"i":{"x":[0.667],"y":[1]},"o":{"x":[0.333],"y":[0]},"t":200,"s":[-10.367]},{"i":{"x":[0.667],"y":[1]},"o":{"x":[0.333],"y":[0]},"t":205,"s":[52.329]},{"i":{"x":[0.667],"y":[1]},"o":{"x":[0.333],"y":[0]},"t":210,"s":[-10.367]},{"i":{"x":[0.667],"y":[1]},"o":{"x":[0.333],"y":[0]},"t":215,"s":[52.329]},{"i":{"x":[0.667],"y":[1]},"o":{"x":[0.333],"y":[0]},"t":220,"s":[-10.367]},{"i":{"x":[0.667],"y":[1]},"o":{"x":[0.333],"y":[0]},"t":225,"s":[52.329]},{"i":{"x":[0.667],"y":[1]},"o":{"x":[0.333],"y":[0]},"t":230,"s":[-10.367]},{"i":{"x":[0.667],"y":[1]},"o":{"x":[0.333],"y":[0]},"t":235,"s":[52.329]},{"i":{"x":[0.667],"y":[1]},"o":{"x":[0.333],"y":[0]},"t":240,"s":[-10.367]},{"i":{"x":[0.667],"y":[1]},"o":{"x":[0.333],"y":[0]},"t":245,"s":[52.329]},{"i":{"x":[0.667],"y":[1]},"o":{"x":[0.333],"y":[0]},"t":250,"s":[-10.367]},{"i":{"x":[0.667],"y":[1]},"o":{"x":[0.333],"y":[0]},"t":255,"s":[52.329]},{"i":{"x":[0.667],"y":[1]},"o":{"x":[0.333],"y":[0]},"t":260,"s":[-10.367]},{"i":{"x":[0.667],"y":[1]},"o":{"x":[0.333],"y":[0]},"t":265,"s":[52.329]},{"i":{"x":[0.667],"y":[1]},"o":{"x":[0.333],"y":[0]},"t":270,"s":[-10.367]},{"i":{"x":[0.667],"y":[1]},"o":{"x":[0.333],"y":[0]},"t":275,"s":[52.329]},{"i":{"x":[0.667],"y":[1]},"o":{"x":[0.333],"y":[0]},"t":280,"s":[-10.367]},{"i":{"x":[0.667],"y":[1]},"o":{"x":[0.333],"y":[0]},"t":285,"s":[52.329]},{"i":{"x":[0.667],"y":[1]},"o":{"x":[0.333],"y":[0]},"t":290,"s":[-10.367]},{"i":{"x":[0.667],"y":[1]},"o":{"x":[0.333],"y":[0]},"t":295,"s":[52.329]},{"t":300,"s":[-10.367]}],"ix":10},"p":{"a":0,"k":[20.632,-41.526,0],"ix":2},"a":{"a":0,"k":[19.541,-40.641,0],"ix":1},"s":{"a":0,"k":[106.782,100.206,100],"ix":6}},"ao":0,"shapes":[{"ty":"gr","it":[{"ind":0,"ty":"sh","ix":1,"ks":{"a":0,"k":{"i":[[3.485,2.366],[-13.562,9.875],[0,0],[5.264,-6.513]],"o":[[-1.791,-1.216],[13.562,-9.875],[0,0],[-12.305,15.226]],"v":[[18.788,-40.126],[39.692,-72.385],[65.773,-77.657],[62.602,-61.983]],"c":true},"ix":2},"nm":"Path 1","mn":"ADBE Vector Shape - Group","hd":false},{"ty":"st","c":{"a":0,"k":[0,0,0,1],"ix":3},"o":{"a":0,"k":100,"ix":4},"w":{"a":0,"k":1,"ix":5},"lc":1,"lj":1,"ml":10,"bm":0,"nm":"Stroke 1","mn":"ADBE Vector Graphic - Stroke","hd":false},{"ty":"fl","c":{"a":0,"k":[1,1,1,1],"ix":4},"o":{"a":0,"k":100,"ix":5},"r":1,"bm":0,"nm":"Fill 1","mn":"ADBE Vector Graphic - Fill","hd":false},{"ty":"tr","p":{"a":0,"k":[0,0],"ix":2},"a":{"a":0,"k":[0,0],"ix":1},"s":{"a":0,"k":[100,100],"ix":3},"r":{"a":0,"k":0,"ix":6},"o":{"a":0,"k":100,"ix":7},"sk":{"a":0,"k":0,"ix":4},"sa":{"a":0,"k":0,"ix":5},"nm":"Transform"}],"nm":"Group 1","np":3,"cix":2,"bm":0,"ix":1,"mn":"ADBE Vector Group","hd":false}],"ip":0,"op":301,"st":0,"bm":0}],"markers":[]}