{"v":"5.9.6","ip":0,"op":80,"fr":29,"w":1080,"h":1080,"nm":"C","assets":[{"id":"comp_0","layers":[{"ind":1,"ty":4,"nm":"S","sr":1,"ks":{"o":{"a":0,"k":100},"r":{"a":0,"k":0},"p":{"a":0,"k":[265.956,44.221,0],"l":2},"a":{"a":0,"k":[99.5,109.5,0],"l":2},"s":{"a":0,"k":[100,100,100],"l":2}},"shapes":[{"ty":"gr","nm":"E","bm":0,"it":[{"ty":"el","nm":"E","d":1,"p":{"a":0,"k":[0,0]},"s":{"a":0,"k":[31,31]}},{"ty":"fl","nm":"F","bm":0,"c":{"a":0,"k":[0.752941236309,0.388235324037,0.145098039216,1]},"o":{"a":0,"k":100},"r":1},{"ty":"tr","o":{"a":0,"k":100},"r":{"a":0,"k":0},"p":{"a":0,"k":[99.5,109.5]},"a":{"a":0,"k":[0,0]},"s":{"a":0,"k":[100,100]},"nm":"T","sk":{"a":0,"k":0},"sa":{"a":0,"k":0}}]}],"ip":0,"op":301,"st":0,"parent":8},{"ind":2,"ty":4,"nm":"b","sr":1,"ks":{"o":{"a":0,"k":100},"r":{"a":0,"k":0},"p":{"a":0,"k":[50.956,97.222,0],"l":2},"a":{"a":0,"k":[92.5,92.5,0],"l":2},"s":{"a":0,"k":[100,100,100],"l":2}},"shapes":[{"ty":"gr","nm":"G","bm":0,"it":[{"ty":"sh","nm":"P","ind":0,"ks":{"k":[{"i":{"x":0.833,"y":0.833},"o":{"x":0.167,"y":0.167},"t":0,"s":[{"i":[[0,0],[-16.374,2.1]],"o":[[0,0],[0,0]],"v":[[-30.5,-46.55],[30.5,44.45]],"c":false}]},{"i":{"x":0.833,"y":0.833},"o":{"x":0.167,"y":0.167},"t":4.995,"s":[{"i":[[0,0],[-1.25,-9.5]],"o":[[0,0],[0,0]],"v":[[-30.5,-46.55],[-15.25,45.45]],"c":false}]},{"i":{"x":0.833,"y":0.833},"o":{"x":0.167,"y":0.167},"t":6.993,"s":[{"i":[[0,0],[25.75,-27.5]],"o":[[0,0],[0,0]],"v":[[-30.5,-46.55],[-34.25,42.95]],"c":false}]},{"i":{"x":0.833,"y":0.833},"o":{"x":0.167,"y":0.167},"t":7.993,"s":[{"i":[[0,0],[37.75,-22]],"o":[[0,0],[0,0]],"v":[[-30.5,-46.55],[-44.25,33.95]],"c":false}]},{"i":{"x":0.833,"y":0.833},"o":{"x":0.167,"y":0.167},"t":8.991,"s":[{"i":[[0,0],[42.75,-19]],"o":[[0,0],[0,0]],"v":[[-30.5,-46.55],[-53.75,40.95]],"c":false}]},{"i":{"x":0.833,"y":0.833},"o":{"x":0.167,"y":0.167},"t":9.99,"s":[{"i":[[0,0],[56.25,7]],"o":[[0,0],[0,0]],"v":[[-30.5,-46.55],[-73.75,39.45]],"c":false}]},{"i":{"x":0.833,"y":0.833},"o":{"x":0.167,"y":0.167},"t":11.988,"s":[{"i":[[0,0],[66.75,-8]],"o":[[0,0],[0,0]],"v":[[-30.5,-46.55],[-43.75,34.95]],"c":false}]},{"i":{"x":0.833,"y":0.833},"o":{"x":0.167,"y":0.167},"t":13.986,"s":[{"i":[[0,0],[51.5,-18]],"o":[[0,0],[0,0]],"v":[[-30.5,-46.55],[-11,26.7]],"c":false}]},{"i":{"x":0.833,"y":0.833},"o":{"x":0.167,"y":0.167},"t":15.984,"s":[{"i":[[0,0],[29,-34.25]],"o":[[0,0],[0,0]],"v":[[-30.5,-46.55],[7,29.7]],"c":false}]},{"i":{"x":0.833,"y":0.833},"o":{"x":0.167,"y":0.167},"t":17.983,"s":[{"i":[[0,0],[-25,-32.75]],"o":[[0,0],[0,0]],"v":[[-30.5,-46.55],[28,35.7]],"c":false}]},{"i":{"x":0.833,"y":0.833},"o":{"x":0.167,"y":0.167},"t":19.98,"s":[{"i":[[0,0],[-16.374,2.1]],"o":[[0,0],[0,0]],"v":[[-30.5,-46.55],[30.5,44.45]],"c":false}]},{"i":{"x":0.833,"y":0.833},"o":{"x":0.167,"y":0.167},"t":24.975,"s":[{"i":[[0,0],[-1.25,-9.5]],"o":[[0,0],[0,0]],"v":[[-30.5,-46.55],[-15.25,45.45]],"c":false}]},{"i":{"x":0.833,"y":0.833},"o":{"x":0.167,"y":0.167},"t":26.973,"s":[{"i":[[0,0],[25.75,-27.5]],"o":[[0,0],[0,0]],"v":[[-30.5,-46.55],[-34.25,42.95]],"c":false}]},{"i":{"x":0.833,"y":0.833},"o":{"x":0.167,"y":0.167},"t":27.973,"s":[{"i":[[0,0],[37.75,-22]],"o":[[0,0],[0,0]],"v":[[-30.5,-46.55],[-44.25,33.95]],"c":false}]},{"i":{"x":0.833,"y":0.833},"o":{"x":0.167,"y":0.167},"t":28.971,"s":[{"i":[[0,0],[42.75,-19]],"o":[[0,0],[0,0]],"v":[[-30.5,-46.55],[-53.75,40.95]],"c":false}]},{"i":{"x":0.833,"y":0.833},"o":{"x":0.167,"y":0.167},"t":29.97,"s":[{"i":[[0,0],[56.25,7]],"o":[[0,0],[0,0]],"v":[[-30.5,-46.55],[-73.75,39.45]],"c":false}]},{"i":{"x":0.833,"y":0.833},"o":{"x":0.167,"y":0.167},"t":31.968,"s":[{"i":[[0,0],[66.75,-8]],"o":[[0,0],[0,0]],"v":[[-30.5,-46.55],[-43.75,34.95]],"c":false}]},{"i":{"x":0.833,"y":0.833},"o":{"x":0.167,"y":0.167},"t":33.966,"s":[{"i":[[0,0],[51.5,-18]],"o":[[0,0],[0,0]],"v":[[-30.5,-46.55],[-11,26.7]],"c":false}]},{"i":{"x":0.833,"y":0.833},"o":{"x":0.167,"y":0.167},"t":35.964,"s":[{"i":[[0,0],[29,-34.25]],"o":[[0,0],[0,0]],"v":[[-30.5,-46.55],[7,29.7]],"c":false}]},{"i":{"x":0.833,"y":0.833},"o":{"x":0.167,"y":0.167},"t":37.963,"s":[{"i":[[0,0],[-25,-32.75]],"o":[[0,0],[0,0]],"v":[[-30.5,-46.55],[28,35.7]],"c":false}]},{"i":{"x":0.833,"y":0.833},"o":{"x":0.167,"y":0.167},"t":39.96,"s":[{"i":[[0,0],[-16.374,2.1]],"o":[[0,0],[0,0]],"v":[[-30.5,-46.55],[30.5,44.45]],"c":false}]},{"i":{"x":0.833,"y":0.833},"o":{"x":0.167,"y":0.167},"t":44.955,"s":[{"i":[[0,0],[-1.25,-9.5]],"o":[[0,0],[0,0]],"v":[[-30.5,-46.55],[-15.25,45.45]],"c":false}]},{"i":{"x":0.833,"y":0.833},"o":{"x":0.167,"y":0.167},"t":46.953,"s":[{"i":[[0,0],[25.75,-27.5]],"o":[[0,0],[0,0]],"v":[[-30.5,-46.55],[-34.25,42.95]],"c":false}]},{"i":{"x":0.833,"y":0.833},"o":{"x":0.167,"y":0.167},"t":47.953,"s":[{"i":[[0,0],[37.75,-22]],"o":[[0,0],[0,0]],"v":[[-30.5,-46.55],[-44.25,33.95]],"c":false}]},{"i":{"x":0.833,"y":0.833},"o":{"x":0.167,"y":0.167},"t":48.951,"s":[{"i":[[0,0],[42.75,-19]],"o":[[0,0],[0,0]],"v":[[-30.5,-46.55],[-53.75,40.95]],"c":false}]},{"i":{"x":0.833,"y":0.833},"o":{"x":0.167,"y":0.167},"t":49.95,"s":[{"i":[[0,0],[56.25,7]],"o":[[0,0],[0,0]],"v":[[-30.5,-46.55],[-73.75,39.45]],"c":false}]},{"i":{"x":0.833,"y":0.833},"o":{"x":0.167,"y":0.167},"t":51.948,"s":[{"i":[[0,0],[66.75,-8]],"o":[[0,0],[0,0]],"v":[[-30.5,-46.55],[-43.75,34.95]],"c":false}]},{"i":{"x":0.833,"y":0.833},"o":{"x":0.167,"y":0.167},"t":53.946,"s":[{"i":[[0,0],[51.5,-18]],"o":[[0,0],[0,0]],"v":[[-30.5,-46.55],[-11,26.7]],"c":false}]},{"i":{"x":0.833,"y":0.833},"o":{"x":0.167,"y":0.167},"t":55.944,"s":[{"i":[[0,0],[29,-34.25]],"o":[[0,0],[0,0]],"v":[[-30.5,-46.55],[7,29.7]],"c":false}]},{"i":{"x":0.833,"y":0.833},"o":{"x":0.167,"y":0.167},"t":57.943,"s":[{"i":[[0,0],[-25,-32.75]],"o":[[0,0],[0,0]],"v":[[-30.5,-46.55],[28,35.7]],"c":false}]},{"i":{"x":0.833,"y":0.833},"o":{"x":0.167,"y":0.167},"t":59.94,"s":[{"i":[[0,0],[-16.374,2.1]],"o":[[0,0],[0,0]],"v":[[-30.5,-46.55],[30.5,44.45]],"c":false}]},{"i":{"x":0.833,"y":0.833},"o":{"x":0.167,"y":0.167},"t":64.935,"s":[{"i":[[0,0],[-1.25,-9.5]],"o":[[0,0],[0,0]],"v":[[-30.5,-46.55],[-15.25,45.45]],"c":false}]},{"i":{"x":0.833,"y":0.833},"o":{"x":0.167,"y":0.167},"t":66.933,"s":[{"i":[[0,0],[25.75,-27.5]],"o":[[0,0],[0,0]],"v":[[-30.5,-46.55],[-34.25,42.95]],"c":false}]},{"i":{"x":0.833,"y":0.833},"o":{"x":0.167,"y":0.167},"t":67.933,"s":[{"i":[[0,0],[37.75,-22]],"o":[[0,0],[0,0]],"v":[[-30.5,-46.55],[-44.25,33.95]],"c":false}]},{"i":{"x":0.833,"y":0.833},"o":{"x":0.167,"y":0.167},"t":68.931,"s":[{"i":[[0,0],[42.75,-19]],"o":[[0,0],[0,0]],"v":[[-30.5,-46.55],[-53.75,40.95]],"c":false}]},{"i":{"x":0.833,"y":0.833},"o":{"x":0.167,"y":0.167},"t":69.93,"s":[{"i":[[0,0],[56.25,7]],"o":[[0,0],[0,0]],"v":[[-30.5,-46.55],[-73.75,39.45]],"c":false}]},{"i":{"x":0.833,"y":0.833},"o":{"x":0.167,"y":0.167},"t":71.928,"s":[{"i":[[0,0],[66.75,-8]],"o":[[0,0],[0,0]],"v":[[-30.5,-46.55],[-43.75,34.95]],"c":false}]},{"i":{"x":0.833,"y":0.833},"o":{"x":0.167,"y":0.167},"t":73.926,"s":[{"i":[[0,0],[51.5,-18]],"o":[[0,0],[0,0]],"v":[[-30.5,-46.55],[-11,26.7]],"c":false}]},{"i":{"x":0.833,"y":0.833},"o":{"x":0.167,"y":0.167},"t":75.924,"s":[{"i":[[0,0],[29,-34.25]],"o":[[0,0],[0,0]],"v":[[-30.5,-46.55],[7,29.7]],"c":false}]},{"i":{"x":0.833,"y":0.833},"o":{"x":0.167,"y":0.167},"t":77.923,"s":[{"i":[[0,0],[-25,-32.75]],"o":[[0,0],[0,0]],"v":[[-30.5,-46.55],[28,35.7]],"c":false}]},{"t":79.92,"s":[{"i":[[0,0],[-16.374,2.1]],"o":[[0,0],[0,0]],"v":[[-30.5,-46.55],[30.5,44.45]],"c":false}]}],"a":1}},{"ty":"st","nm":"S","bm":0,"lc":2,"lj":1,"ml":10,"o":{"a":0,"k":100},"w":{"a":0,"k":30},"c":{"a":0,"k":[0.980392216701,0.752941236309,0.454901990704,1]}},{"ty":"tr","o":{"a":0,"k":100},"r":{"a":0,"k":0},"p":{"a":0,"k":[123,139.05]},"a":{"a":0,"k":[0,0]},"s":{"a":0,"k":[100,100]},"nm":"T","sk":{"a":0,"k":0},"sa":{"a":0,"k":0}}]}],"ip":0,"op":299.7,"st":0,"parent":8},{"ind":3,"ty":4,"nm":"S","sr":1,"ks":{"o":{"a":0,"k":100},"r":{"a":0,"k":0},"p":{"a":0,"k":[156.706,69.971,0],"l":2},"a":{"a":0,"k":[123.75,688.75,0],"l":2},"s":{"a":0,"k":[100,100,100],"l":2}},"shapes":[{"ty":"gr","nm":"G","bm":0,"it":[{"ty":"sh","nm":"P","ind":0,"ks":{"k":{"i":[[0,-3.866],[3.866,0],[0,3.866],[-3.866,0]],"o":[[0,3.866],[-3.866,0],[0,-3.866],[3.866,0]],"v":[[7,0],[0,7],[-7,0],[0,-7]],"c":true},"a":0}},{"ty":"fl","nm":"F","bm":0,"c":{"a":0,"k":[0.752941236309,0.388235324037,0.145098039216,1]},"o":{"a":0,"k":100},"r":1},{"ty":"tr","o":{"a":0,"k":100},"r":{"a":0,"k":0},"p":{"a":0,"k":[24.25,716.25]},"a":{"a":0,"k":[0,0]},"s":{"a":0,"k":[100,100]},"nm":"T","sk":{"a":0,"k":0},"sa":{"a":0,"k":0}}]},{"ty":"gr","nm":"G","bm":0,"it":[{"ty":"sh","nm":"P","ind":0,"ks":{"k":{"i":[[0,-3.866],[3.866,0],[0,3.866],[-3.866,0]],"o":[[0,3.866],[-3.866,0],[0,-3.866],[3.866,0]],"v":[[7,0],[0,7],[-7,0],[0,-7]],"c":true},"a":0}},{"ty":"fl","nm":"F","bm":0,"c":{"a":0,"k":[0.752941236309,0.388235324037,0.145098039216,1]},"o":{"a":0,"k":100},"r":1},{"ty":"tr","o":{"a":0,"k":100},"r":{"a":0,"k":0},"p":{"a":0,"k":[159.25,718.25]},"a":{"a":0,"k":[0,0]},"s":{"a":0,"k":[100,100]},"nm":"T","sk":{"a":0,"k":0},"sa":{"a":0,"k":0}}]},{"ty":"gr","nm":"G","bm":0,"it":[{"ty":"sh","nm":"P","ind":0,"ks":{"k":{"i":[[0,-3.866],[3.866,0],[0,3.866],[-3.866,0]],"o":[[0,3.866],[-3.866,0],[0,-3.866],[3.866,0]],"v":[[7,0],[0,7],[-7,0],[0,-7]],"c":true},"a":0}},{"ty":"fl","nm":"F","bm":0,"c":{"a":0,"k":[0.752941236309,0.388235324037,0.145098039216,1]},"o":{"a":0,"k":100},"r":1},{"ty":"tr","o":{"a":0,"k":100},"r":{"a":0,"k":0},"p":{"a":0,"k":[92.25,670.25]},"a":{"a":0,"k":[0,0]},"s":{"a":0,"k":[100,100]},"nm":"T","sk":{"a":0,"k":0},"sa":{"a":0,"k":0}}]},{"ty":"gr","nm":"G","bm":0,"it":[{"ty":"sh","nm":"P","ind":0,"ks":{"k":{"i":[[0,-13.255],[13.255,0],[0,13.255],[-13.255,0]],"o":[[0,13.255],[-13.255,0],[0,-13.255],[13.255,0]],"v":[[24,0],[0,24],[-24,0],[0,-24]],"c":true},"a":0}},{"ty":"fl","nm":"F","bm":0,"c":{"a":0,"k":[0.752941236309,0.388235324037,0.145098039216,1]},"o":{"a":0,"k":100},"r":1},{"ty":"tr","o":{"a":0,"k":100},"r":{"a":0,"k":0},"p":{"a":0,"k":[223.25,718.25]},"a":{"a":0,"k":[0,0]},"s":{"a":0,"k":[100,100]},"nm":"T","sk":{"a":0,"k":0},"sa":{"a":0,"k":0}}]},{"ty":"gr","nm":"G","bm":0,"it":[{"ty":"sh","nm":"P","ind":0,"ks":{"k":{"i":[[0,-13.255],[13.255,0],[0,13.255],[-13.255,0]],"o":[[0,13.255],[-13.255,0],[0,-13.255],[13.255,0]],"v":[[24,0],[0,24],[-24,0],[0,-24]],"c":true},"a":0}},{"ty":"fl","nm":"F","bm":0,"c":{"a":0,"k":[0.752941236309,0.388235324037,0.145098039216,1]},"o":{"a":0,"k":100},"r":1},{"ty":"tr","o":{"a":0,"k":100},"r":{"a":0,"k":0},"p":{"a":0,"k":[156.25,654.25]},"a":{"a":0,"k":[0,0]},"s":{"a":0,"k":[100,100]},"nm":"T","sk":{"a":0,"k":0},"sa":{"a":0,"k":0}}]},{"ty":"gr","nm":"G","bm":0,"it":[{"ty":"sh","nm":"P","ind":0,"ks":{"k":{"i":[[0,-13.255],[13.255,0],[0,13.255],[-13.255,0]],"o":[[0,13.255],[-13.255,0],[0,-13.255],[13.255,0]],"v":[[24,0],[0,24],[-24,0],[0,-24]],"c":true},"a":0}},{"ty":"fl","nm":"F","bm":0,"c":{"a":0,"k":[0.752941236309,0.388235324037,0.145098039216,1]},"o":{"a":0,"k":100},"r":1},{"ty":"tr","o":{"a":0,"k":100},"r":{"a":0,"k":0},"p":{"a":0,"k":[94.25,723.25]},"a":{"a":0,"k":[0,0]},"s":{"a":0,"k":[100,100]},"nm":"T","sk":{"a":0,"k":0},"sa":{"a":0,"k":0}}]},{"ty":"gr","nm":"G","bm":0,"it":[{"ty":"sh","nm":"P","ind":0,"ks":{"k":{"i":[[0,-13.255],[13.255,0],[0,13.255],[-13.255,0]],"o":[[0,13.255],[-13.255,0],[0,-13.255],[13.255,0]],"v":[[24,0],[0,24],[-24,0],[0,-24]],"c":true},"a":0}},{"ty":"fl","nm":"F","bm":0,"c":{"a":0,"k":[0.752941236309,0.388235324037,0.145098039216,1]},"o":{"a":0,"k":100},"r":1},{"ty":"tr","o":{"a":0,"k":100},"r":{"a":0,"k":0},"p":{"a":0,"k":[24.25,654.25]},"a":{"a":0,"k":[0,0]},"s":{"a":0,"k":[100,100]},"nm":"T","sk":{"a":0,"k":0},"sa":{"a":0,"k":0}}]}],"ip":0,"op":301,"st":0,"parent":8},{"ind":4,"ty":4,"nm":"f","sr":1,"ks":{"o":{"a":0,"k":100},"r":{"a":0,"k":0},"p":{"a":0,"k":[238.956,97.222,0],"l":2},"a":{"a":0,"k":[92.5,92.5,0],"l":2},"s":{"a":0,"k":[100,100,100],"l":2}},"shapes":[{"ty":"gr","nm":"G","bm":0,"it":[{"ty":"sh","nm":"P","ind":0,"ks":{"k":[{"i":{"x":0.833,"y":0.833},"o":{"x":0.167,"y":0.167},"t":0,"s":[{"i":[[0,0],[-16.374,2.1]],"o":[[0,0],[0,0]],"v":[[-30.5,-46.55],[30.5,44.45]],"c":false}]},{"i":{"x":0.833,"y":0.833},"o":{"x":0.167,"y":0.167},"t":4.995,"s":[{"i":[[0,0],[-4,-22]],"o":[[0,0],[0,0]],"v":[[-30.5,-46.55],[-16.5,45.95]],"c":false}]},{"i":{"x":0.833,"y":0.833},"o":{"x":0.167,"y":0.167},"t":6.993,"s":[{"i":[[0,0],[24,-37]],"o":[[0,0],[0,0]],"v":[[-30.5,-46.55],[-35,44.45]],"c":false}]},{"i":{"x":0.833,"y":0.833},"o":{"x":0.167,"y":0.167},"t":7.993,"s":[{"i":[[0,0],[43,-31]],"o":[[0,0],[0,0]],"v":[[-30.5,-46.55],[-45.5,32.95]],"c":false}]},{"i":{"x":0.833,"y":0.833},"o":{"x":0.167,"y":0.167},"t":8.991,"s":[{"i":[[0,0],[43,-22.205]],"o":[[0,0],[0,0]],"v":[[-30.5,-46.55],[-55,39.45]],"c":false}]},{"i":{"x":0.833,"y":0.833},"o":{"x":0.167,"y":0.167},"t":9.99,"s":[{"i":[[0,0],[53,7.5]],"o":[[0,0],[0,0]],"v":[[-30.5,-46.55],[-75.5,39.45]],"c":false}]},{"i":{"x":0.833,"y":0.833},"o":{"x":0.167,"y":0.167},"t":11.988,"s":[{"i":[[0,0],[68.5,-12.5]],"o":[[0,0],[0,0]],"v":[[-30.5,-46.55],[-45,36.45]],"c":false}]},{"i":{"x":0.833,"y":0.833},"o":{"x":0.167,"y":0.167},"t":13.986,"s":[{"i":[[0,0],[54.5,-17.25]],"o":[[0,0],[0,0]],"v":[[-30.5,-46.55],[-14,28.2]],"c":false}]},{"i":{"x":0.833,"y":0.833},"o":{"x":0.167,"y":0.167},"t":15.984,"s":[{"i":[[0,0],[34,-29.75]],"o":[[0,0],[0,0]],"v":[[-30.5,-46.55],[3,30.2]],"c":false}]},{"i":{"x":0.833,"y":0.833},"o":{"x":0.167,"y":0.167},"t":17.983,"s":[{"i":[[0,0],[-29.5,-40.75]],"o":[[0,0],[0,0]],"v":[[-30.5,-46.55],[26.5,37.7]],"c":false}]},{"i":{"x":0.833,"y":0.833},"o":{"x":0.167,"y":0.167},"t":19.98,"s":[{"i":[[0,0],[-16.374,2.1]],"o":[[0,0],[0,0]],"v":[[-30.5,-46.55],[30.5,44.45]],"c":false}]},{"i":{"x":0.833,"y":0.833},"o":{"x":0.167,"y":0.167},"t":24.975,"s":[{"i":[[0,0],[-4,-22]],"o":[[0,0],[0,0]],"v":[[-30.5,-46.55],[-16.5,45.95]],"c":false}]},{"i":{"x":0.833,"y":0.833},"o":{"x":0.167,"y":0.167},"t":26.973,"s":[{"i":[[0,0],[24,-37]],"o":[[0,0],[0,0]],"v":[[-30.5,-46.55],[-35,44.45]],"c":false}]},{"i":{"x":0.833,"y":0.833},"o":{"x":0.167,"y":0.167},"t":27.973,"s":[{"i":[[0,0],[43,-31]],"o":[[0,0],[0,0]],"v":[[-30.5,-46.55],[-45.5,32.95]],"c":false}]},{"i":{"x":0.833,"y":0.833},"o":{"x":0.167,"y":0.167},"t":28.971,"s":[{"i":[[0,0],[43,-22.205]],"o":[[0,0],[0,0]],"v":[[-30.5,-46.55],[-55,39.45]],"c":false}]},{"i":{"x":0.833,"y":0.833},"o":{"x":0.167,"y":0.167},"t":29.97,"s":[{"i":[[0,0],[53,7.5]],"o":[[0,0],[0,0]],"v":[[-30.5,-46.55],[-75.5,39.45]],"c":false}]},{"i":{"x":0.833,"y":0.833},"o":{"x":0.167,"y":0.167},"t":31.968,"s":[{"i":[[0,0],[68.5,-12.5]],"o":[[0,0],[0,0]],"v":[[-30.5,-46.55],[-45,36.45]],"c":false}]},{"i":{"x":0.833,"y":0.833},"o":{"x":0.167,"y":0.167},"t":33.966,"s":[{"i":[[0,0],[54.5,-17.25]],"o":[[0,0],[0,0]],"v":[[-30.5,-46.55],[-14,28.2]],"c":false}]},{"i":{"x":0.833,"y":0.833},"o":{"x":0.167,"y":0.167},"t":35.964,"s":[{"i":[[0,0],[34,-29.75]],"o":[[0,0],[0,0]],"v":[[-30.5,-46.55],[3,30.2]],"c":false}]},{"i":{"x":0.833,"y":0.833},"o":{"x":0.167,"y":0.167},"t":37.963,"s":[{"i":[[0,0],[-29.5,-40.75]],"o":[[0,0],[0,0]],"v":[[-30.5,-46.55],[26.5,37.7]],"c":false}]},{"i":{"x":0.833,"y":0.833},"o":{"x":0.167,"y":0.167},"t":39.96,"s":[{"i":[[0,0],[-16.374,2.1]],"o":[[0,0],[0,0]],"v":[[-30.5,-46.55],[30.5,44.45]],"c":false}]},{"i":{"x":0.833,"y":0.833},"o":{"x":0.167,"y":0.167},"t":44.955,"s":[{"i":[[0,0],[-4,-22]],"o":[[0,0],[0,0]],"v":[[-30.5,-46.55],[-16.5,45.95]],"c":false}]},{"i":{"x":0.833,"y":0.833},"o":{"x":0.167,"y":0.167},"t":46.953,"s":[{"i":[[0,0],[24,-37]],"o":[[0,0],[0,0]],"v":[[-30.5,-46.55],[-35,44.45]],"c":false}]},{"i":{"x":0.833,"y":0.833},"o":{"x":0.167,"y":0.167},"t":47.953,"s":[{"i":[[0,0],[43,-31]],"o":[[0,0],[0,0]],"v":[[-30.5,-46.55],[-45.5,32.95]],"c":false}]},{"i":{"x":0.833,"y":0.833},"o":{"x":0.167,"y":0.167},"t":48.951,"s":[{"i":[[0,0],[43,-22.205]],"o":[[0,0],[0,0]],"v":[[-30.5,-46.55],[-55,39.45]],"c":false}]},{"i":{"x":0.833,"y":0.833},"o":{"x":0.167,"y":0.167},"t":49.95,"s":[{"i":[[0,0],[53,7.5]],"o":[[0,0],[0,0]],"v":[[-30.5,-46.55],[-75.5,39.45]],"c":false}]},{"i":{"x":0.833,"y":0.833},"o":{"x":0.167,"y":0.167},"t":51.948,"s":[{"i":[[0,0],[68.5,-12.5]],"o":[[0,0],[0,0]],"v":[[-30.5,-46.55],[-45,36.45]],"c":false}]},{"i":{"x":0.833,"y":0.833},"o":{"x":0.167,"y":0.167},"t":53.946,"s":[{"i":[[0,0],[54.5,-17.25]],"o":[[0,0],[0,0]],"v":[[-30.5,-46.55],[-14,28.2]],"c":false}]},{"i":{"x":0.833,"y":0.833},"o":{"x":0.167,"y":0.167},"t":55.944,"s":[{"i":[[0,0],[34,-29.75]],"o":[[0,0],[0,0]],"v":[[-30.5,-46.55],[3,30.2]],"c":false}]},{"i":{"x":0.833,"y":0.833},"o":{"x":0.167,"y":0.167},"t":57.943,"s":[{"i":[[0,0],[-29.5,-40.75]],"o":[[0,0],[0,0]],"v":[[-30.5,-46.55],[26.5,37.7]],"c":false}]},{"i":{"x":0.833,"y":0.833},"o":{"x":0.167,"y":0.167},"t":59.94,"s":[{"i":[[0,0],[-16.374,2.1]],"o":[[0,0],[0,0]],"v":[[-30.5,-46.55],[30.5,44.45]],"c":false}]},{"i":{"x":0.833,"y":0.833},"o":{"x":0.167,"y":0.167},"t":64.935,"s":[{"i":[[0,0],[-4,-22]],"o":[[0,0],[0,0]],"v":[[-30.5,-46.55],[-16.5,45.95]],"c":false}]},{"i":{"x":0.833,"y":0.833},"o":{"x":0.167,"y":0.167},"t":66.933,"s":[{"i":[[0,0],[24,-37]],"o":[[0,0],[0,0]],"v":[[-30.5,-46.55],[-35,44.45]],"c":false}]},{"i":{"x":0.833,"y":0.833},"o":{"x":0.167,"y":0.167},"t":67.933,"s":[{"i":[[0,0],[43,-31]],"o":[[0,0],[0,0]],"v":[[-30.5,-46.55],[-45.5,32.95]],"c":false}]},{"i":{"x":0.833,"y":0.833},"o":{"x":0.167,"y":0.167},"t":68.931,"s":[{"i":[[0,0],[43,-22.205]],"o":[[0,0],[0,0]],"v":[[-30.5,-46.55],[-55,39.45]],"c":false}]},{"i":{"x":0.833,"y":0.833},"o":{"x":0.167,"y":0.167},"t":69.93,"s":[{"i":[[0,0],[53,7.5]],"o":[[0,0],[0,0]],"v":[[-30.5,-46.55],[-75.5,39.45]],"c":false}]},{"i":{"x":0.833,"y":0.833},"o":{"x":0.167,"y":0.167},"t":71.928,"s":[{"i":[[0,0],[68.5,-12.5]],"o":[[0,0],[0,0]],"v":[[-30.5,-46.55],[-45,36.45]],"c":false}]},{"i":{"x":0.833,"y":0.833},"o":{"x":0.167,"y":0.167},"t":73.926,"s":[{"i":[[0,0],[54.5,-17.25]],"o":[[0,0],[0,0]],"v":[[-30.5,-46.55],[-14,28.2]],"c":false}]},{"i":{"x":0.833,"y":0.833},"o":{"x":0.167,"y":0.167},"t":75.924,"s":[{"i":[[0,0],[34,-29.75]],"o":[[0,0],[0,0]],"v":[[-30.5,-46.55],[3,30.2]],"c":false}]},{"i":{"x":0.833,"y":0.833},"o":{"x":0.167,"y":0.167},"t":77.923,"s":[{"i":[[0,0],[-29.5,-40.75]],"o":[[0,0],[0,0]],"v":[[-30.5,-46.55],[26.5,37.7]],"c":false}]},{"t":79.92,"s":[{"i":[[0,0],[-16.374,2.1]],"o":[[0,0],[0,0]],"v":[[-30.5,-46.55],[30.5,44.45]],"c":false}]}],"a":1}},{"ty":"st","nm":"S","bm":0,"lc":2,"lj":1,"ml":10,"o":{"a":0,"k":100},"w":{"a":0,"k":30},"c":{"a":0,"k":[0.980392216701,0.752941236309,0.454901990704,1]}},{"ty":"tr","o":{"a":0,"k":100},"r":{"a":0,"k":0},"p":{"a":0,"k":[123,139.05]},"a":{"a":0,"k":[0,0]},"s":{"a":0,"k":[100,100]},"nm":"T","sk":{"a":0,"k":0},"sa":{"a":0,"k":0}}]}],"ip":0,"op":299.7,"st":0,"parent":8},{"ind":5,"ty":4,"nm":"S","sr":1,"ks":{"o":{"a":0,"k":100},"r":{"a":1,"k":[{"i":{"x":[0.833],"y":[0.833]},"o":{"x":[0.167],"y":[0.167]},"t":0,"s":[0]},{"i":{"x":[0.833],"y":[0.833]},"o":{"x":[0.167],"y":[0.167]},"t":2,"s":[6]},{"i":{"x":[0.833],"y":[0.833]},"o":{"x":[0.167],"y":[0.167]},"t":5,"s":[0]},{"i":{"x":[0.833],"y":[0.833]},"o":{"x":[0.167],"y":[0.167]},"t":7,"s":[-6]},{"i":{"x":[0.833],"y":[0.833]},"o":{"x":[0.167],"y":[0.167]},"t":10,"s":[0]},{"i":{"x":[0.833],"y":[0.833]},"o":{"x":[0.167],"y":[0.167]},"t":12,"s":[6]},{"i":{"x":[0.833],"y":[0.833]},"o":{"x":[0.167],"y":[0.167]},"t":14,"s":[0]},{"i":{"x":[0.833],"y":[0.833]},"o":{"x":[0.167],"y":[0.167]},"t":16,"s":[-6]},{"i":{"x":[0.833],"y":[0.833]},"o":{"x":[0.167],"y":[0.167]},"t":20,"s":[0]},{"i":{"x":[0.833],"y":[0.833]},"o":{"x":[0.167],"y":[0.167]},"t":22,"s":[6]},{"i":{"x":[0.833],"y":[0.833]},"o":{"x":[0.167],"y":[0.167]},"t":25,"s":[0]},{"i":{"x":[0.833],"y":[0.833]},"o":{"x":[0.167],"y":[0.167]},"t":27,"s":[-6]},{"i":{"x":[0.833],"y":[0.833]},"o":{"x":[0.167],"y":[0.167]},"t":30,"s":[0]},{"i":{"x":[0.833],"y":[0.833]},"o":{"x":[0.167],"y":[0.167]},"t":32,"s":[6]},{"i":{"x":[0.833],"y":[0.833]},"o":{"x":[0.167],"y":[0.167]},"t":34,"s":[0]},{"i":{"x":[0.833],"y":[0.833]},"o":{"x":[0.167],"y":[0.167]},"t":36,"s":[-6]},{"i":{"x":[0.833],"y":[0.833]},"o":{"x":[0.167],"y":[0.167]},"t":40,"s":[0]},{"i":{"x":[0.833],"y":[0.833]},"o":{"x":[0.167],"y":[0.167]},"t":42,"s":[6]},{"i":{"x":[0.833],"y":[0.833]},"o":{"x":[0.167],"y":[0.167]},"t":45,"s":[0]},{"i":{"x":[0.833],"y":[0.833]},"o":{"x":[0.167],"y":[0.167]},"t":47,"s":[-6]},{"i":{"x":[0.833],"y":[0.833]},"o":{"x":[0.167],"y":[0.167]},"t":50,"s":[0]},{"i":{"x":[0.833],"y":[0.833]},"o":{"x":[0.167],"y":[0.167]},"t":52,"s":[6]},{"i":{"x":[0.833],"y":[0.833]},"o":{"x":[0.167],"y":[0.167]},"t":54,"s":[0]},{"i":{"x":[0.833],"y":[0.833]},"o":{"x":[0.167],"y":[0.167]},"t":56,"s":[-6]},{"i":{"x":[0.833],"y":[0.833]},"o":{"x":[0.167],"y":[0.167]},"t":60,"s":[0]},{"i":{"x":[0.833],"y":[0.833]},"o":{"x":[0.167],"y":[0.167]},"t":62,"s":[6]},{"i":{"x":[0.833],"y":[0.833]},"o":{"x":[0.167],"y":[0.167]},"t":65,"s":[0]},{"i":{"x":[0.833],"y":[0.833]},"o":{"x":[0.167],"y":[0.167]},"t":67,"s":[-6]},{"i":{"x":[0.833],"y":[0.833]},"o":{"x":[0.167],"y":[0.167]},"t":70,"s":[0]},{"i":{"x":[0.833],"y":[0.833]},"o":{"x":[0.167],"y":[0.167]},"t":72,"s":[6]},{"i":{"x":[0.833],"y":[0.833]},"o":{"x":[0.167],"y":[0.167]},"t":74,"s":[0]},{"i":{"x":[0.833],"y":[0.833]},"o":{"x":[0.167],"y":[0.167]},"t":76,"s":[-6]},{"t":80,"s":[0]}]},"p":{"a":0,"k":[61.914,38.435,0],"l":2},"a":{"a":0,"k":[60.813,38.691,0],"l":2},"s":{"a":0,"k":[100,100,100],"l":2}},"shapes":[{"ty":"gr","nm":"G","bm":0,"it":[{"ty":"sh","nm":"P","ind":0,"ks":{"k":{"i":[[0,0],[-17.089,11.198]],"o":[[-2.308,-1.569],[0,0]],"v":[[-14.422,-5.594],[16.73,-4.035]],"c":false},"a":0}},{"ty":"st","nm":"S","bm":0,"lc":2,"lj":1,"ml":10,"o":{"a":0,"k":100},"w":{"a":0,"k":4},"c":{"a":0,"k":[0,0,0,1]}},{"ty":"tr","o":{"a":0,"k":100},"r":{"a":0,"k":0},"p":{"a":0,"k":[174.87,77.168]},"a":{"a":0,"k":[0,0]},"s":{"a":0,"k":[100,100]},"nm":"T","sk":{"a":0,"k":0},"sa":{"a":0,"k":0}}]},{"ty":"gr","nm":"G","bm":0,"it":[{"ty":"sh","nm":"P","ind":0,"ks":{"k":{"i":[[0,-2.923],[3.194,0],[0,2.923],[-3.193,0]],"o":[[0,2.923],[-3.193,0],[0,-2.923],[3.194,0]],"v":[[5.783,0],[-0.001,5.293],[-5.783,0],[-0.001,-5.293]],"c":true},"a":0}},{"ty":"fl","nm":"F","bm":0,"c":{"a":0,"k":[0.949019667682,0.635294117647,0.278431372549,1]},"o":{"a":0,"k":100},"r":1},{"ty":"tr","o":{"a":0,"k":100},"r":{"a":0,"k":0},"p":{"a":0,"k":[191.818,33.03]},"a":{"a":0,"k":[0,0]},"s":{"a":0,"k":[100,100]},"nm":"T","sk":{"a":0,"k":0},"sa":{"a":0,"k":0}}]},{"ty":"gr","nm":"G","bm":0,"it":[{"ty":"sh","nm":"P","ind":0,"ks":{"k":{"i":[[0,-2.923],[3.194,0],[0,2.923],[-3.193,0]],"o":[[0,2.923],[-3.193,0],[0,-2.923],[3.194,0]],"v":[[5.783,0],[-0.001,5.293],[-5.783,0],[-0.001,-5.293]],"c":true},"a":0}},{"ty":"fl","nm":"F","bm":0,"c":{"a":0,"k":[0.949019667682,0.635294117647,0.278431372549,1]},"o":{"a":0,"k":100},"r":1},{"ty":"tr","o":{"a":0,"k":100},"r":{"a":0,"k":0},"p":{"a":0,"k":[165.384,33.03]},"a":{"a":0,"k":[0,0]},"s":{"a":0,"k":[100,100]},"nm":"T","sk":{"a":0,"k":0},"sa":{"a":0,"k":0}}]},{"ty":"gr","nm":"G","bm":0,"it":[{"ty":"sh","nm":"P","ind":0,"ks":{"k":{"i":[[0,0],[-23.849,21.829]],"o":[[-3.151,-4.438],[0,0]],"v":[[-14.674,-14.403],[17.326,-13.488]],"c":false},"a":0}},{"ty":"st","nm":"S","bm":0,"lc":2,"lj":1,"ml":10,"o":{"a":0,"k":100},"w":{"a":0,"k":9},"c":{"a":0,"k":[0,0,0,1]}},{"ty":"tr","o":{"a":0,"k":100},"r":{"a":0,"k":0},"p":{"a":0,"k":[86.025,39.038]},"a":{"a":0,"k":[0,0]},"s":{"a":0,"k":[100,100]},"nm":"T","sk":{"a":0,"k":0},"sa":{"a":0,"k":0}}]},{"ty":"gr","nm":"G","bm":0,"it":[{"ty":"sh","nm":"P","ind":0,"ks":{"k":{"i":[[2.887,-20.101],[22.085,3.172],[-2.886,20.101],[-22.085,-3.172]],"o":[[-2.887,20.101],[-22.085,-3.171],[2.887,-20.101],[22.085,3.171]],"v":[[39.988,5.742],[-5.227,36.396],[-39.989,-5.742],[5.226,-36.396]],"c":true},"a":0}},{"ty":"fl","nm":"F","bm":0,"c":{"a":0,"k":[0.752941236309,0.388235324037,0.145098039216,1]},"o":{"a":0,"k":100},"r":1},{"ty":"tr","o":{"a":0,"k":100},"r":{"a":0,"k":0},"p":{"a":0,"k":[171.569,55.061]},"a":{"a":0,"k":[0,0]},"s":{"a":0,"k":[100,100]},"nm":"T","sk":{"a":0,"k":0},"sa":{"a":0,"k":0}}]},{"ty":"gr","nm":"G","bm":0,"it":[{"ty":"sh","nm":"P","ind":0,"ks":{"k":{"i":[[23.656,3.842],[0,0],[-3.718,19.172],[0,0],[-23.656,-3.842],[0,0],[3.718,-19.173],[0,0]],"o":[[0,0],[-23.655,-3.841],[0,0],[3.718,-19.172],[0,0],[23.656,3.842],[0,0],[-3.718,19.173]],"v":[[35.28,43.439],[-52.368,29.206],[-85.468,-10.465],[-84.844,-13.682],[-38.28,-43.44],[49.367,-29.207],[85.468,12.464],[84.844,15.68]],"c":true},"a":0}},{"ty":"fl","nm":"F","bm":0,"c":{"a":0,"k":[0.984313785329,0.749019607843,0.454901990704,1]},"o":{"a":0,"k":100},"r":1},{"ty":"tr","o":{"a":0,"k":100},"r":{"a":0,"k":0},"p":{"a":0,"k":[125.815,47.532]},"a":{"a":0,"k":[0,0]},"s":{"a":0,"k":[100,100]},"nm":"T","sk":{"a":0,"k":0},"sa":{"a":0,"k":0}}]}],"ip":0,"op":301,"st":0,"parent":7},{"ind":6,"ty":4,"nm":"S","sr":1,"ks":{"o":{"a":0,"k":100},"r":{"a":1,"k":[{"i":{"x":[0.833],"y":[0.833]},"o":{"x":[0.167],"y":[0.167]},"t":0,"s":[0]},{"i":{"x":[0.833],"y":[0.833]},"o":{"x":[0.167],"y":[0.167]},"t":1.998,"s":[-3]},{"i":{"x":[0.833],"y":[0.833]},"o":{"x":[0.167],"y":[0.167]},"t":4.995,"s":[0]},{"i":{"x":[0.833],"y":[0.833]},"o":{"x":[0.167],"y":[0.167]},"t":6.993,"s":[3]},{"i":{"x":[0.833],"y":[0.833]},"o":{"x":[0.167],"y":[0.167]},"t":9.99,"s":[0]},{"i":{"x":[0.833],"y":[0.833]},"o":{"x":[0.167],"y":[0.167]},"t":11.988,"s":[-3]},{"i":{"x":[0.833],"y":[0.833]},"o":{"x":[0.167],"y":[0.167]},"t":13.986,"s":[0]},{"i":{"x":[0.833],"y":[0.833]},"o":{"x":[0.167],"y":[0.167]},"t":15.984,"s":[3]},{"i":{"x":[0.833],"y":[0.833]},"o":{"x":[0.167],"y":[0.167]},"t":19.98,"s":[0]},{"i":{"x":[0.833],"y":[0.833]},"o":{"x":[0.167],"y":[0.167]},"t":21.978,"s":[-3]},{"i":{"x":[0.833],"y":[0.833]},"o":{"x":[0.167],"y":[0.167]},"t":24.975,"s":[0]},{"i":{"x":[0.833],"y":[0.833]},"o":{"x":[0.167],"y":[0.167]},"t":26.973,"s":[3]},{"i":{"x":[0.833],"y":[0.833]},"o":{"x":[0.167],"y":[0.167]},"t":29.97,"s":[0]},{"i":{"x":[0.833],"y":[0.833]},"o":{"x":[0.167],"y":[0.167]},"t":31.968,"s":[-3]},{"i":{"x":[0.833],"y":[0.833]},"o":{"x":[0.167],"y":[0.167]},"t":33.966,"s":[0]},{"i":{"x":[0.833],"y":[0.833]},"o":{"x":[0.167],"y":[0.167]},"t":35.964,"s":[3]},{"i":{"x":[0.833],"y":[0.833]},"o":{"x":[0.167],"y":[0.167]},"t":39.96,"s":[0]},{"i":{"x":[0.833],"y":[0.833]},"o":{"x":[0.167],"y":[0.167]},"t":41.958,"s":[-3]},{"i":{"x":[0.833],"y":[0.833]},"o":{"x":[0.167],"y":[0.167]},"t":44.955,"s":[0]},{"i":{"x":[0.833],"y":[0.833]},"o":{"x":[0.167],"y":[0.167]},"t":46.953,"s":[3]},{"i":{"x":[0.833],"y":[0.833]},"o":{"x":[0.167],"y":[0.167]},"t":49.95,"s":[0]},{"i":{"x":[0.833],"y":[0.833]},"o":{"x":[0.167],"y":[0.167]},"t":51.948,"s":[-3]},{"i":{"x":[0.833],"y":[0.833]},"o":{"x":[0.167],"y":[0.167]},"t":53.946,"s":[0]},{"i":{"x":[0.833],"y":[0.833]},"o":{"x":[0.167],"y":[0.167]},"t":55.944,"s":[3]},{"i":{"x":[0.833],"y":[0.833]},"o":{"x":[0.167],"y":[0.167]},"t":59.94,"s":[0]},{"i":{"x":[0.833],"y":[0.833]},"o":{"x":[0.167],"y":[0.167]},"t":61.938,"s":[-3]},{"i":{"x":[0.833],"y":[0.833]},"o":{"x":[0.167],"y":[0.167]},"t":65,"s":[0]},{"i":{"x":[0.833],"y":[0.833]},"o":{"x":[0.167],"y":[0.167]},"t":67,"s":[3]},{"i":{"x":[0.833],"y":[0.833]},"o":{"x":[0.167],"y":[0.167]},"t":70,"s":[0]},{"i":{"x":[0.833],"y":[0.833]},"o":{"x":[0.167],"y":[0.167]},"t":72,"s":[-3]},{"i":{"x":[0.833],"y":[0.833]},"o":{"x":[0.167],"y":[0.167]},"t":74,"s":[0]},{"i":{"x":[0.833],"y":[0.833]},"o":{"x":[0.167],"y":[0.167]},"t":76,"s":[3]},{"t":80,"s":[0]}]},"p":{"a":0,"k":[32.952,33.363,0],"l":2},"a":{"a":0,"k":[56.726,-100.131,0],"l":2},"s":{"a":0,"k":[100,100,100],"l":2}},"shapes":[{"ty":"gr","nm":"G","bm":0,"it":[{"ty":"sh","nm":"P","ind":0,"ks":{"k":{"i":[[0,0],[0,0],[12.186,3.584],[0,0],[0,0],[-12.186,-3.584]],"o":[[0,0],[-3.584,12.186],[0,0],[0,0],[3.584,-12.186],[0,0]],"v":[[16.851,-9.191],[15.681,-5.214],[-12.874,10.361],[-16.851,9.191],[-15.681,5.214],[12.874,-10.361]],"c":true},"a":0}},{"ty":"fl","nm":"F","bm":0,"c":{"a":0,"k":[0.984313785329,0.749019607843,0.454901990704,1]},"o":{"a":0,"k":100},"r":1},{"ty":"tr","o":{"a":0,"k":100},"r":{"a":0,"k":0},"p":{"a":0,"k":[40.101,-91.006]},"a":{"a":0,"k":[0,0]},"s":{"a":0,"k":[100,100]},"nm":"T","sk":{"a":0,"k":0},"sa":{"a":0,"k":0}}]}],"ip":0,"op":301,"st":0,"parent":7},{"ind":7,"ty":4,"nm":"f","sr":1,"ks":{"o":{"a":0,"k":100},"r":{"a":1,"k":[{"i":{"x":[0.833],"y":[0.833]},"o":{"x":[0.167],"y":[0.167]},"t":0,"s":[0]},{"i":{"x":[0.833],"y":[0.833]},"o":{"x":[0.167],"y":[0.167]},"t":1.998,"s":[-3]},{"i":{"x":[0.833],"y":[0.833]},"o":{"x":[0.167],"y":[0.167]},"t":4.995,"s":[0]},{"i":{"x":[0.833],"y":[0.833]},"o":{"x":[0.167],"y":[0.167]},"t":6.993,"s":[3]},{"i":{"x":[0.833],"y":[0.833]},"o":{"x":[0.167],"y":[0.167]},"t":9.99,"s":[0]},{"i":{"x":[0.833],"y":[0.833]},"o":{"x":[0.167],"y":[0.167]},"t":11.988,"s":[-3]},{"i":{"x":[0.833],"y":[0.833]},"o":{"x":[0.167],"y":[0.167]},"t":13.986,"s":[0]},{"i":{"x":[0.833],"y":[0.833]},"o":{"x":[0.167],"y":[0.167]},"t":15.984,"s":[3]},{"i":{"x":[0.833],"y":[0.833]},"o":{"x":[0.167],"y":[0.167]},"t":19.98,"s":[0]},{"i":{"x":[0.833],"y":[0.833]},"o":{"x":[0.167],"y":[0.167]},"t":21.978,"s":[-3]},{"i":{"x":[0.833],"y":[0.833]},"o":{"x":[0.167],"y":[0.167]},"t":24.975,"s":[0]},{"i":{"x":[0.833],"y":[0.833]},"o":{"x":[0.167],"y":[0.167]},"t":26.973,"s":[3]},{"i":{"x":[0.833],"y":[0.833]},"o":{"x":[0.167],"y":[0.167]},"t":29.97,"s":[0]},{"i":{"x":[0.833],"y":[0.833]},"o":{"x":[0.167],"y":[0.167]},"t":31.968,"s":[-3]},{"i":{"x":[0.833],"y":[0.833]},"o":{"x":[0.167],"y":[0.167]},"t":33.966,"s":[0]},{"i":{"x":[0.833],"y":[0.833]},"o":{"x":[0.167],"y":[0.167]},"t":35.964,"s":[3]},{"i":{"x":[0.833],"y":[0.833]},"o":{"x":[0.167],"y":[0.167]},"t":39.96,"s":[0]},{"i":{"x":[0.833],"y":[0.833]},"o":{"x":[0.167],"y":[0.167]},"t":41.958,"s":[-3]},{"i":{"x":[0.833],"y":[0.833]},"o":{"x":[0.167],"y":[0.167]},"t":44.955,"s":[0]},{"i":{"x":[0.833],"y":[0.833]},"o":{"x":[0.167],"y":[0.167]},"t":46.953,"s":[3]},{"i":{"x":[0.833],"y":[0.833]},"o":{"x":[0.167],"y":[0.167]},"t":49.95,"s":[0]},{"i":{"x":[0.833],"y":[0.833]},"o":{"x":[0.167],"y":[0.167]},"t":51.948,"s":[-3]},{"i":{"x":[0.833],"y":[0.833]},"o":{"x":[0.167],"y":[0.167]},"t":53.946,"s":[0]},{"i":{"x":[0.833],"y":[0.833]},"o":{"x":[0.167],"y":[0.167]},"t":55.944,"s":[3]},{"i":{"x":[0.833],"y":[0.833]},"o":{"x":[0.167],"y":[0.167]},"t":59.94,"s":[0]},{"i":{"x":[0.833],"y":[0.833]},"o":{"x":[0.167],"y":[0.167]},"t":61.938,"s":[-3]},{"i":{"x":[0.833],"y":[0.833]},"o":{"x":[0.167],"y":[0.167]},"t":65,"s":[0]},{"i":{"x":[0.833],"y":[0.833]},"o":{"x":[0.167],"y":[0.167]},"t":67,"s":[3]},{"i":{"x":[0.833],"y":[0.833]},"o":{"x":[0.167],"y":[0.167]},"t":70,"s":[0]},{"i":{"x":[0.833],"y":[0.833]},"o":{"x":[0.167],"y":[0.167]},"t":72,"s":[-3]},{"i":{"x":[0.833],"y":[0.833]},"o":{"x":[0.167],"y":[0.167]},"t":74,"s":[0]},{"i":{"x":[0.833],"y":[0.833]},"o":{"x":[0.167],"y":[0.167]},"t":76,"s":[3]},{"t":80,"s":[0]}]},"p":{"a":0,"k":[273.481,24.685,0],"l":2},"a":{"a":0,"k":[57.625,579.457,0],"l":2},"s":{"a":0,"k":[100,100,100],"l":2}},"shapes":[{"ty":"gr","nm":"G","bm":0,"it":[{"ty":"sh","nm":"P","ind":0,"ks":{"k":{"i":[[0,-3.866],[3.866,0],[0,3.866],[-3.866,0]],"o":[[0,3.866],[-3.866,0],[0,-3.866],[3.866,0]],"v":[[7,0],[0,7],[-7,0],[0,-7]],"c":true},"a":0}},{"ty":"fl","nm":"F","bm":0,"c":{"a":0,"k":[0.752941236309,0.388235324037,0.145098039216,1]},"o":{"a":0,"k":100},"r":1},{"ty":"tr","o":{"a":0,"k":100},"r":{"a":0,"k":0},"p":{"a":0,"k":[87.601,560.494]},"a":{"a":0,"k":[0,0]},"s":{"a":0,"k":[100,100]},"nm":"T","sk":{"a":0,"k":0},"sa":{"a":0,"k":0}}]},{"ty":"gr","nm":"G","bm":0,"it":[{"ty":"sh","nm":"P","ind":0,"ks":{"k":{"i":[[0,-3.866],[3.866,0],[0,3.866],[-3.866,0]],"o":[[0,3.866],[-3.866,0],[0,-3.866],[3.866,0]],"v":[[7,0],[0,7],[-7,0],[0,-7]],"c":true},"a":0}},{"ty":"fl","nm":"F","bm":0,"c":{"a":0,"k":[0.752941236309,0.388235324037,0.145098039216,1]},"o":{"a":0,"k":100},"r":1},{"ty":"tr","o":{"a":0,"k":100},"r":{"a":0,"k":0},"p":{"a":0,"k":[40.601,517.494]},"a":{"a":0,"k":[0,0]},"s":{"a":0,"k":[100,100]},"nm":"T","sk":{"a":0,"k":0},"sa":{"a":0,"k":0}}]},{"ty":"gr","nm":"G","bm":0,"it":[{"ty":"sh","nm":"P","ind":0,"ks":{"k":{"i":[[0,-3.866],[3.866,0],[0,3.866],[-3.866,0]],"o":[[0,3.866],[-3.866,0],[0,-3.866],[3.866,0]],"v":[[7,0],[0,7],[-7,0],[0,-7]],"c":true},"a":0}},{"ty":"fl","nm":"F","bm":0,"c":{"a":0,"k":[0.752941236309,0.388235324037,0.145098039216,1]},"o":{"a":0,"k":100},"r":1},{"ty":"tr","o":{"a":0,"k":100},"r":{"a":0,"k":0},"p":{"a":0,"k":[89.601,473.494]},"a":{"a":0,"k":[0,0]},"s":{"a":0,"k":[100,100]},"nm":"T","sk":{"a":0,"k":0},"sa":{"a":0,"k":0}}]},{"ty":"gr","nm":"G","bm":0,"it":[{"ty":"sh","nm":"P","ind":0,"ks":{"k":{"i":[[0,-3.866],[3.866,0],[0,3.866],[-3.866,0]],"o":[[0,3.866],[-3.866,0],[0,-3.866],[3.866,0]],"v":[[7,0],[0,7],[-7,0],[0,-7]],"c":true},"a":0}},{"ty":"fl","nm":"F","bm":0,"c":{"a":0,"k":[0.752941236309,0.388235324037,0.145098039216,1]},"o":{"a":0,"k":100},"r":1},{"ty":"tr","o":{"a":0,"k":100},"r":{"a":0,"k":0},"p":{"a":0,"k":[42.601,434.494]},"a":{"a":0,"k":[0,0]},"s":{"a":0,"k":[100,100]},"nm":"T","sk":{"a":0,"k":0},"sa":{"a":0,"k":0}}]},{"ty":"gr","nm":"G","bm":0,"it":[{"ty":"sh","nm":"P","ind":0,"ks":{"k":{"i":[[0,-3.866],[3.866,0],[0,3.866],[-3.866,0]],"o":[[0,3.866],[-3.866,0],[0,-3.866],[3.866,0]],"v":[[7,0],[0,7],[-7,0],[0,-7]],"c":true},"a":0}},{"ty":"fl","nm":"F","bm":0,"c":{"a":0,"k":[0.752941236309,0.388235324037,0.145098039216,1]},"o":{"a":0,"k":100},"r":1},{"ty":"tr","o":{"a":0,"k":100},"r":{"a":0,"k":0},"p":{"a":0,"k":[89.601,382.494]},"a":{"a":0,"k":[0,0]},"s":{"a":0,"k":[100,100]},"nm":"T","sk":{"a":0,"k":0},"sa":{"a":0,"k":0}}]},{"ty":"gr","nm":"G","bm":0,"it":[{"ty":"sh","nm":"P","ind":0,"ks":{"k":{"i":[[0,-3.866],[3.866,0],[0,3.866],[-3.866,0]],"o":[[0,3.866],[-3.866,0],[0,-3.866],[3.866,0]],"v":[[7,0],[0,7],[-7,0],[0,-7]],"c":true},"a":0}},{"ty":"fl","nm":"F","bm":0,"c":{"a":0,"k":[0.752941236309,0.388235324037,0.145098039216,1]},"o":{"a":0,"k":100},"r":1},{"ty":"tr","o":{"a":0,"k":100},"r":{"a":0,"k":0},"p":{"a":0,"k":[44.601,351.494]},"a":{"a":0,"k":[0,0]},"s":{"a":0,"k":[100,100]},"nm":"T","sk":{"a":0,"k":0},"sa":{"a":0,"k":0}}]},{"ty":"gr","nm":"G","bm":0,"it":[{"ty":"sh","nm":"P","ind":0,"ks":{"k":{"i":[[0,-3.866],[3.866,0],[0,3.866],[-3.866,0]],"o":[[0,3.866],[-3.866,0],[0,-3.866],[3.866,0]],"v":[[7,0],[0,7],[-7,0],[0,-7]],"c":true},"a":0}},{"ty":"fl","nm":"F","bm":0,"c":{"a":0,"k":[0.752941236309,0.388235324037,0.145098039216,1]},"o":{"a":0,"k":100},"r":1},{"ty":"tr","o":{"a":0,"k":100},"r":{"a":0,"k":0},"p":{"a":0,"k":[92.601,294.494]},"a":{"a":0,"k":[0,0]},"s":{"a":0,"k":[100,100]},"nm":"T","sk":{"a":0,"k":0},"sa":{"a":0,"k":0}}]},{"ty":"gr","nm":"G","bm":0,"it":[{"ty":"sh","nm":"P","ind":0,"ks":{"k":{"i":[[0,-3.866],[3.866,0],[0,3.866],[-3.866,0]],"o":[[0,3.866],[-3.866,0],[0,-3.866],[3.866,0]],"v":[[7,0],[0,7],[-7,0],[0,-7]],"c":true},"a":0}},{"ty":"fl","nm":"F","bm":0,"c":{"a":0,"k":[0.752941236309,0.388235324037,0.145098039216,1]},"o":{"a":0,"k":100},"r":1},{"ty":"tr","o":{"a":0,"k":100},"r":{"a":0,"k":0},"p":{"a":0,"k":[45.601,262.494]},"a":{"a":0,"k":[0,0]},"s":{"a":0,"k":[100,100]},"nm":"T","sk":{"a":0,"k":0},"sa":{"a":0,"k":0}}]},{"ty":"gr","nm":"G","bm":0,"it":[{"ty":"sh","nm":"P","ind":0,"ks":{"k":{"i":[[0,-3.866],[3.866,0],[0,3.866],[-3.866,0]],"o":[[0,3.866],[-3.866,0],[0,-3.866],[3.866,0]],"v":[[7,0],[0,7],[-7,0],[0,-7]],"c":true},"a":0}},{"ty":"fl","nm":"F","bm":0,"c":{"a":0,"k":[0.752941236309,0.388235324037,0.145098039216,1]},"o":{"a":0,"k":100},"r":1},{"ty":"tr","o":{"a":0,"k":100},"r":{"a":0,"k":0},"p":{"a":0,"k":[94.601,211.494]},"a":{"a":0,"k":[0,0]},"s":{"a":0,"k":[100,100]},"nm":"T","sk":{"a":0,"k":0},"sa":{"a":0,"k":0}}]},{"ty":"gr","nm":"G","bm":0,"it":[{"ty":"sh","nm":"P","ind":0,"ks":{"k":{"i":[[0,-3.866],[3.866,0],[0,3.866],[-3.866,0]],"o":[[0,3.866],[-3.866,0],[0,-3.866],[3.866,0]],"v":[[7,0],[0,7],[-7,0],[0,-7]],"c":true},"a":0}},{"ty":"fl","nm":"F","bm":0,"c":{"a":0,"k":[0.752941236309,0.388235324037,0.145098039216,1]},"o":{"a":0,"k":100},"r":1},{"ty":"tr","o":{"a":0,"k":100},"r":{"a":0,"k":0},"p":{"a":0,"k":[49.601,161.494]},"a":{"a":0,"k":[0,0]},"s":{"a":0,"k":[100,100]},"nm":"T","sk":{"a":0,"k":0},"sa":{"a":0,"k":0}}]},{"ty":"gr","nm":"G","bm":0,"it":[{"ty":"sh","nm":"P","ind":0,"ks":{"k":{"i":[[0,-3.866],[3.866,0],[0,3.866],[-3.866,0]],"o":[[0,3.866],[-3.866,0],[0,-3.866],[3.866,0]],"v":[[7,0],[0,7],[-7,0],[0,-7]],"c":true},"a":0}},{"ty":"fl","nm":"F","bm":0,"c":{"a":0,"k":[0.752941236309,0.388235324037,0.145098039216,1]},"o":{"a":0,"k":100},"r":1},{"ty":"tr","o":{"a":0,"k":100},"r":{"a":0,"k":0},"p":{"a":0,"k":[92.601,120.494]},"a":{"a":0,"k":[0,0]},"s":{"a":0,"k":[100,100]},"nm":"T","sk":{"a":0,"k":0},"sa":{"a":0,"k":0}}]},{"ty":"gr","nm":"G","bm":0,"it":[{"ty":"sh","nm":"P","ind":0,"ks":{"k":{"i":[[8.832,0.174],[0,0],[0,0],[0,0],[0.173,-8.832]],"o":[[0,0],[0,0],[0,0],[8.831,0.173],[-0.174,8.832]],"v":[[-7.159,15.925],[-9.32,15.883],[-8.691,-16.099],[-6.53,-16.057],[9.147,0.249]],"c":true},"a":0}},{"ty":"fl","nm":"F","bm":0,"c":{"a":0,"k":[0.752941236309,0.388235324037,0.145098039216,1]},"o":{"a":0,"k":100},"r":1},{"ty":"tr","o":{"a":0,"k":100},"r":{"a":0,"k":0},"p":{"a":0,"k":[39.451,553.419]},"a":{"a":0,"k":[0,0]},"s":{"a":0,"k":[100,100]},"nm":"T","sk":{"a":0,"k":0},"sa":{"a":0,"k":0}}]},{"ty":"gr","nm":"G","bm":0,"it":[{"ty":"sh","nm":"P","ind":0,"ks":{"k":{"i":[[0,0],[0,0],[-0.173,8.832],[-8.832,-0.174],[0,0]],"o":[[0,0],[-8.832,-0.174],[0.174,-8.832],[0,0],[0,0]],"v":[[8.691,16.099],[6.53,16.057],[-9.147,-0.249],[7.159,-15.926],[9.32,-15.883]],"c":true},"a":0}},{"ty":"fl","nm":"F","bm":0,"c":{"a":0,"k":[0.752941236309,0.388235324037,0.145098039216,1]},"o":{"a":0,"k":100},"r":1},{"ty":"tr","o":{"a":0,"k":100},"r":{"a":0,"k":0},"p":{"a":0,"k":[86.592,518.56]},"a":{"a":0,"k":[0,0]},"s":{"a":0,"k":[100,100]},"nm":"T","sk":{"a":0,"k":0},"sa":{"a":0,"k":0}}]},{"ty":"gr","nm":"G","bm":0,"it":[{"ty":"sh","nm":"P","ind":0,"ks":{"k":{"i":[[8.832,0.174],[0,0],[0,0],[0,0],[0.173,-8.832]],"o":[[0,0],[0,0],[0,0],[8.831,0.173],[-0.174,8.832]],"v":[[-7.159,15.925],[-9.32,15.883],[-8.691,-16.1],[-6.53,-16.057],[9.147,0.249]],"c":true},"a":0}},{"ty":"fl","nm":"F","bm":0,"c":{"a":0,"k":[0.752941236309,0.388235324037,0.145098039216,1]},"o":{"a":0,"k":100},"r":1},{"ty":"tr","o":{"a":0,"k":100},"r":{"a":0,"k":0},"p":{"a":0,"k":[40.451,477.419]},"a":{"a":0,"k":[0,0]},"s":{"a":0,"k":[100,100]},"nm":"T","sk":{"a":0,"k":0},"sa":{"a":0,"k":0}}]},{"ty":"gr","nm":"G","bm":0,"it":[{"ty":"sh","nm":"P","ind":0,"ks":{"k":{"i":[[0,0],[0,0],[-0.173,8.832],[-8.832,-0.174],[0,0]],"o":[[0,0],[-8.832,-0.174],[0.174,-8.832],[0,0],[0,0]],"v":[[8.691,16.099],[6.53,16.057],[-9.147,-0.249],[7.159,-15.926],[9.32,-15.883]],"c":true},"a":0}},{"ty":"fl","nm":"F","bm":0,"c":{"a":0,"k":[0.752941236309,0.388235324037,0.145098039216,1]},"o":{"a":0,"k":100},"r":1},{"ty":"tr","o":{"a":0,"k":100},"r":{"a":0,"k":0},"p":{"a":0,"k":[88.592,427.56]},"a":{"a":0,"k":[0,0]},"s":{"a":0,"k":[100,100]},"nm":"T","sk":{"a":0,"k":0},"sa":{"a":0,"k":0}}]},{"ty":"gr","nm":"G","bm":0,"it":[{"ty":"sh","nm":"P","ind":0,"ks":{"k":{"i":[[8.832,0.174],[0,0],[0,0],[0,0],[0.173,-8.832]],"o":[[0,0],[0,0],[0,0],[8.831,0.173],[-0.174,8.832]],"v":[[-7.159,15.925],[-9.32,15.883],[-8.691,-16.099],[-6.53,-16.057],[9.147,0.249]],"c":true},"a":0}},{"ty":"fl","nm":"F","bm":0,"c":{"a":0,"k":[0.752941236309,0.388235324037,0.145098039216,1]},"o":{"a":0,"k":100},"r":1},{"ty":"tr","o":{"a":0,"k":100},"r":{"a":0,"k":0},"p":{"a":0,"k":[42.451,388.419]},"a":{"a":0,"k":[0,0]},"s":{"a":0,"k":[100,100]},"nm":"T","sk":{"a":0,"k":0},"sa":{"a":0,"k":0}}]},{"ty":"gr","nm":"G","bm":0,"it":[{"ty":"sh","nm":"P","ind":0,"ks":{"k":{"i":[[0,0],[0,0],[-0.173,8.832],[-8.832,-0.174],[0,0]],"o":[[0,0],[-8.832,-0.173],[0.174,-8.832],[0,0],[0,0]],"v":[[8.691,16.099],[6.53,16.057],[-9.147,-0.248],[7.159,-15.925],[9.32,-15.883]],"c":true},"a":0}},{"ty":"fl","nm":"F","bm":0,"c":{"a":0,"k":[0.752941236309,0.388235324037,0.145098039216,1]},"o":{"a":0,"k":100},"r":1},{"ty":"tr","o":{"a":0,"k":100},"r":{"a":0,"k":0},"p":{"a":0,"k":[90.592,340.56]},"a":{"a":0,"k":[0,0]},"s":{"a":0,"k":[100,100]},"nm":"T","sk":{"a":0,"k":0},"sa":{"a":0,"k":0}}]},{"ty":"gr","nm":"G","bm":0,"it":[{"ty":"sh","nm":"P","ind":0,"ks":{"k":{"i":[[8.832,0.174],[0,0],[0,0],[0,0],[0.173,-8.832]],"o":[[0,0],[0,0],[0,0],[8.831,0.173],[-0.174,8.832]],"v":[[-7.159,15.925],[-9.32,15.883],[-8.691,-16.099],[-6.53,-16.057],[9.147,0.249]],"c":true},"a":0}},{"ty":"fl","nm":"F","bm":0,"c":{"a":0,"k":[0.752941236309,0.388235324037,0.145098039216,1]},"o":{"a":0,"k":100},"r":1},{"ty":"tr","o":{"a":0,"k":100},"r":{"a":0,"k":0},"p":{"a":0,"k":[44.451,308.419]},"a":{"a":0,"k":[0,0]},"s":{"a":0,"k":[100,100]},"nm":"T","sk":{"a":0,"k":0},"sa":{"a":0,"k":0}}]},{"ty":"gr","nm":"G","bm":0,"it":[{"ty":"sh","nm":"P","ind":0,"ks":{"k":{"i":[[0,0],[0,0],[-0.173,8.832],[-8.832,-0.174],[0,0]],"o":[[0,0],[-8.832,-0.173],[0.174,-8.832],[0,0],[0,0]],"v":[[8.691,16.099],[6.53,16.057],[-9.147,-0.248],[7.159,-15.925],[9.32,-15.883]],"c":true},"a":0}},{"ty":"fl","nm":"F","bm":0,"c":{"a":0,"k":[0.752941236309,0.388235324037,0.145098039216,1]},"o":{"a":0,"k":100},"r":1},{"ty":"tr","o":{"a":0,"k":100},"r":{"a":0,"k":0},"p":{"a":0,"k":[91.592,251.56]},"a":{"a":0,"k":[0,0]},"s":{"a":0,"k":[100,100]},"nm":"T","sk":{"a":0,"k":0},"sa":{"a":0,"k":0}}]},{"ty":"gr","nm":"G","bm":0,"it":[{"ty":"sh","nm":"P","ind":0,"ks":{"k":{"i":[[8.832,0.174],[0,0],[0,0],[0,0],[0.173,-8.832]],"o":[[0,0],[0,0],[0,0],[8.831,0.173],[-0.174,8.832]],"v":[[-7.159,15.925],[-9.32,15.883],[-8.691,-16.099],[-6.53,-16.057],[9.147,0.249]],"c":true},"a":0}},{"ty":"fl","nm":"F","bm":0,"c":{"a":0,"k":[0.752941236309,0.388235324037,0.145098039216,1]},"o":{"a":0,"k":100},"r":1},{"ty":"tr","o":{"a":0,"k":100},"r":{"a":0,"k":0},"p":{"a":0,"k":[46.451,209.419]},"a":{"a":0,"k":[0,0]},"s":{"a":0,"k":[100,100]},"nm":"T","sk":{"a":0,"k":0},"sa":{"a":0,"k":0}}]},{"ty":"gr","nm":"G","bm":0,"it":[{"ty":"sh","nm":"P","ind":0,"ks":{"k":{"i":[[8.832,0.174],[0,0],[0,0],[0,0],[0.173,-8.832]],"o":[[0,0],[0,0],[0,0],[8.831,0.173],[-0.174,8.832]],"v":[[-7.159,15.925],[-9.32,15.883],[-8.691,-16.099],[-6.53,-16.057],[9.147,0.249]],"c":true},"a":0}},{"ty":"fl","nm":"F","bm":0,"c":{"a":0,"k":[0.752941236309,0.388235324037,0.145098039216,1]},"o":{"a":0,"k":100},"r":1},{"ty":"tr","o":{"a":0,"k":100},"r":{"a":0,"k":0},"p":{"a":0,"k":[48.451,113.419]},"a":{"a":0,"k":[0,0]},"s":{"a":0,"k":[100,100]},"nm":"T","sk":{"a":0,"k":0},"sa":{"a":0,"k":0}}]},{"ty":"gr","nm":"G","bm":0,"it":[{"ty":"sh","nm":"P","ind":0,"ks":{"k":{"i":[[0,0],[0,0],[-0.173,8.832],[-8.832,-0.174],[0,0]],"o":[[0,0],[-8.832,-0.173],[0.174,-8.832],[0,0],[0,0]],"v":[[8.691,16.099],[6.53,16.057],[-9.147,-0.248],[7.159,-15.925],[9.32,-15.883]],"c":true},"a":0}},{"ty":"fl","nm":"F","bm":0,"c":{"a":0,"k":[0.752941236309,0.388235324037,0.145098039216,1]},"o":{"a":0,"k":100},"r":1},{"ty":"tr","o":{"a":0,"k":100},"r":{"a":0,"k":0},"p":{"a":0,"k":[93.592,167.56]},"a":{"a":0,"k":[0,0]},"s":{"a":0,"k":[100,100]},"nm":"T","sk":{"a":0,"k":0},"sa":{"a":0,"k":0}}]},{"ty":"gr","nm":"G","bm":0,"it":[{"ty":"sh","nm":"P","ind":0,"ks":{"k":{"i":[[0,0],[0,0]],"o":[[0,0],[0,0]],"v":[[9,1.959],[-9,-1.959]],"c":false},"a":0}},{"ty":"st","nm":"S","bm":0,"lc":2,"lj":1,"ml":10,"o":{"a":0,"k":100},"w":{"a":0,"k":4},"c":{"a":0,"k":[0.980392216701,0.749019607843,0.462745127958,1]}},{"ty":"tr","o":{"a":0,"k":100},"r":{"a":0,"k":0},"p":{"a":0,"k":[39.601,35.453]},"a":{"a":0,"k":[0,0]},"s":{"a":0,"k":[100,100]},"nm":"T","sk":{"a":0,"k":0},"sa":{"a":0,"k":0}}]},{"ty":"gr","nm":"G","bm":0,"it":[{"ty":"sh","nm":"P","ind":0,"ks":{"k":{"i":[[17.666,0.347],[0,0],[-0.347,17.666],[0,0],[-9.564,-0.188],[0.347,-17.667],[0,0]],"o":[[0,0],[-17.666,-0.347],[0,0],[0.245,-12.492],[17.666,0.347],[0,0],[-0.347,17.667]],"v":[[-6.003,305.294],[-6.003,305.294],[-37.362,272.678],[-26.612,-274.094],[6.004,-305.453],[37.363,-272.836],[26.613,273.935]],"c":true},"a":0}},{"ty":"fl","nm":"F","bm":0,"c":{"a":0,"k":[0.980392216701,0.752941236309,0.454901990704,1]},"o":{"a":0,"k":100},"r":1},{"ty":"tr","o":{"a":0,"k":100},"r":{"a":0,"k":0},"p":{"a":0,"k":[67.612,309.023]},"a":{"a":0,"k":[0,0]},"s":{"a":0,"k":[100,100]},"nm":"T","sk":{"a":0,"k":0},"sa":{"a":0,"k":0}}]}],"ip":0,"op":301,"st":0,"parent":8},{"ind":8,"ty":4,"nm":"b","sr":1,"ks":{"o":{"a":0,"k":100},"r":{"a":0,"k":0},"p":{"k":[{"i":{"x":0.833,"y":0.833},"o":{"x":0.167,"y":0.167},"t":0,"s":[606.791,757.706,0],"ti":[0,0,0],"to":[0,4.833,0]},{"i":{"x":0.833,"y":0.833},"o":{"x":0.167,"y":0.167},"t":4.995,"s":[606.791,786.706,0],"ti":[0,0.333,0],"to":[0,0,0]},{"i":{"x":0.833,"y":0.833},"o":{"x":0.167,"y":0.167},"t":9.99,"s":[606.791,760.706,0],"ti":[0,0,0],"to":[0,-0.333,0]},{"i":{"x":0.833,"y":0.833},"o":{"x":0.167,"y":0.167},"t":13.986,"s":[606.791,784.706,0],"ti":[0,4,0],"to":[0,0,0]},{"i":{"x":0.833,"y":0.833},"o":{"x":0.167,"y":0.167},"t":17.983,"s":[606.791,763.706,0],"ti":[0,-3.833,0],"to":[0,-4,0]},{"i":{"x":0.833,"y":0.833},"o":{"x":0.167,"y":0.167},"t":19.98,"s":[606.791,757.706,0],"ti":[0,0,0],"to":[0,3.833,0]},{"i":{"x":0.833,"y":0.833},"o":{"x":0.167,"y":0.167},"t":24.975,"s":[606.791,786.706,0],"ti":[0,0.333,0],"to":[0,0,0]},{"i":{"x":0.833,"y":0.833},"o":{"x":0.167,"y":0.167},"t":29.97,"s":[606.791,760.706,0],"ti":[0,0,0],"to":[0,-0.333,0]},{"i":{"x":0.833,"y":0.833},"o":{"x":0.167,"y":0.167},"t":33.966,"s":[606.791,784.706,0],"ti":[0,4,0],"to":[0,0,0]},{"i":{"x":0.833,"y":0.833},"o":{"x":0.167,"y":0.167},"t":37.963,"s":[606.791,763.706,0],"ti":[0,-3.833,0],"to":[0,-4,0]},{"i":{"x":0.833,"y":0.833},"o":{"x":0.167,"y":0.167},"t":39.96,"s":[606.791,757.706,0],"ti":[0,0,0],"to":[0,3.833,0]},{"i":{"x":0.833,"y":0.833},"o":{"x":0.167,"y":0.167},"t":44.955,"s":[606.791,786.706,0],"ti":[0,0.333,0],"to":[0,0,0]},{"i":{"x":0.833,"y":0.833},"o":{"x":0.167,"y":0.167},"t":49.95,"s":[606.791,760.706,0],"ti":[0,0,0],"to":[0,-0.333,0]},{"i":{"x":0.833,"y":0.833},"o":{"x":0.167,"y":0.167},"t":53.946,"s":[606.791,784.706,0],"ti":[0,4,0],"to":[0,0,0]},{"i":{"x":0.833,"y":0.833},"o":{"x":0.167,"y":0.167},"t":57.943,"s":[606.791,763.706,0],"ti":[0,-3.833,0],"to":[0,-4,0]},{"i":{"x":0.833,"y":0.833},"o":{"x":0.167,"y":0.167},"t":59.94,"s":[606.791,757.706,0],"ti":[0,0,0],"to":[0,3.833,0]},{"i":{"x":0.833,"y":0.833},"o":{"x":0.167,"y":0.167},"t":65,"s":[606.791,786.706,0],"ti":[0,0.333,0],"to":[0,0,0]},{"i":{"x":0.833,"y":0.833},"o":{"x":0.167,"y":0.167},"t":70,"s":[606.791,760.706,0],"ti":[0,0,0],"to":[0,-0.333,0]},{"i":{"x":0.833,"y":0.833},"o":{"x":0.167,"y":0.167},"t":73.926,"s":[606.791,784.706,0],"ti":[0,4,0],"to":[0,0,0]},{"i":{"x":0.833,"y":0.833},"o":{"x":0.167,"y":0.167},"t":77.923,"s":[606.791,763.706,0],"ti":[0,1,0],"to":[0,-4,0]},{"t":80,"s":[606.791,757.706,0]}],"a":1,"l":2},"a":{"a":0,"k":[155.247,72.427,0],"l":2},"s":{"a":0,"k":[100,100,100],"l":2}},"shapes":[{"ty":"gr","nm":"G","bm":0,"it":[{"ty":"sh","nm":"P","ind":0,"ks":{"k":{"i":[[39.56,0.777],[0,0],[-0.778,39.56],[0,0],[-2.642,-0.052],[0,0],[0.059,-2.997],[0,0]],"o":[[0,0],[-39.56,-0.779],[0,0],[0.052,-2.643],[0,0],[2.997,0.06],[0,0],[-0.778,39.56]],"v":[[80.684,71.4],[-83.999,68.163],[-154.22,-4.875],[-152.99,-67.434],[-148.111,-72.125],[150.368,-66.022],[155.688,-60.488],[153.721,1.179]],"c":true},"a":0}},{"ty":"fl","nm":"F","bm":0,"c":{"a":0,"k":[0.980392216701,0.752941236309,0.454901990704,1]},"o":{"a":0,"k":100},"r":1},{"ty":"tr","o":{"a":0,"k":100},"r":{"a":0,"k":0},"p":{"a":0,"k":[155.247,72.427]},"a":{"a":0,"k":[0,0]},"s":{"a":0,"k":[100,100]},"nm":"T","sk":{"a":0,"k":0},"sa":{"a":0,"k":0}}]}],"ip":0,"op":299.7,"st":0},{"ind":9,"ty":4,"nm":"f","sr":1,"ks":{"o":{"a":0,"k":100},"r":{"a":0,"k":0},"p":{"a":0,"k":[245.965,91.221,0],"l":2},"a":{"a":0,"k":[147.509,92.5,0],"l":2},"s":{"a":0,"k":[100,100,100],"l":2}},"shapes":[{"ty":"gr","nm":"G","bm":0,"it":[{"ty":"sh","nm":"P","ind":0,"ks":{"k":[{"i":{"x":0.833,"y":0.833},"o":{"x":0.167,"y":0.167},"t":0,"s":[{"i":[[0,0],[57,7]],"o":[[0,0],[0,0]],"v":[[26.5,-50.5],[-28.5,43.5]],"c":false}]},{"i":{"x":0.833,"y":0.833},"o":{"x":0.167,"y":0.167},"t":4.995,"s":[{"i":[[0,0],[59,-8.5]],"o":[[0,0],[0,0]],"v":[[26.5,-50.5],[30,28]],"c":false}]},{"i":{"x":0.833,"y":0.833},"o":{"x":0.167,"y":0.167},"t":6.993,"s":[{"i":[[0,0],[30.5,-33.5]],"o":[[0,0],[0,0]],"v":[[26.5,-50.5],[53.5,29]],"c":false}]},{"i":{"x":0.833,"y":0.833},"o":{"x":0.167,"y":0.167},"t":7.993,"s":[{"i":[[0,0],[13.5,-39]],"o":[[0,0],[0,0]],"v":[[26.5,-50.5],[63,23.5]],"c":false}]},{"i":{"x":0.833,"y":0.833},"o":{"x":0.167,"y":0.167},"t":8.991,"s":[{"i":[[0,0],[-22,-40.5]],"o":[[0,0],[0,0]],"v":[[26.5,-50.5],[75.5,35.5]],"c":false}]},{"i":{"x":0.833,"y":0.833},"o":{"x":0.167,"y":0.167},"t":9.99,"s":[{"i":[[0,0],[-44,-28.5]],"o":[[0,0],[0,0]],"v":[[26.5,-50.5],[79,40.5]],"c":false}]},{"i":{"x":0.833,"y":0.833},"o":{"x":0.167,"y":0.167},"t":11.988,"s":[{"i":[[0,0],[-39,-35]],"o":[[0,0],[0,0]],"v":[[26.5,-50.5],[58,49]],"c":false}]},{"i":{"x":0.833,"y":0.833},"o":{"x":0.167,"y":0.167},"t":13.986,"s":[{"i":[[0,0],[-7.25,-39]],"o":[[0,0],[0,0]],"v":[[26.5,-50.5],[34.75,47]],"c":false}]},{"i":{"x":0.833,"y":0.833},"o":{"x":0.167,"y":0.167},"t":15.984,"s":[{"i":[[0,0],[25.25,-29]],"o":[[0,0],[0,0]],"v":[[26.5,-50.5],[15.75,45.5]],"c":false}]},{"i":{"x":0.833,"y":0.833},"o":{"x":0.167,"y":0.167},"t":17.983,"s":[{"i":[[0,0],[45.25,-15.5]],"o":[[0,0],[0,0]],"v":[[26.5,-50.5],[-5.25,41]],"c":false}]},{"i":{"x":0.833,"y":0.833},"o":{"x":0.167,"y":0.167},"t":19.98,"s":[{"i":[[0,0],[57,7]],"o":[[0,0],[0,0]],"v":[[26.5,-50.5],[-28.5,43.5]],"c":false}]},{"i":{"x":0.833,"y":0.833},"o":{"x":0.167,"y":0.167},"t":24.975,"s":[{"i":[[0,0],[59,-8.5]],"o":[[0,0],[0,0]],"v":[[26.5,-50.5],[30,28]],"c":false}]},{"i":{"x":0.833,"y":0.833},"o":{"x":0.167,"y":0.167},"t":26.973,"s":[{"i":[[0,0],[30.5,-33.5]],"o":[[0,0],[0,0]],"v":[[26.5,-50.5],[53.5,29]],"c":false}]},{"i":{"x":0.833,"y":0.833},"o":{"x":0.167,"y":0.167},"t":27.973,"s":[{"i":[[0,0],[13.5,-39]],"o":[[0,0],[0,0]],"v":[[26.5,-50.5],[63,23.5]],"c":false}]},{"i":{"x":0.833,"y":0.833},"o":{"x":0.167,"y":0.167},"t":28.971,"s":[{"i":[[0,0],[-22,-40.5]],"o":[[0,0],[0,0]],"v":[[26.5,-50.5],[75.5,35.5]],"c":false}]},{"i":{"x":0.833,"y":0.833},"o":{"x":0.167,"y":0.167},"t":29.97,"s":[{"i":[[0,0],[-44,-28.5]],"o":[[0,0],[0,0]],"v":[[26.5,-50.5],[79,40.5]],"c":false}]},{"i":{"x":0.833,"y":0.833},"o":{"x":0.167,"y":0.167},"t":31.968,"s":[{"i":[[0,0],[-39,-35]],"o":[[0,0],[0,0]],"v":[[26.5,-50.5],[58,49]],"c":false}]},{"i":{"x":0.833,"y":0.833},"o":{"x":0.167,"y":0.167},"t":33.966,"s":[{"i":[[0,0],[-7.25,-39]],"o":[[0,0],[0,0]],"v":[[26.5,-50.5],[34.75,47]],"c":false}]},{"i":{"x":0.833,"y":0.833},"o":{"x":0.167,"y":0.167},"t":35.964,"s":[{"i":[[0,0],[25.25,-29]],"o":[[0,0],[0,0]],"v":[[26.5,-50.5],[15.75,45.5]],"c":false}]},{"i":{"x":0.833,"y":0.833},"o":{"x":0.167,"y":0.167},"t":37.963,"s":[{"i":[[0,0],[45.25,-15.5]],"o":[[0,0],[0,0]],"v":[[26.5,-50.5],[-5.25,41]],"c":false}]},{"i":{"x":0.833,"y":0.833},"o":{"x":0.167,"y":0.167},"t":39.96,"s":[{"i":[[0,0],[57,7]],"o":[[0,0],[0,0]],"v":[[26.5,-50.5],[-28.5,43.5]],"c":false}]},{"i":{"x":0.833,"y":0.833},"o":{"x":0.167,"y":0.167},"t":44.955,"s":[{"i":[[0,0],[59,-8.5]],"o":[[0,0],[0,0]],"v":[[26.5,-50.5],[30,28]],"c":false}]},{"i":{"x":0.833,"y":0.833},"o":{"x":0.167,"y":0.167},"t":46.953,"s":[{"i":[[0,0],[30.5,-33.5]],"o":[[0,0],[0,0]],"v":[[26.5,-50.5],[53.5,29]],"c":false}]},{"i":{"x":0.833,"y":0.833},"o":{"x":0.167,"y":0.167},"t":47.953,"s":[{"i":[[0,0],[13.5,-39]],"o":[[0,0],[0,0]],"v":[[26.5,-50.5],[63,23.5]],"c":false}]},{"i":{"x":0.833,"y":0.833},"o":{"x":0.167,"y":0.167},"t":48.951,"s":[{"i":[[0,0],[-22,-40.5]],"o":[[0,0],[0,0]],"v":[[26.5,-50.5],[75.5,35.5]],"c":false}]},{"i":{"x":0.833,"y":0.833},"o":{"x":0.167,"y":0.167},"t":49.95,"s":[{"i":[[0,0],[-44,-28.5]],"o":[[0,0],[0,0]],"v":[[26.5,-50.5],[79,40.5]],"c":false}]},{"i":{"x":0.833,"y":0.833},"o":{"x":0.167,"y":0.167},"t":51.948,"s":[{"i":[[0,0],[-39,-35]],"o":[[0,0],[0,0]],"v":[[26.5,-50.5],[58,49]],"c":false}]},{"i":{"x":0.833,"y":0.833},"o":{"x":0.167,"y":0.167},"t":53.946,"s":[{"i":[[0,0],[-7.25,-39]],"o":[[0,0],[0,0]],"v":[[26.5,-50.5],[34.75,47]],"c":false}]},{"i":{"x":0.833,"y":0.833},"o":{"x":0.167,"y":0.167},"t":55.944,"s":[{"i":[[0,0],[25.25,-29]],"o":[[0,0],[0,0]],"v":[[26.5,-50.5],[15.75,45.5]],"c":false}]},{"i":{"x":0.833,"y":0.833},"o":{"x":0.167,"y":0.167},"t":57.943,"s":[{"i":[[0,0],[45.25,-15.5]],"o":[[0,0],[0,0]],"v":[[26.5,-50.5],[-5.25,41]],"c":false}]},{"i":{"x":0.833,"y":0.833},"o":{"x":0.167,"y":0.167},"t":59.94,"s":[{"i":[[0,0],[57,7]],"o":[[0,0],[0,0]],"v":[[26.5,-50.5],[-28.5,43.5]],"c":false}]},{"i":{"x":0.833,"y":0.833},"o":{"x":0.167,"y":0.167},"t":64.935,"s":[{"i":[[0,0],[59,-8.5]],"o":[[0,0],[0,0]],"v":[[26.5,-50.5],[30,28]],"c":false}]},{"i":{"x":0.833,"y":0.833},"o":{"x":0.167,"y":0.167},"t":66.933,"s":[{"i":[[0,0],[30.5,-33.5]],"o":[[0,0],[0,0]],"v":[[26.5,-50.5],[53.5,29]],"c":false}]},{"i":{"x":0.833,"y":0.833},"o":{"x":0.167,"y":0.167},"t":67.933,"s":[{"i":[[0,0],[13.5,-39]],"o":[[0,0],[0,0]],"v":[[26.5,-50.5],[63,23.5]],"c":false}]},{"i":{"x":0.833,"y":0.833},"o":{"x":0.167,"y":0.167},"t":68.931,"s":[{"i":[[0,0],[-22,-40.5]],"o":[[0,0],[0,0]],"v":[[26.5,-50.5],[75.5,35.5]],"c":false}]},{"i":{"x":0.833,"y":0.833},"o":{"x":0.167,"y":0.167},"t":69.93,"s":[{"i":[[0,0],[-44,-28.5]],"o":[[0,0],[0,0]],"v":[[26.5,-50.5],[79,40.5]],"c":false}]},{"i":{"x":0.833,"y":0.833},"o":{"x":0.167,"y":0.167},"t":71.928,"s":[{"i":[[0,0],[-39,-35]],"o":[[0,0],[0,0]],"v":[[26.5,-50.5],[58,49]],"c":false}]},{"i":{"x":0.833,"y":0.833},"o":{"x":0.167,"y":0.167},"t":73.926,"s":[{"i":[[0,0],[-7.25,-39]],"o":[[0,0],[0,0]],"v":[[26.5,-50.5],[34.75,47]],"c":false}]},{"i":{"x":0.833,"y":0.833},"o":{"x":0.167,"y":0.167},"t":75.924,"s":[{"i":[[0,0],[25.25,-29]],"o":[[0,0],[0,0]],"v":[[26.5,-50.5],[15.75,45.5]],"c":false}]},{"i":{"x":0.833,"y":0.833},"o":{"x":0.167,"y":0.167},"t":77.923,"s":[{"i":[[0,0],[45.25,-15.5]],"o":[[0,0],[0,0]],"v":[[26.5,-50.5],[-5.25,41]],"c":false}]},{"t":79.92,"s":[{"i":[[0,0],[57,7]],"o":[[0,0],[0,0]],"v":[[26.5,-50.5],[-28.5,43.5]],"c":false}]}],"a":1}},{"ty":"st","nm":"S","bm":0,"lc":2,"lj":1,"ml":10,"o":{"a":0,"k":100},"w":{"a":0,"k":30},"c":{"a":0,"k":[0.866351617551,0.549761903052,0.27486632104,1]}},{"ty":"tr","o":{"a":0,"k":100},"r":{"a":0,"k":0},"p":{"a":0,"k":[121,143]},"a":{"a":0,"k":[0,0]},"s":{"a":0,"k":[100,100]},"nm":"T","sk":{"a":0,"k":0},"sa":{"a":0,"k":0}}]}],"ip":0,"op":299.7,"st":0,"parent":8},{"ind":10,"ty":4,"nm":"b","sr":1,"ks":{"o":{"a":0,"k":100},"r":{"a":0,"k":0},"p":{"a":0,"k":[60.965,91.221,0],"l":2},"a":{"a":0,"k":[147.509,92.5,0],"l":2},"s":{"a":0,"k":[100,100,100],"l":2}},"shapes":[{"ty":"gr","nm":"G","bm":0,"it":[{"ty":"sh","nm":"P","ind":0,"ks":{"k":[{"i":{"x":0.833,"y":0.833},"o":{"x":0.167,"y":0.167},"t":0,"s":[{"i":[[0,0],[57,7]],"o":[[0,0],[0,0]],"v":[[26.5,-50.5],[-28.5,43.5]],"c":false}]},{"i":{"x":0.833,"y":0.833},"o":{"x":0.167,"y":0.167},"t":4.995,"s":[{"i":[[0,0],[60.5,-22]],"o":[[0,0],[0,0]],"v":[[26.5,-50.5],[28.5,33]],"c":false}]},{"i":{"x":0.833,"y":0.833},"o":{"x":0.167,"y":0.167},"t":6.993,"s":[{"i":[[0,0],[28.5,-53.5]],"o":[[0,0],[0,0]],"v":[[26.5,-50.5],[53.5,27.5]],"c":false}]},{"i":{"x":0.833,"y":0.833},"o":{"x":0.167,"y":0.167},"t":7.993,"s":[{"i":[[0,0],[14,-57.5]],"o":[[0,0],[0,0]],"v":[[26.5,-50.5],[61,24.5]],"c":false}]},{"i":{"x":0.833,"y":0.833},"o":{"x":0.167,"y":0.167},"t":8.991,"s":[{"i":[[0,0],[-30.5,-59.5]],"o":[[0,0],[0,0]],"v":[[26.5,-50.5],[73.5,36]],"c":false}]},{"i":{"x":0.833,"y":0.833},"o":{"x":0.167,"y":0.167},"t":9.99,"s":[{"i":[[0,0],[-44.5,-29]],"o":[[0,0],[0,0]],"v":[[26.5,-50.5],[77.5,42]],"c":false}]},{"i":{"x":0.833,"y":0.833},"o":{"x":0.167,"y":0.167},"t":11.988,"s":[{"i":[[0,0],[-39.5,-33.5]],"o":[[0,0],[0,0]],"v":[[26.5,-50.5],[57.5,47.5]],"c":false}]},{"i":{"x":0.833,"y":0.833},"o":{"x":0.167,"y":0.167},"t":13.986,"s":[{"i":[[0,0],[-4.25,-36.75]],"o":[[0,0],[0,0]],"v":[[26.5,-50.5],[32.75,47]],"c":false}]},{"i":{"x":0.833,"y":0.833},"o":{"x":0.167,"y":0.167},"t":15.984,"s":[{"i":[[0,0],[21.75,-22.5]],"o":[[0,0],[0,0]],"v":[[26.5,-50.5],[13.75,45.5]],"c":false}]},{"i":{"x":0.833,"y":0.833},"o":{"x":0.167,"y":0.167},"t":17.983,"s":[{"i":[[0,0],[41.75,-14.5]],"o":[[0,0],[0,0]],"v":[[26.5,-50.5],[-6.25,42]],"c":false}]},{"i":{"x":0.833,"y":0.833},"o":{"x":0.167,"y":0.167},"t":19.98,"s":[{"i":[[0,0],[57,7]],"o":[[0,0],[0,0]],"v":[[26.5,-50.5],[-28.5,43.5]],"c":false}]},{"i":{"x":0.833,"y":0.833},"o":{"x":0.167,"y":0.167},"t":24.975,"s":[{"i":[[0,0],[60.5,-22]],"o":[[0,0],[0,0]],"v":[[26.5,-50.5],[28.5,33]],"c":false}]},{"i":{"x":0.833,"y":0.833},"o":{"x":0.167,"y":0.167},"t":26.973,"s":[{"i":[[0,0],[28.5,-53.5]],"o":[[0,0],[0,0]],"v":[[26.5,-50.5],[53.5,27.5]],"c":false}]},{"i":{"x":0.833,"y":0.833},"o":{"x":0.167,"y":0.167},"t":27.973,"s":[{"i":[[0,0],[14,-57.5]],"o":[[0,0],[0,0]],"v":[[26.5,-50.5],[61,24.5]],"c":false}]},{"i":{"x":0.833,"y":0.833},"o":{"x":0.167,"y":0.167},"t":28.971,"s":[{"i":[[0,0],[-30.5,-59.5]],"o":[[0,0],[0,0]],"v":[[26.5,-50.5],[73.5,36]],"c":false}]},{"i":{"x":0.833,"y":0.833},"o":{"x":0.167,"y":0.167},"t":29.97,"s":[{"i":[[0,0],[-44.5,-29]],"o":[[0,0],[0,0]],"v":[[26.5,-50.5],[77.5,42]],"c":false}]},{"i":{"x":0.833,"y":0.833},"o":{"x":0.167,"y":0.167},"t":31.968,"s":[{"i":[[0,0],[-39.5,-33.5]],"o":[[0,0],[0,0]],"v":[[26.5,-50.5],[57.5,47.5]],"c":false}]},{"i":{"x":0.833,"y":0.833},"o":{"x":0.167,"y":0.167},"t":33.966,"s":[{"i":[[0,0],[-4.25,-36.75]],"o":[[0,0],[0,0]],"v":[[26.5,-50.5],[32.75,47]],"c":false}]},{"i":{"x":0.833,"y":0.833},"o":{"x":0.167,"y":0.167},"t":35.964,"s":[{"i":[[0,0],[21.75,-22.5]],"o":[[0,0],[0,0]],"v":[[26.5,-50.5],[13.75,45.5]],"c":false}]},{"i":{"x":0.833,"y":0.833},"o":{"x":0.167,"y":0.167},"t":37.963,"s":[{"i":[[0,0],[41.75,-14.5]],"o":[[0,0],[0,0]],"v":[[26.5,-50.5],[-6.25,42]],"c":false}]},{"i":{"x":0.833,"y":0.833},"o":{"x":0.167,"y":0.167},"t":39.96,"s":[{"i":[[0,0],[57,7]],"o":[[0,0],[0,0]],"v":[[26.5,-50.5],[-28.5,43.5]],"c":false}]},{"i":{"x":0.833,"y":0.833},"o":{"x":0.167,"y":0.167},"t":44.955,"s":[{"i":[[0,0],[60.5,-22]],"o":[[0,0],[0,0]],"v":[[26.5,-50.5],[28.5,33]],"c":false}]},{"i":{"x":0.833,"y":0.833},"o":{"x":0.167,"y":0.167},"t":46.953,"s":[{"i":[[0,0],[28.5,-53.5]],"o":[[0,0],[0,0]],"v":[[26.5,-50.5],[53.5,27.5]],"c":false}]},{"i":{"x":0.833,"y":0.833},"o":{"x":0.167,"y":0.167},"t":47.953,"s":[{"i":[[0,0],[14,-57.5]],"o":[[0,0],[0,0]],"v":[[26.5,-50.5],[61,24.5]],"c":false}]},{"i":{"x":0.833,"y":0.833},"o":{"x":0.167,"y":0.167},"t":48.951,"s":[{"i":[[0,0],[-30.5,-59.5]],"o":[[0,0],[0,0]],"v":[[26.5,-50.5],[73.5,36]],"c":false}]},{"i":{"x":0.833,"y":0.833},"o":{"x":0.167,"y":0.167},"t":49.95,"s":[{"i":[[0,0],[-44.5,-29]],"o":[[0,0],[0,0]],"v":[[26.5,-50.5],[77.5,42]],"c":false}]},{"i":{"x":0.833,"y":0.833},"o":{"x":0.167,"y":0.167},"t":51.948,"s":[{"i":[[0,0],[-39.5,-33.5]],"o":[[0,0],[0,0]],"v":[[26.5,-50.5],[57.5,47.5]],"c":false}]},{"i":{"x":0.833,"y":0.833},"o":{"x":0.167,"y":0.167},"t":53.946,"s":[{"i":[[0,0],[-4.25,-36.75]],"o":[[0,0],[0,0]],"v":[[26.5,-50.5],[32.75,47]],"c":false}]},{"i":{"x":0.833,"y":0.833},"o":{"x":0.167,"y":0.167},"t":55.944,"s":[{"i":[[0,0],[21.75,-22.5]],"o":[[0,0],[0,0]],"v":[[26.5,-50.5],[13.75,45.5]],"c":false}]},{"i":{"x":0.833,"y":0.833},"o":{"x":0.167,"y":0.167},"t":57.943,"s":[{"i":[[0,0],[41.75,-14.5]],"o":[[0,0],[0,0]],"v":[[26.5,-50.5],[-6.25,42]],"c":false}]},{"i":{"x":0.833,"y":0.833},"o":{"x":0.167,"y":0.167},"t":59.94,"s":[{"i":[[0,0],[57,7]],"o":[[0,0],[0,0]],"v":[[26.5,-50.5],[-28.5,43.5]],"c":false}]},{"i":{"x":0.833,"y":0.833},"o":{"x":0.167,"y":0.167},"t":64.935,"s":[{"i":[[0,0],[60.5,-22]],"o":[[0,0],[0,0]],"v":[[26.5,-50.5],[28.5,33]],"c":false}]},{"i":{"x":0.833,"y":0.833},"o":{"x":0.167,"y":0.167},"t":66.933,"s":[{"i":[[0,0],[28.5,-53.5]],"o":[[0,0],[0,0]],"v":[[26.5,-50.5],[53.5,27.5]],"c":false}]},{"i":{"x":0.833,"y":0.833},"o":{"x":0.167,"y":0.167},"t":67.933,"s":[{"i":[[0,0],[14,-57.5]],"o":[[0,0],[0,0]],"v":[[26.5,-50.5],[61,24.5]],"c":false}]},{"i":{"x":0.833,"y":0.833},"o":{"x":0.167,"y":0.167},"t":68.931,"s":[{"i":[[0,0],[-30.5,-59.5]],"o":[[0,0],[0,0]],"v":[[26.5,-50.5],[73.5,36]],"c":false}]},{"i":{"x":0.833,"y":0.833},"o":{"x":0.167,"y":0.167},"t":69.93,"s":[{"i":[[0,0],[-44.5,-29]],"o":[[0,0],[0,0]],"v":[[26.5,-50.5],[77.5,42]],"c":false}]},{"i":{"x":0.833,"y":0.833},"o":{"x":0.167,"y":0.167},"t":71.928,"s":[{"i":[[0,0],[-39.5,-33.5]],"o":[[0,0],[0,0]],"v":[[26.5,-50.5],[57.5,47.5]],"c":false}]},{"i":{"x":0.833,"y":0.833},"o":{"x":0.167,"y":0.167},"t":73.926,"s":[{"i":[[0,0],[-4.25,-36.75]],"o":[[0,0],[0,0]],"v":[[26.5,-50.5],[32.75,47]],"c":false}]},{"i":{"x":0.833,"y":0.833},"o":{"x":0.167,"y":0.167},"t":75.924,"s":[{"i":[[0,0],[21.75,-22.5]],"o":[[0,0],[0,0]],"v":[[26.5,-50.5],[13.75,45.5]],"c":false}]},{"i":{"x":0.833,"y":0.833},"o":{"x":0.167,"y":0.167},"t":77.923,"s":[{"i":[[0,0],[41.75,-14.5]],"o":[[0,0],[0,0]],"v":[[26.5,-50.5],[-6.25,42]],"c":false}]},{"t":79.92,"s":[{"i":[[0,0],[57,7]],"o":[[0,0],[0,0]],"v":[[26.5,-50.5],[-28.5,43.5]],"c":false}]}],"a":1}},{"ty":"st","nm":"S","bm":0,"lc":2,"lj":1,"ml":10,"o":{"a":0,"k":100},"w":{"a":0,"k":30},"c":{"a":0,"k":[0.866351617551,0.549761903052,0.27486632104,1]}},{"ty":"tr","o":{"a":0,"k":100},"r":{"a":0,"k":0},"p":{"a":0,"k":[121,143]},"a":{"a":0,"k":[0,0]},"s":{"a":0,"k":[100,100]},"nm":"T","sk":{"a":0,"k":0},"sa":{"a":0,"k":0}}]}],"ip":0,"op":299.7,"st":0,"parent":8},{"ind":11,"ty":4,"nm":"t","sr":1,"ks":{"o":{"a":0,"k":100},"r":{"a":1,"k":[{"i":{"x":[0.833],"y":[0.833]},"o":{"x":[0.167],"y":[0.167]},"t":0,"s":[0]},{"i":{"x":[0.833],"y":[0.833]},"o":{"x":[0.167],"y":[0.167]},"t":3,"s":[89]},{"i":{"x":[0.833],"y":[0.833]},"o":{"x":[0.167],"y":[0.167]},"t":5,"s":[103]},{"i":{"x":[0.833],"y":[0.833]},"o":{"x":[0.167],"y":[0.167]},"t":7,"s":[81]},{"i":{"x":[0.833],"y":[0.833]},"o":{"x":[0.167],"y":[0.167]},"t":8,"s":[36]},{"i":{"x":[0.833],"y":[0.833]},"o":{"x":[0.167],"y":[0.167]},"t":10,"s":[0]},{"i":{"x":[0.833],"y":[0.833]},"o":{"x":[0.167],"y":[0.167]},"t":12,"s":[89]},{"i":{"x":[0.833],"y":[0.833]},"o":{"x":[0.167],"y":[0.167]},"t":14,"s":[103]},{"i":{"x":[0.833],"y":[0.833]},"o":{"x":[0.167],"y":[0.167]},"t":16,"s":[81]},{"i":{"x":[0.833],"y":[0.833]},"o":{"x":[0.167],"y":[0.167]},"t":18,"s":[36]},{"i":{"x":[0.833],"y":[0.833]},"o":{"x":[0.167],"y":[0.167]},"t":20,"s":[0]},{"i":{"x":[0.833],"y":[0.833]},"o":{"x":[0.167],"y":[0.167]},"t":23,"s":[89]},{"i":{"x":[0.833],"y":[0.833]},"o":{"x":[0.167],"y":[0.167]},"t":25,"s":[103]},{"i":{"x":[0.833],"y":[0.833]},"o":{"x":[0.167],"y":[0.167]},"t":27,"s":[81]},{"i":{"x":[0.833],"y":[0.833]},"o":{"x":[0.167],"y":[0.167]},"t":28,"s":[36]},{"i":{"x":[0.833],"y":[0.833]},"o":{"x":[0.167],"y":[0.167]},"t":30,"s":[0]},{"i":{"x":[0.833],"y":[0.833]},"o":{"x":[0.167],"y":[0.167]},"t":32,"s":[89]},{"i":{"x":[0.833],"y":[0.833]},"o":{"x":[0.167],"y":[0.167]},"t":34,"s":[103]},{"i":{"x":[0.833],"y":[0.833]},"o":{"x":[0.167],"y":[0.167]},"t":36,"s":[81]},{"i":{"x":[0.833],"y":[0.833]},"o":{"x":[0.167],"y":[0.167]},"t":38,"s":[36]},{"i":{"x":[0.833],"y":[0.833]},"o":{"x":[0.167],"y":[0.167]},"t":40,"s":[0]},{"i":{"x":[0.833],"y":[0.833]},"o":{"x":[0.167],"y":[0.167]},"t":43,"s":[89]},{"i":{"x":[0.833],"y":[0.833]},"o":{"x":[0.167],"y":[0.167]},"t":45,"s":[103]},{"i":{"x":[0.833],"y":[0.833]},"o":{"x":[0.167],"y":[0.167]},"t":47,"s":[81]},{"i":{"x":[0.833],"y":[0.833]},"o":{"x":[0.167],"y":[0.167]},"t":48,"s":[36]},{"i":{"x":[0.833],"y":[0.833]},"o":{"x":[0.167],"y":[0.167]},"t":50,"s":[0]},{"i":{"x":[0.833],"y":[0.833]},"o":{"x":[0.167],"y":[0.167]},"t":52,"s":[89]},{"i":{"x":[0.833],"y":[0.833]},"o":{"x":[0.167],"y":[0.167]},"t":54,"s":[103]},{"i":{"x":[0.833],"y":[0.833]},"o":{"x":[0.167],"y":[0.167]},"t":56,"s":[81]},{"i":{"x":[0.833],"y":[0.833]},"o":{"x":[0.167],"y":[0.167]},"t":58,"s":[36]},{"i":{"x":[0.833],"y":[0.833]},"o":{"x":[0.167],"y":[0.167]},"t":60,"s":[0]},{"i":{"x":[0.833],"y":[0.833]},"o":{"x":[0.167],"y":[0.167]},"t":63,"s":[89]},{"i":{"x":[0.833],"y":[0.833]},"o":{"x":[0.167],"y":[0.167]},"t":65,"s":[103]},{"i":{"x":[0.833],"y":[0.833]},"o":{"x":[0.167],"y":[0.167]},"t":67,"s":[81]},{"i":{"x":[0.833],"y":[0.833]},"o":{"x":[0.167],"y":[0.167]},"t":68,"s":[36]},{"i":{"x":[0.833],"y":[0.833]},"o":{"x":[0.167],"y":[0.167]},"t":70,"s":[0]},{"i":{"x":[0.833],"y":[0.833]},"o":{"x":[0.167],"y":[0.167]},"t":72,"s":[89]},{"i":{"x":[0.833],"y":[0.833]},"o":{"x":[0.167],"y":[0.167]},"t":74,"s":[103]},{"i":{"x":[0.833],"y":[0.833]},"o":{"x":[0.167],"y":[0.167]},"t":76,"s":[81]},{"i":{"x":[0.833],"y":[0.833]},"o":{"x":[0.167],"y":[0.167]},"t":78,"s":[36]},{"t":80,"s":[0]}]},"p":{"k":[{"i":{"x":0.833,"y":0.833},"o":{"x":0.167,"y":0.167},"t":0,"s":[19.084,11.675,0],"ti":[-0.479,0.421,0],"to":[0.107,-0.094,0]},{"i":{"x":0.833,"y":0.833},"o":{"x":0.167,"y":0.167},"t":1,"s":[22.604,19.528,0],"ti":[1.244,-1.103,0],"to":[1.012,-0.89,0]},{"i":{"x":0.833,"y":0.833},"o":{"x":0.167,"y":0.167},"t":3,"s":[21.084,9.925,0],"ti":[4,-5,0],"to":[-1.833,1.625,0]},{"i":{"x":0.833,"y":0.833},"o":{"x":0.167,"y":0.167},"t":5,"s":[8.084,21.425,0],"ti":[2.595,-3,0],"to":[-2.023,2.247,0]},{"i":{"x":0.833,"y":0.833},"o":{"x":0.167,"y":0.167},"t":6,"s":[1.385,34.348,0],"ti":[0.551,-1.606,0],"to":[-3.178,4.042,0]},{"i":{"x":0.833,"y":0.833},"o":{"x":0.167,"y":0.167},"t":7,"s":[-5.916,39.925,0],"ti":[-4.167,4.708,0],"to":[-1,2.917,0]},{"i":{"x":0.833,"y":0.833},"o":{"x":0.167,"y":0.167},"t":8,"s":[2.084,38.925,0],"ti":[-3.083,3.583,0],"to":[4.167,-4.708,0]},{"i":{"x":0.833,"y":0.833},"o":{"x":0.167,"y":0.167},"t":10,"s":[19.084,11.675,0],"ti":[1.833,-1.625,0],"to":[3.083,-3.583,0]},{"i":{"x":0.833,"y":0.833},"o":{"x":0.167,"y":0.167},"t":12,"s":[20.584,17.425,0],"ti":[4.167,-2.625,0],"to":[-1.833,1.625,0]},{"i":{"x":0.833,"y":0.833},"o":{"x":0.167,"y":0.167},"t":14,"s":[8.084,21.425,0],"ti":[0.438,-1.417,0],"to":[-4.167,2.625,0]},{"i":{"x":0.833,"y":0.833},"o":{"x":0.167,"y":0.167},"t":16,"s":[-4.416,33.175,0],"ti":[-3.917,3.583,0],"to":[-0.438,1.417,0]},{"i":{"x":0.833,"y":0.833},"o":{"x":0.167,"y":0.167},"t":18,"s":[5.459,29.925,0],"ti":[-2.604,3.333,0],"to":[3.917,-3.583,0]},{"i":{"x":0.833,"y":0.833},"o":{"x":0.167,"y":0.167},"t":20,"s":[19.084,11.675,0],"ti":[1.833,-1.625,0],"to":[2.604,-3.333,0]},{"i":{"x":0.833,"y":0.833},"o":{"x":0.167,"y":0.167},"t":23,"s":[21.084,9.925,0],"ti":[4,-5,0],"to":[-1.833,1.625,0]},{"i":{"x":0.833,"y":0.833},"o":{"x":0.167,"y":0.167},"t":25,"s":[8.084,21.425,0],"ti":[1,-2.917,0],"to":[-4,5,0]},{"i":{"x":0.833,"y":0.833},"o":{"x":0.167,"y":0.167},"t":27,"s":[-5.916,39.925,0],"ti":[-4.167,4.708,0],"to":[-1,2.917,0]},{"i":{"x":0.833,"y":0.833},"o":{"x":0.167,"y":0.167},"t":28,"s":[2.084,38.925,0],"ti":[-3.167,4.833,0],"to":[4.167,-4.708,0]},{"i":{"x":0.833,"y":0.833},"o":{"x":0.167,"y":0.167},"t":30,"s":[19.084,11.675,0],"ti":[1.833,-1.625,0],"to":[3.167,-4.833,0]},{"i":{"x":0.833,"y":0.833},"o":{"x":0.167,"y":0.167},"t":32,"s":[21.084,9.925,0],"ti":[4.25,-3.875,0],"to":[-1.833,1.625,0]},{"i":{"x":0.833,"y":0.833},"o":{"x":0.167,"y":0.167},"t":34,"s":[8.084,21.425,0],"ti":[0.438,-1.417,0],"to":[-4.25,3.875,0]},{"i":{"x":0.833,"y":0.833},"o":{"x":0.167,"y":0.167},"t":36,"s":[-4.416,33.175,0],"ti":[-3.917,3.583,0],"to":[-0.438,1.417,0]},{"i":{"x":0.833,"y":0.833},"o":{"x":0.167,"y":0.167},"t":38,"s":[5.459,29.925,0],"ti":[-2.604,3.333,0],"to":[3.917,-3.583,0]},{"i":{"x":0.833,"y":0.833},"o":{"x":0.167,"y":0.167},"t":40,"s":[19.084,11.675,0],"ti":[1.833,-1.625,0],"to":[2.604,-3.333,0]},{"i":{"x":0.833,"y":0.833},"o":{"x":0.167,"y":0.167},"t":43,"s":[21.084,9.925,0],"ti":[4,-5,0],"to":[-1.833,1.625,0]},{"i":{"x":0.833,"y":0.833},"o":{"x":0.167,"y":0.167},"t":45,"s":[8.084,21.425,0],"ti":[1,-2.917,0],"to":[-4,5,0]},{"i":{"x":0.833,"y":0.833},"o":{"x":0.167,"y":0.167},"t":47,"s":[-5.916,39.925,0],"ti":[-4.167,4.708,0],"to":[-1,2.917,0]},{"i":{"x":0.833,"y":0.833},"o":{"x":0.167,"y":0.167},"t":48,"s":[2.084,38.925,0],"ti":[-3.167,4.833,0],"to":[4.167,-4.708,0]},{"i":{"x":0.833,"y":0.833},"o":{"x":0.167,"y":0.167},"t":50,"s":[19.084,11.675,0],"ti":[1.833,-1.625,0],"to":[3.167,-4.833,0]},{"i":{"x":0.833,"y":0.833},"o":{"x":0.167,"y":0.167},"t":52,"s":[21.084,9.925,0],"ti":[4.25,-3.875,0],"to":[-1.833,1.625,0]},{"i":{"x":0.833,"y":0.833},"o":{"x":0.167,"y":0.167},"t":54,"s":[8.084,21.425,0],"ti":[0.438,-1.417,0],"to":[-4.25,3.875,0]},{"i":{"x":0.833,"y":0.833},"o":{"x":0.167,"y":0.167},"t":56,"s":[-4.416,33.175,0],"ti":[-3.917,3.583,0],"to":[-0.438,1.417,0]},{"i":{"x":0.833,"y":0.833},"o":{"x":0.167,"y":0.167},"t":58,"s":[5.459,29.925,0],"ti":[-2.604,3.333,0],"to":[3.917,-3.583,0]},{"i":{"x":0.833,"y":0.833},"o":{"x":0.167,"y":0.167},"t":60,"s":[19.084,11.675,0],"ti":[1.833,-1.625,0],"to":[2.604,-3.333,0]},{"i":{"x":0.833,"y":0.833},"o":{"x":0.167,"y":0.167},"t":63,"s":[21.084,9.925,0],"ti":[4,-5,0],"to":[-1.833,1.625,0]},{"i":{"x":0.833,"y":0.833},"o":{"x":0.167,"y":0.167},"t":65,"s":[8.084,21.425,0],"ti":[1,-2.917,0],"to":[-4,5,0]},{"i":{"x":0.833,"y":0.833},"o":{"x":0.167,"y":0.167},"t":67,"s":[-5.916,39.925,0],"ti":[-4.167,4.708,0],"to":[-1,2.917,0]},{"i":{"x":0.833,"y":0.833},"o":{"x":0.167,"y":0.167},"t":68,"s":[2.084,38.925,0],"ti":[-3.307,5.571,0],"to":[2.065,-2.334,0]},{"i":{"x":0.833,"y":0.833},"o":{"x":0.167,"y":0.167},"t":69,"s":[15.248,28.366,0],"ti":[-1.597,2.437,0],"to":[3.364,-5.667,0]},{"i":{"x":0.833,"y":0.833},"o":{"x":0.167,"y":0.167},"t":70,"s":[19.084,11.675,0],"ti":[-0.481,0.517,0],"to":[0.801,-1.222,0]},{"i":{"x":0.833,"y":0.833},"o":{"x":0.167,"y":0.167},"t":71,"s":[22.631,13.866,0],"ti":[1.37,-1.214,0],"to":[1.422,-1.527,0]},{"i":{"x":0.833,"y":0.833},"o":{"x":0.167,"y":0.167},"t":72,"s":[21.084,9.925,0],"ti":[4.25,-3.875,0],"to":[-1.833,1.625,0]},{"i":{"x":0.833,"y":0.833},"o":{"x":0.167,"y":0.167},"t":74,"s":[8.084,21.425,0],"ti":[0.438,-1.417,0],"to":[-4.25,3.875,0]},{"i":{"x":0.833,"y":0.833},"o":{"x":0.167,"y":0.167},"t":76,"s":[-4.416,33.175,0],"ti":[-3.917,3.583,0],"to":[-0.438,1.417,0]},{"i":{"x":0.833,"y":0.833},"o":{"x":0.167,"y":0.167},"t":78,"s":[5.459,29.925,0],"ti":[-2.271,3.042,0],"to":[3.917,-3.583,0]},{"t":80,"s":[19.084,11.675,0]}],"a":1,"l":2},"a":{"a":0,"k":[69.667,32.842,0],"l":2},"s":{"a":0,"k":[100,100,100],"l":2}},"shapes":[{"ty":"gr","nm":"G","bm":0,"it":[{"ty":"sh","nm":"P","ind":0,"ks":{"k":{"i":[[-14.083,-24.393],[0,0],[14.083,24.393]],"o":[[0,0],[-24.393,14.083],[24.393,-14.084]],"v":[[34.834,9.334],[34.834,9.334],[-34.834,-9.333]],"c":true},"a":0}},{"ty":"fl","nm":"F","bm":0,"c":{"a":0,"k":[0.980392216701,0.752941236309,0.454901990704,1]},"o":{"a":0,"k":100},"r":1},{"ty":"tr","o":{"a":0,"k":100},"r":{"a":0,"k":0},"p":{"a":0,"k":[35.083,23.667]},"a":{"a":0,"k":[0,0]},"s":{"a":0,"k":[100,100]},"nm":"T","sk":{"a":0,"k":0},"sa":{"a":0,"k":0}}]}],"ip":0,"op":301,"st":0,"parent":12},{"ind":12,"ty":4,"nm":"t","sr":1,"ks":{"o":{"a":0,"k":100},"r":{"a":0,"k":0},"p":{"a":0,"k":[13.706,15.721,0],"l":2},"a":{"a":0,"k":[33,73,0],"l":2},"s":{"a":0,"k":[100,100,100],"l":2}},"shapes":[{"ty":"gr","nm":"G","bm":0,"it":[{"ty":"sh","nm":"P","ind":0,"ks":{"k":[{"i":{"x":0.833,"y":0.833},"o":{"x":0.167,"y":0.167},"t":0,"s":[{"i":[[0,0],[0,0]],"o":[[0,0],[0,0]],"v":[[-10,-30],[10,30]],"c":false}]},{"i":{"x":0.833,"y":0.833},"o":{"x":0.167,"y":0.167},"t":2.998,"s":[{"i":[[3.229,-15.169],[0,0]],"o":[[-3.45,16.208],[0,0]],"v":[[-0.05,-38.6],[10,30]],"c":false}]},{"i":{"x":0.833,"y":0.833},"o":{"x":0.167,"y":0.167},"t":4.995,"s":[{"i":[[2.25,-25.75],[0,0]],"o":[[-2.25,25.75],[0,0]],"v":[[-11.75,-24.75],[10,30]],"c":false}]},{"i":{"x":0.833,"y":0.833},"o":{"x":0.167,"y":0.167},"t":6.993,"s":[{"i":[[-14.941,-21.093],[0,0]],"o":[[16.75,23.647],[0,0]],"v":[[-25.75,-5.75],[10,30]],"c":false}]},{"i":{"x":0.833,"y":0.833},"o":{"x":0.167,"y":0.167},"t":7.993,"s":[{"i":[[-12.337,-22.344],[0,0]],"o":[[19.167,22.257],[0,0]],"v":[[-24.417,-9.167],[10,30]],"c":false}]},{"i":{"x":0.833,"y":0.833},"o":{"x":0.167,"y":0.167},"t":9.99,"s":[{"i":[[-7.13,-24.845],[0,0]],"o":[[8.25,28.75],[0,0]],"v":[[-6.75,-27.25],[10,30]],"c":false}]},{"i":{"x":0.833,"y":0.833},"o":{"x":0.167,"y":0.167},"t":11.988,"s":[{"i":[[1.842,-25.782],[0,0]],"o":[[-2.5,35],[0,0]],"v":[[-1,-36.5],[10,30]],"c":false}]},{"i":{"x":0.833,"y":0.833},"o":{"x":0.167,"y":0.167},"t":13.986,"s":[{"i":[[1.842,-25.782],[0,0]],"o":[[-2.5,35],[0,0]],"v":[[-11,-22.5],[10,30]],"c":false}]},{"i":{"x":0.833,"y":0.833},"o":{"x":0.167,"y":0.167},"t":15.984,"s":[{"i":[[-14.596,-21.333],[0,0]],"o":[[19.5,28.5],[0,0]],"v":[[-25,-16],[10,30]],"c":false}]},{"i":{"x":0.833,"y":0.833},"o":{"x":0.167,"y":0.167},"t":17.983,"s":[{"i":[[-20.108,-16.241],[0,0]],"o":[[26,21],[0,0]],"v":[[-23,-18],[10,30]],"c":false}]},{"i":{"x":0.833,"y":0.833},"o":{"x":0.167,"y":0.167},"t":19.98,"s":[{"i":[[0,0],[0,0]],"o":[[0,0],[0,0]],"v":[[-10,-30],[10,30]],"c":false}]},{"i":{"x":0.833,"y":0.833},"o":{"x":0.167,"y":0.167},"t":23,"s":[{"i":[[3.229,-15.169],[0,0]],"o":[[-3.45,16.208],[0,0]],"v":[[-0.05,-38.6],[10,30]],"c":false}]},{"i":{"x":0.833,"y":0.833},"o":{"x":0.167,"y":0.167},"t":24.975,"s":[{"i":[[2.25,-25.75],[0,0]],"o":[[-2.25,25.75],[0,0]],"v":[[-11.75,-24.75],[10,30]],"c":false}]},{"i":{"x":0.833,"y":0.833},"o":{"x":0.167,"y":0.167},"t":26.973,"s":[{"i":[[-14.941,-21.093],[0,0]],"o":[[16.75,23.647],[0,0]],"v":[[-25.75,-5.75],[10,30]],"c":false}]},{"i":{"x":0.833,"y":0.833},"o":{"x":0.167,"y":0.167},"t":27.973,"s":[{"i":[[-12.337,-22.344],[0,0]],"o":[[19.167,22.257],[0,0]],"v":[[-24.417,-9.167],[10,30]],"c":false}]},{"i":{"x":0.833,"y":0.833},"o":{"x":0.167,"y":0.167},"t":29.97,"s":[{"i":[[-7.13,-24.845],[0,0]],"o":[[8.25,28.75],[0,0]],"v":[[-6.75,-27.25],[10,30]],"c":false}]},{"i":{"x":0.833,"y":0.833},"o":{"x":0.167,"y":0.167},"t":31.968,"s":[{"i":[[1.842,-25.782],[0,0]],"o":[[-2.5,35],[0,0]],"v":[[-1,-36.5],[10,30]],"c":false}]},{"i":{"x":0.833,"y":0.833},"o":{"x":0.167,"y":0.167},"t":33.966,"s":[{"i":[[1.842,-25.782],[0,0]],"o":[[-2.5,35],[0,0]],"v":[[-11,-22.5],[10,30]],"c":false}]},{"i":{"x":0.833,"y":0.833},"o":{"x":0.167,"y":0.167},"t":35.964,"s":[{"i":[[-14.596,-21.333],[0,0]],"o":[[19.5,28.5],[0,0]],"v":[[-25,-16],[10,30]],"c":false}]},{"i":{"x":0.833,"y":0.833},"o":{"x":0.167,"y":0.167},"t":37.963,"s":[{"i":[[-20.108,-16.241],[0,0]],"o":[[26,21],[0,0]],"v":[[-23,-18],[10,30]],"c":false}]},{"i":{"x":0.833,"y":0.833},"o":{"x":0.167,"y":0.167},"t":39.96,"s":[{"i":[[0,0],[0,0]],"o":[[0,0],[0,0]],"v":[[-10,-30],[10,30]],"c":false}]},{"i":{"x":0.833,"y":0.833},"o":{"x":0.167,"y":0.167},"t":42.958,"s":[{"i":[[3.229,-15.169],[0,0]],"o":[[-3.45,16.208],[0,0]],"v":[[-0.05,-38.6],[10,30]],"c":false}]},{"i":{"x":0.833,"y":0.833},"o":{"x":0.167,"y":0.167},"t":44.955,"s":[{"i":[[2.25,-25.75],[0,0]],"o":[[-2.25,25.75],[0,0]],"v":[[-11.75,-24.75],[10,30]],"c":false}]},{"i":{"x":0.833,"y":0.833},"o":{"x":0.167,"y":0.167},"t":46.953,"s":[{"i":[[-14.941,-21.093],[0,0]],"o":[[16.75,23.647],[0,0]],"v":[[-25.75,-5.75],[10,30]],"c":false}]},{"i":{"x":0.833,"y":0.833},"o":{"x":0.167,"y":0.167},"t":47.953,"s":[{"i":[[-12.337,-22.344],[0,0]],"o":[[19.167,22.257],[0,0]],"v":[[-24.417,-9.167],[10,30]],"c":false}]},{"i":{"x":0.833,"y":0.833},"o":{"x":0.167,"y":0.167},"t":49.95,"s":[{"i":[[-7.13,-24.845],[0,0]],"o":[[8.25,28.75],[0,0]],"v":[[-6.75,-27.25],[10,30]],"c":false}]},{"i":{"x":0.833,"y":0.833},"o":{"x":0.167,"y":0.167},"t":51.948,"s":[{"i":[[1.842,-25.782],[0,0]],"o":[[-2.5,35],[0,0]],"v":[[-1,-36.5],[10,30]],"c":false}]},{"i":{"x":0.833,"y":0.833},"o":{"x":0.167,"y":0.167},"t":53.946,"s":[{"i":[[1.842,-25.782],[0,0]],"o":[[-2.5,35],[0,0]],"v":[[-11,-22.5],[10,30]],"c":false}]},{"i":{"x":0.833,"y":0.833},"o":{"x":0.167,"y":0.167},"t":55.944,"s":[{"i":[[-14.596,-21.333],[0,0]],"o":[[19.5,28.5],[0,0]],"v":[[-25,-16],[10,30]],"c":false}]},{"i":{"x":0.833,"y":0.833},"o":{"x":0.167,"y":0.167},"t":57.943,"s":[{"i":[[-20.108,-16.241],[0,0]],"o":[[26,21],[0,0]],"v":[[-23,-18],[10,30]],"c":false}]},{"i":{"x":0.833,"y":0.833},"o":{"x":0.167,"y":0.167},"t":59.94,"s":[{"i":[[0,0],[0,0]],"o":[[0,0],[0,0]],"v":[[-10,-30],[10,30]],"c":false}]},{"i":{"x":0.833,"y":0.833},"o":{"x":0.167,"y":0.167},"t":63,"s":[{"i":[[3.229,-15.169],[0,0]],"o":[[-3.45,16.208],[0,0]],"v":[[-0.05,-38.6],[10,30]],"c":false}]},{"i":{"x":0.833,"y":0.833},"o":{"x":0.167,"y":0.167},"t":64.935,"s":[{"i":[[2.25,-25.75],[0,0]],"o":[[-2.25,25.75],[0,0]],"v":[[-11.75,-24.75],[10,30]],"c":false}]},{"i":{"x":0.833,"y":0.833},"o":{"x":0.167,"y":0.167},"t":66.933,"s":[{"i":[[-14.941,-21.093],[0,0]],"o":[[16.75,23.647],[0,0]],"v":[[-25.75,-5.75],[10,30]],"c":false}]},{"i":{"x":0.833,"y":0.833},"o":{"x":0.167,"y":0.167},"t":67.933,"s":[{"i":[[-12.337,-22.344],[0,0]],"o":[[19.167,22.257],[0,0]],"v":[[-24.417,-9.167],[10,30]],"c":false}]},{"i":{"x":0.833,"y":0.833},"o":{"x":0.167,"y":0.167},"t":69.93,"s":[{"i":[[-7.13,-24.845],[0,0]],"o":[[8.25,28.75],[0,0]],"v":[[-6.75,-27.25],[10,30]],"c":false}]},{"i":{"x":0.833,"y":0.833},"o":{"x":0.167,"y":0.167},"t":71.928,"s":[{"i":[[1.842,-25.782],[0,0]],"o":[[-2.5,35],[0,0]],"v":[[-1,-36.5],[10,30]],"c":false}]},{"i":{"x":0.833,"y":0.833},"o":{"x":0.167,"y":0.167},"t":73.926,"s":[{"i":[[1.842,-25.782],[0,0]],"o":[[-2.5,35],[0,0]],"v":[[-11,-22.5],[10,30]],"c":false}]},{"i":{"x":0.833,"y":0.833},"o":{"x":0.167,"y":0.167},"t":75.924,"s":[{"i":[[-14.596,-21.333],[0,0]],"o":[[19.5,28.5],[0,0]],"v":[[-25,-16],[10,30]],"c":false}]},{"i":{"x":0.833,"y":0.833},"o":{"x":0.167,"y":0.167},"t":77.923,"s":[{"i":[[-20.108,-16.241],[0,0]],"o":[[26,21],[0,0]],"v":[[-23,-18],[10,30]],"c":false}]},{"t":79.92,"s":[{"i":[[0,0],[0,0]],"o":[[0,0],[0,0]],"v":[[-10,-30],[10,30]],"c":false}]}],"a":1}},{"ty":"st","nm":"S","bm":0,"lc":2,"lj":1,"ml":10,"o":{"a":0,"k":100},"w":{"a":0,"k":13},"c":{"a":0,"k":[0.980392216701,0.752941236309,0.454901990704,1]}},{"ty":"tr","o":{"a":0,"k":100},"r":{"a":0,"k":0},"p":{"a":0,"k":[23,43]},"a":{"a":0,"k":[0,0]},"s":{"a":0,"k":[100,100]},"nm":"T","sk":{"a":0,"k":0},"sa":{"a":0,"k":0}}]}],"ip":0,"op":299.7,"st":0,"parent":8},{"ind":13,"ty":4,"nm":"r","sr":1,"ks":{"o":{"a":0,"k":100},"r":{"a":1,"k":[{"i":{"x":[0.833],"y":[0.833]},"o":{"x":[0.167],"y":[0.167]},"t":0,"s":[0]},{"i":{"x":[0.833],"y":[0.833]},"o":{"x":[0.167],"y":[0.167]},"t":1.998,"s":[5.6]},{"i":{"x":[0.833],"y":[0.833]},"o":{"x":[0.167],"y":[0.167]},"t":4.995,"s":[-11]},{"i":{"x":[0.833],"y":[0.833]},"o":{"x":[0.167],"y":[0.167]},"t":9.99,"s":[-1]},{"i":{"x":[0.833],"y":[0.833]},"o":{"x":[0.167],"y":[0.167]},"t":14.985,"s":[-14]},{"i":{"x":[0.833],"y":[0.833]},"o":{"x":[0.167],"y":[0.167]},"t":19.98,"s":[0]},{"i":{"x":[0.833],"y":[0.833]},"o":{"x":[0.167],"y":[0.167]},"t":21.978,"s":[5.6]},{"i":{"x":[0.833],"y":[0.833]},"o":{"x":[0.167],"y":[0.167]},"t":24.975,"s":[-11]},{"i":{"x":[0.833],"y":[0.833]},"o":{"x":[0.167],"y":[0.167]},"t":29.97,"s":[-1]},{"i":{"x":[0.833],"y":[0.833]},"o":{"x":[0.167],"y":[0.167]},"t":34.965,"s":[-14]},{"i":{"x":[0.833],"y":[0.833]},"o":{"x":[0.167],"y":[0.167]},"t":39.96,"s":[0]},{"i":{"x":[0.833],"y":[0.833]},"o":{"x":[0.167],"y":[0.167]},"t":41.958,"s":[5.6]},{"i":{"x":[0.833],"y":[0.833]},"o":{"x":[0.167],"y":[0.167]},"t":44.955,"s":[-11]},{"i":{"x":[0.833],"y":[0.833]},"o":{"x":[0.167],"y":[0.167]},"t":49.95,"s":[-1]},{"i":{"x":[0.833],"y":[0.833]},"o":{"x":[0.167],"y":[0.167]},"t":54.945,"s":[-14]},{"i":{"x":[0.833],"y":[0.833]},"o":{"x":[0.167],"y":[0.167]},"t":59.94,"s":[0]},{"i":{"x":[0.833],"y":[0.833]},"o":{"x":[0.167],"y":[0.167]},"t":61.938,"s":[5.6]},{"i":{"x":[0.833],"y":[0.833]},"o":{"x":[0.167],"y":[0.167]},"t":64.935,"s":[-11]},{"i":{"x":[0.833],"y":[0.833]},"o":{"x":[0.167],"y":[0.167]},"t":69.93,"s":[-1]},{"i":{"x":[0.833],"y":[0.833]},"o":{"x":[0.167],"y":[0.167]},"t":74.925,"s":[-14]},{"t":79.92,"s":[0]}]},"p":{"a":0,"k":[49.5,26.25,0],"l":2},"a":{"a":0,"k":[7,65.5,0],"l":2},"s":{"a":0,"k":[100,100,100],"l":2}},"shapes":[{"ty":"gr","nm":"G","bm":0,"it":[{"ty":"sh","nm":"P","ind":0,"ks":{"k":{"i":[[0,0],[0,0]],"o":[[0,0],[0,0]],"v":[[-1.25,-30.75],[1.25,30.75]],"c":false},"a":0}},{"ty":"st","nm":"S","bm":0,"lc":2,"lj":1,"ml":10,"o":{"a":0,"k":100},"w":{"a":0,"k":10},"c":{"a":0,"k":[0.980392216701,0.749019607843,0.462745127958,1]}},{"ty":"tr","o":{"a":0,"k":100},"r":{"a":0,"k":0},"p":{"a":0,"k":[6.25,35.75]},"a":{"a":0,"k":[0,0]},"s":{"a":0,"k":[100,100]},"nm":"T","sk":{"a":0,"k":0},"sa":{"a":0,"k":0}}]},{"ty":"gr","nm":"G","bm":0,"it":[{"ty":"sh","nm":"P","ind":0,"ks":{"k":{"i":[[0,-9.389],[9.389,0],[0,9.389],[-9.389,0]],"o":[[0,9.389],[-9.389,0],[0,-9.389],[9.389,0]],"v":[[17,0],[0,17],[-17,0],[0,-17]],"c":true},"a":0}},{"ty":"fl","nm":"F","bm":0,"c":{"a":0,"k":[0.984313785329,0.749019607843,0.454901990704,1]},"o":{"a":0,"k":100},"r":1},{"ty":"tr","o":{"a":0,"k":100},"r":{"a":0,"k":0},"p":{"a":0,"k":[2.25,-3.75]},"a":{"a":0,"k":[0,0]},"s":{"a":0,"k":[100,100]},"nm":"T","sk":{"a":0,"k":0},"sa":{"a":0,"k":0}}]}],"ip":0,"op":301,"st":0,"parent":5},{"ind":14,"ty":4,"nm":"l","sr":1,"ks":{"o":{"a":0,"k":100},"r":{"a":1,"k":[{"i":{"x":[0.833],"y":[0.833]},"o":{"x":[0.167],"y":[0.167]},"t":0,"s":[0]},{"i":{"x":[0.833],"y":[0.833]},"o":{"x":[0.167],"y":[0.167]},"t":4.995,"s":[6]},{"i":{"x":[0.833],"y":[0.833]},"o":{"x":[0.167],"y":[0.167]},"t":9.99,"s":[-1]},{"i":{"x":[0.833],"y":[0.833]},"o":{"x":[0.167],"y":[0.167]},"t":14.985,"s":[14]},{"i":{"x":[0.833],"y":[0.833]},"o":{"x":[0.167],"y":[0.167]},"t":19.98,"s":[0]},{"i":{"x":[0.833],"y":[0.833]},"o":{"x":[0.167],"y":[0.167]},"t":24.975,"s":[6]},{"i":{"x":[0.833],"y":[0.833]},"o":{"x":[0.167],"y":[0.167]},"t":29.97,"s":[-1]},{"i":{"x":[0.833],"y":[0.833]},"o":{"x":[0.167],"y":[0.167]},"t":34.965,"s":[14]},{"i":{"x":[0.833],"y":[0.833]},"o":{"x":[0.167],"y":[0.167]},"t":39.96,"s":[0]},{"i":{"x":[0.833],"y":[0.833]},"o":{"x":[0.167],"y":[0.167]},"t":44.955,"s":[6]},{"i":{"x":[0.833],"y":[0.833]},"o":{"x":[0.167],"y":[0.167]},"t":49.95,"s":[-1]},{"i":{"x":[0.833],"y":[0.833]},"o":{"x":[0.167],"y":[0.167]},"t":54.945,"s":[14]},{"i":{"x":[0.833],"y":[0.833]},"o":{"x":[0.167],"y":[0.167]},"t":59.94,"s":[0]},{"i":{"x":[0.833],"y":[0.833]},"o":{"x":[0.167],"y":[0.167]},"t":64.935,"s":[6]},{"i":{"x":[0.833],"y":[0.833]},"o":{"x":[0.167],"y":[0.167]},"t":69.93,"s":[-1]},{"i":{"x":[0.833],"y":[0.833]},"o":{"x":[0.167],"y":[0.167]},"t":74.925,"s":[14]},{"t":79.92,"s":[0]}]},"p":{"a":0,"k":[77.938,21,0],"l":2},"a":{"a":0,"k":[261.688,84.5,0],"l":2},"s":{"a":0,"k":[100,100,100],"l":2}},"shapes":[{"ty":"gr","nm":"G","bm":0,"it":[{"ty":"sh","nm":"P","ind":0,"ks":{"k":{"i":[[0,-9.389],[9.389,0],[0,9.389],[-9.389,0]],"o":[[0,9.389],[-9.389,0],[0,-9.389],[9.389,0]],"v":[[17,0],[0,17],[-17,0],[0,-17]],"c":true},"a":0}},{"ty":"fl","nm":"F","bm":0,"c":{"a":0,"k":[0.85882358925,0.525490196078,0.235294132607,1]},"o":{"a":0,"k":100},"r":1},{"ty":"tr","o":{"a":0,"k":100},"r":{"a":0,"k":0},"p":{"a":0,"k":[259.25,17.25]},"a":{"a":0,"k":[0,0]},"s":{"a":0,"k":[100,100]},"nm":"T","sk":{"a":0,"k":0},"sa":{"a":0,"k":0}}]},{"ty":"gr","nm":"G","bm":0,"it":[{"ty":"sh","nm":"P","ind":0,"ks":{"k":{"i":[[0,0],[0,0]],"o":[[0,0],[0,0]],"v":[[-1.25,-30.75],[1.25,30.75]],"c":false},"a":0}},{"ty":"st","nm":"S","bm":0,"lc":2,"lj":1,"ml":10,"o":{"a":0,"k":100},"w":{"a":0,"k":10},"c":{"a":0,"k":[0.85882358925,0.525490196078,0.235294132607,1]}},{"ty":"tr","o":{"a":0,"k":100},"r":{"a":0,"k":0},"p":{"a":0,"k":[260.5,54]},"a":{"a":0,"k":[0,0]},"s":{"a":0,"k":[100,100]},"nm":"T","sk":{"a":0,"k":0},"sa":{"a":0,"k":0}}]}],"ip":0,"op":301,"st":0,"parent":5},{"ind":15,"ty":4,"nm":"S","sr":1,"ks":{"o":{"a":0,"k":50},"r":{"a":0,"k":0},"p":{"a":0,"k":[613,911,0],"l":2},"a":{"a":0,"k":[-5,282,0],"l":2},"s":{"k":[{"i":{"x":[0.833,0.833,0.833],"y":[0.833,0.833,0.833]},"o":{"x":[0.167,0.167,0.167],"y":[0.167,0.167,0.167]},"t":0,"s":[100,100,100]},{"i":{"x":[0.833,0.833,0.833],"y":[0.833,0.833,0.833]},"o":{"x":[0.167,0.167,0.167],"y":[0.167,0.167,0.167]},"t":5,"s":[84,100,100]},{"i":{"x":[0.833,0.833,0.833],"y":[0.833,0.833,0.833]},"o":{"x":[0.167,0.167,0.167],"y":[0.167,0.167,0.167]},"t":10,"s":[100,100,100]},{"i":{"x":[0.833,0.833,0.833],"y":[0.833,0.833,0.833]},"o":{"x":[0.167,0.167,0.167],"y":[0.167,0.167,0.167]},"t":14,"s":[84,100,100]},{"i":{"x":[0.833,0.833,0.833],"y":[0.833,0.833,0.833]},"o":{"x":[0.167,0.167,0.167],"y":[0.167,0.167,0.167]},"t":20,"s":[100,100,100]},{"i":{"x":[0.833,0.833,0.833],"y":[0.833,0.833,0.833]},"o":{"x":[0.167,0.167,0.167],"y":[0.167,0.167,0.167]},"t":25,"s":[84,100,100]},{"i":{"x":[0.833,0.833,0.833],"y":[0.833,0.833,0.833]},"o":{"x":[0.167,0.167,0.167],"y":[0.167,0.167,0.167]},"t":30,"s":[100,100,100]},{"i":{"x":[0.833,0.833,0.833],"y":[0.833,0.833,0.833]},"o":{"x":[0.167,0.167,0.167],"y":[0.167,0.167,0.167]},"t":34,"s":[84,100,100]},{"i":{"x":[0.833,0.833,0.833],"y":[0.833,0.833,0.833]},"o":{"x":[0.167,0.167,0.167],"y":[0.167,0.167,0.167]},"t":38,"s":[100,100,100]},{"i":{"x":[0.833,0.833,0.833],"y":[0.833,0.833,0.833]},"o":{"x":[0.167,0.167,0.167],"y":[0.167,0.167,0.167]},"t":45,"s":[84,100,100]},{"i":{"x":[0.833,0.833,0.833],"y":[0.833,0.833,0.833]},"o":{"x":[0.167,0.167,0.167],"y":[0.167,0.167,0.167]},"t":50,"s":[100,100,100]},{"i":{"x":[0.833,0.833,0.833],"y":[0.833,0.833,0.833]},"o":{"x":[0.167,0.167,0.167],"y":[0.167,0.167,0.167]},"t":54,"s":[84,100,100]},{"i":{"x":[0.833,0.833,0.833],"y":[0.833,0.833,0.833]},"o":{"x":[0.167,0.167,0.167],"y":[0.167,0.167,0.167]},"t":60,"s":[100,100,100]},{"i":{"x":[0.833,0.833,0.833],"y":[0.833,0.833,0.833]},"o":{"x":[0.167,0.167,0.167],"y":[0.167,0.167,0.167]},"t":65,"s":[84,100,100]},{"i":{"x":[0.833,0.833,0.833],"y":[0.833,0.833,0.833]},"o":{"x":[0.167,0.167,0.167],"y":[0.167,0.167,0.167]},"t":70,"s":[100,100,100]},{"i":{"x":[0.833,0.833,0.833],"y":[0.833,0.833,0.833]},"o":{"x":[0.167,0.167,0.167],"y":[0.167,0.167,0.167]},"t":74,"s":[84,100,100]},{"t":80,"s":[100,100,100]}],"a":1,"l":2}},"shapes":[{"ty":"gr","nm":"S","bm":0,"it":[{"ty":"sh","nm":"P","ind":0,"ks":{"k":{"i":[[0,0],[0,0]],"o":[[0,0],[0,0]],"v":[[-240,282],[230,282]],"c":false},"a":0}},{"ty":"st","nm":"S","bm":0,"lc":2,"lj":1,"ml":4,"o":{"a":0,"k":100},"w":{"a":0,"k":25},"c":{"a":0,"k":[0,0,0,1]}},{"ty":"tr","o":{"a":0,"k":100},"r":{"a":0,"k":0},"p":{"a":0,"k":[0,0]},"a":{"a":0,"k":[0,0]},"s":{"a":0,"k":[100,100]},"nm":"T","sk":{"a":0,"k":0},"sa":{"a":0,"k":0}}]}],"ip":0,"op":301,"st":0}]}],"layers":[{"ind":1,"ty":0,"nm":"1","sr":1,"ks":{"o":{"a":0,"k":100},"r":{"a":0,"k":0},"p":{"a":0,"k":[540,649,0],"l":2},"a":{"a":0,"k":[618,620,0],"l":2},"s":{"a":0,"k":[100,100,100],"l":2}},"ip":0,"op":301,"st":0,"refId":"comp_0","h":1240,"w":1236}],"markers":[]}